ISO-10303-21;
HEADER;
FILE_DESCRIPTION (( 'STEP AP214' ),
    '1' );
FILE_NAME ('µ×¿Ç.STEP',
    '2026-09-07T17:05:44',
    ( '' ),
    ( '' ),
    'SwSTEP 2.0',
    'SolidWorks 2026',
    '' );
FILE_SCHEMA (( 'AUTOMOTIVE_DESIGN' ));
ENDSEC;

DATA;
#1 = EDGE_CURVE ( 'NONE', #1538, #131, #1616, .T. ) ;
#2 = ADVANCED_FACE ( 'NONE', ( #1769 ), #226, .F. ) ;
#3 = DIRECTION ( 'NONE',  ( -0.5000000000000001110, -0.000000000000000000, 0.8660254037844385966 ) ) ;
#4 = DIRECTION ( 'NONE',  ( -0.000000000000000000, 1.000000000000000000, -0.000000000000000000 ) ) ;
#5 = ADVANCED_FACE ( 'NONE', ( #502 ), #1758, .F. ) ;
#6 = CARTESIAN_POINT ( 'NONE',  ( -20.70224001811203252, 0.000000000000000000, 10.11673738234930653 ) ) ;
#7 = VECTOR ( 'NONE', #838, 1000.000000000000000 ) ;
#8 = CARTESIAN_POINT ( 'NONE',  ( -14.39640713212534173, 3.000000000000000000, -23.89581918496360302 ) ) ;
#9 = VECTOR ( 'NONE', #554, 1000.000000000000000 ) ;
#10 = DIRECTION ( 'NONE',  ( -0.000000000000000000, 1.000000000000000000, 0.000000000000000000 ) ) ;
#11 = VERTEX_POINT ( 'NONE', #1628 ) ;
#12 = FACE_BOUND ( 'NONE', #1332, .T. ) ;
#13 = EDGE_CURVE ( 'NONE', #216, #1767, #87, .T. ) ;
#14 = LINE ( 'NONE', #431, #115 ) ;
#15 = EDGE_LOOP ( 'NONE', ( #1785, #199, #675, #369 ) ) ;
#16 = CARTESIAN_POINT ( 'NONE',  ( 20.12620908988085233, 3.000000000000000000, -23.89581918496360302 ) ) ;
#17 = VECTOR ( 'NONE', #243, 1000.000000000000000 ) ;
#18 = VERTEX_POINT ( 'NONE', #652 ) ;
#19 = FACE_OUTER_BOUND ( 'NONE', #1352, .T. ) ;
#20 = EDGE_CURVE ( 'NONE', #131, #541, #584, .T. ) ;
#21 = AXIS2_PLACEMENT_3D ( 'NONE', #528, #806, #1095 ) ;
#22 = ORIENTED_EDGE ( 'NONE', *, *, #878, .T. ) ;
#23 = DIRECTION ( 'NONE',  ( -0.4999999999999998890, 0.000000000000000000, 0.8660254037844385966 ) ) ;
#24 = VECTOR ( 'NONE', #1371, 1000.000000000000114 ) ;
#25 = FACE_OUTER_BOUND ( 'NONE', #1197, .T. ) ;
#26 = CIRCLE ( 'NONE', #389, 4.100000000000006750 ) ;
#27 = CARTESIAN_POINT ( 'NONE',  ( -40.38074827646801879, 0.000000000000000000, 31.68616411250269849 ) ) ;
#28 = ORIENTED_EDGE ( 'NONE', *, *, #124, .T. ) ;
#29 = AXIS2_PLACEMENT_3D ( 'NONE', #1208, #1519, #1808 ) ;
#30 = ORIENTED_EDGE ( 'NONE', *, *, #1283, .F. ) ;
#31 = EDGE_CURVE ( 'NONE', #1266, #384, #121, .T. ) ;
#32 = CARTESIAN_POINT ( 'NONE',  ( -9.980655323423823333, 0.000000000000000000, -33.16917438216527358 ) ) ;
#33 = ADVANCED_FACE ( 'NONE', ( #919 ), #1653, .F. ) ;
#34 = DIRECTION ( 'NONE',  ( 2.861928992782162261E-16, 0.000000000000000000, 1.000000000000000000 ) ) ;
#35 = FACE_OUTER_BOUND ( 'NONE', #1502, .T. ) ;
#36 = EDGE_LOOP ( 'NONE', ( #169, #1188, #804, #1288 ) ) ;
#37 = DIRECTION ( 'NONE',  ( 0.000000000000000000, 0.000000000000000000, 1.000000000000000000 ) ) ;
#38 = ORIENTED_EDGE ( 'NONE', *, *, #858, .F. ) ;
#39 = CARTESIAN_POINT ( 'NONE',  ( -41.56185691933844595, 0.7000000000000000666, 13.71371548124921524 ) ) ;
#40 = LINE ( 'NONE', #461, #1074 ) ;
#41 = DIRECTION ( 'NONE',  ( 0.000000000000000000, -1.000000000000000000, -0.000000000000000000 ) ) ;
#42 = ORIENTED_EDGE ( 'NONE', *, *, #1240, .T. ) ;
#43 = DIRECTION ( 'NONE',  ( -0.000000000000000000, 1.000000000000000000, -0.000000000000000000 ) ) ;
#44 = ORIENTED_EDGE ( 'NONE', *, *, #1457, .F. ) ;
#45 = ORIENTED_EDGE ( 'NONE', *, *, #370, .F. ) ;
#46 = FACE_OUTER_BOUND ( 'NONE', #346, .T. ) ;
#47 = ADVANCED_FACE ( 'NONE', ( #771 ), #378, .F. ) ;
#48 = DIRECTION ( 'NONE',  ( 0.000000000000000000, -1.000000000000000000, 0.000000000000000000 ) ) ;
#49 = ADVANCED_FACE ( 'NONE', ( #214 ), #1071, .F. ) ;
#50 = EDGE_CURVE ( 'NONE', #541, #885, #201, .T. ) ;
#51 = DIRECTION ( 'NONE',  ( 0.000000000000000000, -1.000000000000000000, 0.000000000000000000 ) ) ;
#52 = EDGE_LOOP ( 'NONE', ( #1630, #1081, #1492, #310 ) ) ;
#53 = DIRECTION ( 'NONE',  ( 0.000000000000000000, -1.000000000000000000, 0.000000000000000000 ) ) ;
#54 = DIRECTION ( 'NONE',  ( 0.000000000000000000, 0.000000000000000000, 1.000000000000000000 ) ) ;
#55 = ORIENTED_EDGE ( 'NONE', *, *, #1593, .F. ) ;
#56 = CIRCLE ( 'NONE', #1429, 3.000000000000002665 ) ;
#57 = AXIS2_PLACEMENT_3D ( 'NONE', #1295, #694, #304 ) ;
#58 = ORIENTED_EDGE ( 'NONE', *, *, #215, .T. ) ;
#59 = VERTEX_POINT ( 'NONE', #1349 ) ;
#60 = CARTESIAN_POINT ( 'NONE',  ( 20.12620908988085233, 3.000000000000000000, -21.89581918496360302 ) ) ;
#61 = CARTESIAN_POINT ( 'NONE',  ( -20.70224001811205028, 3.000000000000000000, 4.506203797965721236 ) ) ;
#62 = LINE ( 'NONE', #1637, #916 ) ;
#63 = ORIENTED_EDGE ( 'NONE', *, *, #251, .F. ) ;
#64 = DIRECTION ( 'NONE',  ( 1.561165683983383683E-16, -0.000000000000000000, -1.000000000000000000 ) ) ;
#65 = DIRECTION ( 'NONE',  ( 0.000000000000000000, 1.000000000000000000, 0.000000000000000000 ) ) ;
#66 = ORIENTED_EDGE ( 'NONE', *, *, #1038, .T. ) ;
#67 = ORIENTED_EDGE ( 'NONE', *, *, #1155, .T. ) ;
#68 = VERTEX_POINT ( 'NONE', #639 ) ;
#69 = AXIS2_PLACEMENT_3D ( 'NONE', #1318, #613, #34 ) ;
#70 = LINE ( 'NONE', #634, #1641 ) ;
#71 = CARTESIAN_POINT ( 'NONE',  ( 37.63139720814410794, 3.000000000000000000, -21.72649730810375956 ) ) ;
#72 = LINE ( 'NONE', #636, #1221 ) ;
#73 = EDGE_LOOP ( 'NONE', ( #479, #78, #1213, #89 ) ) ;
#74 = CARTESIAN_POINT ( 'NONE',  ( -41.56185691933844595, 0.7000000000000000666, 5.513715481249206185 ) ) ;
#75 = CARTESIAN_POINT ( 'NONE',  ( 8.580561569927782628, -16.00000000000000000, 14.61673738234829045 ) ) ;
#76 = ADVANCED_FACE ( 'NONE', ( #930 ), #192, .T. ) ;
#77 = ORIENTED_EDGE ( 'NONE', *, *, #744, .F. ) ;
#78 = ORIENTED_EDGE ( 'NONE', *, *, #1757, .F. ) ;
#79 = ADVANCED_FACE ( 'NONE', ( #1780 ), #1500, .F. ) ;
#80 = ORIENTED_EDGE ( 'NONE', *, *, #713, .T. ) ;
#81 = CARTESIAN_POINT ( 'NONE',  ( -20.70224001811206449, 0.000000000000000000, 6.606333959787397848E-14 ) ) ;
#82 = DIRECTION ( 'NONE',  ( 0.000000000000000000, 1.000000000000000000, -0.000000000000000000 ) ) ;
#83 = AXIS2_PLACEMENT_3D ( 'NONE', #429, #995, #289 ) ;
#84 = LINE ( 'NONE', #1243, #768 ) ;
#85 = ORIENTED_EDGE ( 'NONE', *, *, #1422, .T. ) ;
#86 = DIRECTION ( 'NONE',  ( 0.000000000000000000, 0.000000000000000000, 1.000000000000000000 ) ) ;
#87 = LINE ( 'NONE', #341, #24 ) ;
#88 = ORIENTED_EDGE ( 'NONE', *, *, #1033, .T. ) ;
#89 = ORIENTED_EDGE ( 'NONE', *, *, #658, .F. ) ;
#90 = EDGE_LOOP ( 'NONE', ( #631, #630, #1057, #1778 ) ) ;
#91 = ADVANCED_FACE ( 'NONE', ( #1340 ), #791, .F. ) ;
#92 = VERTEX_POINT ( 'NONE', #1675 ) ;
#93 = CIRCLE ( 'NONE', #1134, 4.100000000000006750 ) ;
#94 = LINE ( 'NONE', #363, #208 ) ;
#95 = CYLINDRICAL_SURFACE ( 'NONE', #899, 2.000000000000001776 ) ;
#96 = EDGE_CURVE ( 'NONE', #1476, #789, #1333, .T. ) ;
#97 = CARTESIAN_POINT ( 'NONE',  ( 40.94926914912279869, 3.000000000000000000, 31.35792843363552507 ) ) ;
#98 = VECTOR ( 'NONE', #1515, 1000.000000000000000 ) ;
#99 = ORIENTED_EDGE ( 'NONE', *, *, #1267, .T. ) ;
#100 = CARTESIAN_POINT ( 'NONE',  ( 42.63139720814410794, 3.000000000000000000, -30.38675134594814509 ) ) ;
#101 = DIRECTION ( 'NONE',  ( -0.000000000000000000, 0.000000000000000000, 1.000000000000000000 ) ) ;
#102 = ORIENTED_EDGE ( 'NONE', *, *, #167, .T. ) ;
#103 = APPLICATION_PROTOCOL_DEFINITION ( 'draft international standard', 'automotive_design', 1998, #1415 ) ;
#104 = CARTESIAN_POINT ( 'NONE',  ( 41.05860311233816873, 3.000000000000000000, 8.325866583872960192 ) ) ;
#105 = DIRECTION ( 'NONE',  ( 1.000000000000000000, -0.000000000000000000, -0.000000000000000000 ) ) ;
#106 = LINE ( 'NONE', #958, #1402 ) ;
#107 = EDGE_CURVE ( 'NONE', #494, #592, #123, .T. ) ;
#108 = DIRECTION ( 'NONE',  ( -0.000000000000000000, -1.000000000000000000, -0.000000000000000000 ) ) ;
#109 = VERTEX_POINT ( 'NONE', #842 ) ;
#110 = EDGE_LOOP ( 'NONE', ( #1710, #155, #1643, #1714 ) ) ;
#111 = ORIENTED_EDGE ( 'NONE', *, *, #1797, .T. ) ;
#112 = FACE_OUTER_BOUND ( 'NONE', #1373, .T. ) ;
#113 = DIRECTION ( 'NONE',  ( 0.000000000000000000, 0.000000000000000000, 1.000000000000000000 ) ) ;
#114 = AXIS2_PLACEMENT_3D ( 'NONE', #394, #509, #826 ) ;
#115 = VECTOR ( 'NONE', #992, 1000.000000000000000 ) ;
#116 = CARTESIAN_POINT ( 'NONE',  ( 14.66760724610477418, 0.7000000000000000666, -37.94555364585786350 ) ) ;
#117 = EDGE_CURVE ( 'NONE', #109, #906, #1531, .T. ) ;
#118 = CARTESIAN_POINT ( 'NONE',  ( -33.95904724051958112, 0.000000000000000000, -25.63738129795654430 ) ) ;
#119 = ORIENTED_EDGE ( 'NONE', *, *, #1242, .F. ) ;
#120 = ORIENTED_EDGE ( 'NONE', *, *, #1740, .F. ) ;
#121 = CIRCLE ( 'NONE', #1629, 1.999999999999998224 ) ;
#122 = DIRECTION ( 'NONE',  ( 0.8660254037844387076, 0.000000000000000000, 0.4999999999999997224 ) ) ;
#123 = LINE ( 'NONE', #1731, #1668 ) ;
#124 = EDGE_CURVE ( 'NONE', #68, #725, #1100, .T. ) ;
#125 = AXIS2_PLACEMENT_3D ( 'NONE', #1116, #139, #1094 ) ;
#126 = VECTOR ( 'NONE', #1814, 1000.000000000000000 ) ;
#127 = CARTESIAN_POINT ( 'NONE',  ( -10.58056156992772756, -16.00000000000000000, 14.11673738234929942 ) ) ;
#128 = AXIS2_PLACEMENT_3D ( 'NONE', #1720, #1579, #305 ) ;
#129 = PLANE ( 'NONE',  #114 ) ;
#130 = CARTESIAN_POINT ( 'NONE',  ( 8.580561569927782628, 3.000000000000000000, 14.61673738234829045 ) ) ;
#131 = VERTEX_POINT ( 'NONE', #832 ) ;
#132 = PRESENTATION_LAYER_ASSIGNMENT (  '', '', ( #693 ) ) ;
#133 = CARTESIAN_POINT ( 'NONE',  ( -14.39640713212534173, 3.000000000000000000, -21.89581918496360302 ) ) ;
#134 = LINE ( 'NONE', #1238, #1389 ) ;
#135 = DIRECTION ( 'NONE',  ( -0.000000000000000000, 1.000000000000000000, -0.000000000000000000 ) ) ;
#136 = DIRECTION ( 'NONE',  ( 0.000000000000000000, 0.000000000000000000, 1.000000000000000000 ) ) ;
#137 = DIRECTION ( 'NONE',  ( 0.000000000000000000, 0.000000000000000000, 1.000000000000000000 ) ) ;
#138 = LINE ( 'NONE', #565, #1818 ) ;
#139 = DIRECTION ( 'NONE',  ( 0.000000000000000000, -1.000000000000000000, 0.000000000000000000 ) ) ;
#140 = EDGE_CURVE ( 'NONE', #650, #1717, #869, .T. ) ;
#141 = LINE ( 'NONE', #8, #1442 ) ;
#142 = LINE ( 'NONE', #1446, #1572 ) ;
#143 = EDGE_CURVE ( 'NONE', #1523, #570, #142, .T. ) ;
#144 = DIRECTION ( 'NONE',  ( -1.000000000000000000, 0.000000000000000000, 0.000000000000000000 ) ) ;
#145 = CYLINDRICAL_SURFACE ( 'NONE', #1513, 4.100000000000004974 ) ;
#146 = DIRECTION ( 'NONE',  ( -0.8660254037844387076, 0.000000000000000000, -0.4999999999999999445 ) ) ;
#147 = CARTESIAN_POINT ( 'NONE',  ( -20.37296016883708916, 0.000000000000000000, -39.16917438216527358 ) ) ;
#148 = ADVANCED_FACE ( 'NONE', ( #1541 ), #1018, .F. ) ;
#149 = VECTOR ( 'NONE', #830, 1000.000000000000000 ) ;
#150 = CARTESIAN_POINT ( 'NONE',  ( 0.000000000000000000, 0.000000000000000000, 0.000000000000000000 ) ) ;
#151 = DIRECTION ( 'NONE',  ( 0.000000000000000000, -1.000000000000000000, -0.000000000000000000 ) ) ;
#152 = ORIENTED_EDGE ( 'NONE', *, *, #669, .T. ) ;
#153 = PLANE ( 'NONE',  #57 ) ;
#154 = CARTESIAN_POINT ( 'NONE',  ( 10.58056156992778263, 3.000000000000000000, 12.61673738234829045 ) ) ;
#155 = ORIENTED_EDGE ( 'NONE', *, *, #878, .F. ) ;
#156 = DIRECTION ( 'NONE',  ( 0.000000000000000000, 0.000000000000000000, 1.000000000000000000 ) ) ;
#157 = ORIENTED_EDGE ( 'NONE', *, *, #1240, .F. ) ;
#158 = FACE_BOUND ( 'NONE', #1468, .T. ) ;
#159 = ADVANCED_FACE ( 'NONE', ( #1250 ), #1406, .F. ) ;
#160 = AXIS2_PLACEMENT_3D ( 'NONE', #701, #1555, #428 ) ;
#161 = ORIENTED_EDGE ( 'NONE', *, *, #1315, .T. ) ;
#162 = LINE ( 'NONE', #726, #1553 ) ;
#163 = CYLINDRICAL_SURFACE ( 'NONE', #1407, 4.100000000000006750 ) ;
#164 = LINE ( 'NONE', #1827, #1335 ) ;
#165 = AXIS2_PLACEMENT_3D ( 'NONE', #104, #1404, #668 ) ;
#166 = ORIENTED_EDGE ( 'NONE', *, *, #567, .T. ) ;
#167 = EDGE_CURVE ( 'NONE', #1802, #494, #1005, .T. ) ;
#168 = CIRCLE ( 'NONE', #946, 10.00000000000000000 ) ;
#169 = ORIENTED_EDGE ( 'NONE', *, *, #1315, .F. ) ;
#170 = DIRECTION ( 'NONE',  ( 0.000000000000000000, 0.000000000000000000, 1.000000000000000000 ) ) ;
#171 = CARTESIAN_POINT ( 'NONE',  ( 0.000000000000000000, 0.7000000000000000666, 46.86226820536240467 ) ) ;
#172 = AXIS2_PLACEMENT_3D ( 'NONE', #1087, #972, #667 ) ;
#173 = DIRECTION ( 'NONE',  ( -0.000000000000000000, 1.000000000000000000, 0.000000000000000000 ) ) ;
#174 = ORIENTED_EDGE ( 'NONE', *, *, #763, .T. ) ;
#175 = CARTESIAN_POINT ( 'NONE',  ( -7.002838850263500170, 3.000000000000000000, -50.95690910470881363 ) ) ;
#176 = AXIS2_PLACEMENT_3D ( 'NONE', #983, #1385, #1805 ) ;
#177 = VERTEX_POINT ( 'NONE', #399 ) ;
#178 = FACE_OUTER_BOUND ( 'NONE', #1019, .T. ) ;
#179 = CARTESIAN_POINT ( 'NONE',  ( 20.12620908988085233, -16.00000000000000000, -23.89581918496360302 ) ) ;
#180 = DIRECTION ( 'NONE',  ( 0.000000000000000000, 1.000000000000000000, 0.000000000000000000 ) ) ;
#181 = ORIENTED_EDGE ( 'NONE', *, *, #414, .T. ) ;
#182 = FACE_OUTER_BOUND ( 'NONE', #1149, .T. ) ;
#183 = EDGE_CURVE ( 'NONE', #354, #339, #1816, .T. ) ;
#184 = VERTEX_POINT ( 'NONE', #1261 ) ;
#185 = EDGE_CURVE ( 'NONE', #1103, #1312, #282, .T. ) ;
#186 = CYLINDRICAL_SURFACE ( 'NONE', #645, 3.999999999999996447 ) ;
#187 = CARTESIAN_POINT ( 'NONE',  ( -10.58056156992772756, 0.000000000000000000, 12.11673738234929942 ) ) ;
#188 = VECTOR ( 'NONE', #1311, 1000.000000000000000 ) ;
#189 = CARTESIAN_POINT ( 'NONE',  ( -16.39640713212533640, 2.999999999999999112, -13.77306225876584023 ) ) ;
#190 = ORIENTED_EDGE ( 'NONE', *, *, #124, .F. ) ;
#191 = DIRECTION ( 'NONE',  ( -0.000000000000000000, 1.000000000000000000, 0.000000000000000000 ) ) ;
#192 = CYLINDRICAL_SURFACE ( 'NONE', #915, 1.999999999999998224 ) ;
#193 = ORIENTED_EDGE ( 'NONE', *, *, #241, .F. ) ;
#194 = ORIENTED_EDGE ( 'NONE', *, *, #470, .T. ) ;
#195 = DIRECTION ( 'NONE',  ( -0.000000000000000000, 1.000000000000000000, 0.000000000000000000 ) ) ;
#196 = DIRECTION ( 'NONE',  ( 0.000000000000000000, 0.000000000000000000, 1.000000000000000000 ) ) ;
#197 = DIRECTION ( 'NONE',  ( 0.000000000000000000, 0.000000000000000000, 1.000000000000000000 ) ) ;
#198 = AXIS2_PLACEMENT_3D ( 'NONE', #522, #1660, #1521 ) ;
#199 = ORIENTED_EDGE ( 'NONE', *, *, #657, .T. ) ;
#200 = DIRECTION ( 'NONE',  ( 0.000000000000000000, 0.000000000000000000, 1.000000000000000000 ) ) ;
#201 = LINE ( 'NONE', #1465, #688 ) ;
#202 = ORIENTED_EDGE ( 'NONE', *, *, #1586, .F. ) ;
#203 = AXIS2_PLACEMENT_3D ( 'NONE', #418, #1012, #546 ) ;
#204 = CIRCLE ( 'NONE', #1256, 1.999999999999998224 ) ;
#205 = CIRCLE ( 'NONE', #1258, 2.000000000000000000 ) ;
#206 = VERTEX_POINT ( 'NONE', #261 ) ;
#207 = EDGE_LOOP ( 'NONE', ( #372, #1634, #1154, #483 ) ) ;
#208 = VECTOR ( 'NONE', #1064, 1000.000000000000000 ) ;
#209 = CARTESIAN_POINT ( 'NONE',  ( -35.23373567229765513, 3.000000000000000000, -24.09622283696327472 ) ) ;
#210 = ADVANCED_FACE ( 'NONE', ( #1303 ), #1694, .F. ) ;
#211 = LINE ( 'NONE', #778, #1401 ) ;
#212 = EDGE_LOOP ( 'NONE', ( #1222, #1771, #1588, #1000 ) ) ;
#213 = CARTESIAN_POINT ( 'NONE',  ( -22.97103638019040872, 19.00000000000000000, -40.66917438216527358 ) ) ;
#214 = FACE_OUTER_BOUND ( 'NONE', #482, .T. ) ;
#215 = EDGE_CURVE ( 'NONE', #541, #1034, #1839, .T. ) ;
#216 = VERTEX_POINT ( 'NONE', #27 ) ;
#217 = ORIENTED_EDGE ( 'NONE', *, *, #1491, .F. ) ;
#218 = VERTEX_POINT ( 'NONE', #687 ) ;
#219 = EDGE_LOOP ( 'NONE', ( #474, #1498 ) ) ;
#220 = VECTOR ( 'NONE', #468, 1000.000000000000000 ) ;
#221 = CARTESIAN_POINT ( 'NONE',  ( 0.000000000000000000, 0.000000000000000000, 12.11673738234929942 ) ) ;
#222 = DIRECTION ( 'NONE',  ( 0.000000000000000000, 1.000000000000000000, 0.000000000000000000 ) ) ;
#223 = DIRECTION ( 'NONE',  ( -0.000000000000000000, 1.000000000000000000, -0.000000000000000000 ) ) ;
#224 = ORIENTED_EDGE ( 'NONE', *, *, #1232, .T. ) ;
#225 = LINE ( 'NONE', #790, #1097 ) ;
#226 = PLANE ( 'NONE',  #1061 ) ;
#227 = VERTEX_POINT ( 'NONE', #1119 ) ;
#228 = VERTEX_POINT ( 'NONE', #729 ) ;
#229 = ORIENTED_EDGE ( 'NONE', *, *, #117, .F. ) ;
#230 = ADVANCED_FACE ( 'NONE', ( #705 ), #582, .F. ) ;
#231 = DIRECTION ( 'NONE',  ( 0.000000000000000000, -1.000000000000000000, 0.000000000000000000 ) ) ;
#232 = DIRECTION ( 'NONE',  ( -0.000000000000000000, 1.000000000000000000, 0.000000000000000000 ) ) ;
#233 = CIRCLE ( 'NONE', #1376, 2.000000000000001776 ) ;
#234 = CARTESIAN_POINT ( 'NONE',  ( 47.63139720814410794, 3.000000000000000000, -27.50000000000001776 ) ) ;
#235 = ORIENTED_EDGE ( 'NONE', *, *, #1625, .T. ) ;
#236 = DIRECTION ( 'NONE',  ( 0.000000000000000000, -1.000000000000000000, 0.000000000000000000 ) ) ;
#237 = CARTESIAN_POINT ( 'NONE',  ( 10.58056156992778263, 0.000000000000000000, 14.61673738234829045 ) ) ;
#238 = EDGE_LOOP ( 'NONE', ( #396, #1796, #485, #1159, #1580, #343, #435, #1341, #640, #1671, #1306, #174 ) ) ;
#239 = ORIENTED_EDGE ( 'NONE', *, *, #1563, .F. ) ;
#240 = CARTESIAN_POINT ( 'NONE',  ( -20.37296016883708560, 3.000000000000000000, -39.16917438216527358 ) ) ;
#241 = EDGE_CURVE ( 'NONE', #380, #384, #164, .T. ) ;
#242 = VECTOR ( 'NONE', #662, 1000.000000000000000 ) ;
#243 = DIRECTION ( 'NONE',  ( -0.000000000000000000, 1.000000000000000000, -0.000000000000000000 ) ) ;
#244 = CARTESIAN_POINT ( 'NONE',  ( 14.66760724610477418, 0.7000000000000000666, -33.84555364585785497 ) ) ;
#245 = AXIS2_PLACEMENT_3D ( 'NONE', #476, #1728, #311 ) ;
#246 = ORIENTED_EDGE ( 'NONE', *, *, #1104, .T. ) ;
#247 = DIRECTION ( 'NONE',  ( 2.523234146875355012E-16, 0.000000000000000000, 1.000000000000000000 ) ) ;
#248 = ORIENTED_EDGE ( 'NONE', *, *, #183, .T. ) ;
#249 = VERTEX_POINT ( 'NONE', #497 ) ;
#250 = CARTESIAN_POINT ( 'NONE',  ( 0.000000000000000000, 3.000000000000000000, 50.96226820536241320 ) ) ;
#251 = EDGE_CURVE ( 'NONE', #494, #131, #62, .T. ) ;
#252 = ADVANCED_FACE ( 'NONE', ( #606 ), #1745, .T. ) ;
#253 = EDGE_CURVE ( 'NONE', #228, #1755, #1157, .T. ) ;
#254 = CARTESIAN_POINT ( 'NONE',  ( 18.12620908988084878, 3.000000000000000000, -23.89581918496360302 ) ) ;
#255 = PRESENTATION_STYLE_ASSIGNMENT (( #1638 ) ) ;
#256 = VERTEX_POINT ( 'NONE', #1024 ) ;
#257 = ORIENTED_EDGE ( 'NONE', *, *, #1625, .F. ) ;
#258 = LINE ( 'NONE', #1549, #612 ) ;
#259 = CARTESIAN_POINT ( 'NONE',  ( 0.000000000000000000, 0.7000000000000000666, 50.96226820536241320 ) ) ;
#260 = VECTOR ( 'NONE', #538, 1000.000000000000227 ) ;
#261 = CARTESIAN_POINT ( 'NONE',  ( -9.980655323423823333, 2.999999999999999112, -33.16917438216527358 ) ) ;
#262 = EDGE_CURVE ( 'NONE', #1726, #928, #211, .T. ) ;
#263 = VECTOR ( 'NONE', #691, 1000.000000000000000 ) ;
#264 = CYLINDRICAL_SURFACE ( 'NONE', #160, 2.000000000000000000 ) ;
#265 = DIRECTION ( 'NONE',  ( -0.8660254037844387076, 0.000000000000000000, -0.4999999999999998890 ) ) ;
#266 = ORIENTED_EDGE ( 'NONE', *, *, #432, .F. ) ;
#267 = DIRECTION ( 'NONE',  ( -0.8660254037844387076, 0.000000000000000000, -0.4999999999999999445 ) ) ;
#268 = DIRECTION ( 'NONE',  ( 0.000000000000000000, 0.000000000000000000, 1.000000000000000000 ) ) ;
#269 = CARTESIAN_POINT ( 'NONE',  ( -6.580561569927728449, -16.00000000000000000, 21.72845661736575096 ) ) ;
#270 = AXIS2_PLACEMENT_3D ( 'NONE', #638, #918, #1640 ) ;
#271 = CYLINDRICAL_SURFACE ( 'NONE', #1017, 4.100000000000004974 ) ;
#272 = CIRCLE ( 'NONE', #690, 4.100000000000006750 ) ;
#273 = DIRECTION ( 'NONE',  ( -0.000000000000000000, 1.000000000000000000, -0.000000000000000000 ) ) ;
#274 = PRODUCT_DEFINITION_SHAPE ( 'NONE', 'NONE',  #1277 ) ;
#275 = EDGE_CURVE ( 'NONE', #227, #1476, #1337, .T. ) ;
#276 = CARTESIAN_POINT ( 'NONE',  ( -14.39640713212533818, -16.00000000000000000, -13.77306225876584023 ) ) ;
#277 = ORIENTED_EDGE ( 'NONE', *, *, #879, .F. ) ;
#278 = CIRCLE ( 'NONE', #1453, 4.100000000000004974 ) ;
#279 = AXIS2_PLACEMENT_3D ( 'NONE', #646, #1365, #1775 ) ;
#280 = PLANE ( 'NONE',  #172 ) ;
#281 = CARTESIAN_POINT ( 'NONE',  ( -10.58056156992773111, 3.000000000000000000, 12.11673738234929942 ) ) ;
#282 = LINE ( 'NONE', #975, #443 ) ;
#283 = DIRECTION ( 'NONE',  ( 0.000000000000000000, 1.000000000000000000, 0.000000000000000000 ) ) ;
#284 = LINE ( 'NONE', #837, #1279 ) ;
#285 = CARTESIAN_POINT ( 'NONE',  ( 14.66760724610477418, 0.7000000000000000666, -37.94555364585786350 ) ) ;
#286 = CARTESIAN_POINT ( 'NONE',  ( 41.05860311233816873, 3.000000000000000000, 12.42586658387296517 ) ) ;
#287 = EDGE_CURVE ( 'NONE', #301, #803, #56, .T. ) ;
#288 = CARTESIAN_POINT ( 'NONE',  ( 5.021051876504147385E-16, 0.7000000000000000666, 42.76226820536240325 ) ) ;
#289 = DIRECTION ( 'NONE',  ( 5.046468293750710023E-16, 0.000000000000000000, 1.000000000000000000 ) ) ;
#290 = EDGE_LOOP ( 'NONE', ( #296, #505, #1821, #1215 ) ) ;
#291 = FACE_OUTER_BOUND ( 'NONE', #52, .T. ) ;
#292 = DIRECTION ( 'NONE',  ( -0.5000000000000000000, 0.000000000000000000, 0.8660254037844387076 ) ) ;
#293 = ORIENTED_EDGE ( 'NONE', *, *, #1065, .T. ) ;
#294 = FACE_OUTER_BOUND ( 'NONE', #800, .T. ) ;
#295 = EDGE_CURVE ( 'NONE', #924, #1450, #616, .T. ) ;
#296 = ORIENTED_EDGE ( 'NONE', *, *, #1377, .F. ) ;
#297 = AXIS2_PLACEMENT_3D ( 'NONE', #448, #1585, #555 ) ;
#298 = DIRECTION ( 'NONE',  ( -0.5130419639691983225, 0.000000000000000000, -0.8583635262559958790 ) ) ;
#299 = CIRCLE ( 'NONE', #536, 2.000000000000001776 ) ;
#300 = VECTOR ( 'NONE', #1123, 1000.000000000000000 ) ;
#301 = VERTEX_POINT ( 'NONE', #1345 ) ;
#302 = ADVANCED_FACE ( 'NONE', ( #328 ), #746, .F. ) ;
#303 = CARTESIAN_POINT ( 'NONE',  ( -21.87296016883708916, 19.00000000000000000, -36.57109817081195757 ) ) ;
#304 = DIRECTION ( 'NONE',  ( -2.523234146875355012E-16, 0.000000000000000000, -1.000000000000000000 ) ) ;
#305 = DIRECTION ( 'NONE',  ( -1.000000000000000000, 0.000000000000000000, -0.000000000000000000 ) ) ;
#306 = ADVANCED_BREP_SHAPE_REPRESENTATION ( '\X2\5e9558f3\X0\', ( #1285, #711 ), #649 ) ;
#307 = ORIENTED_EDGE ( 'NONE', *, *, #1566, .F. ) ;
#308 = EDGE_CURVE ( 'NONE', #1767, #228, #625, .T. ) ;
#309 = AXIS2_PLACEMENT_3D ( 'NONE', #891, #1753, #1325 ) ;
#310 = ORIENTED_EDGE ( 'NONE', *, *, #855, .F. ) ;
#311 = DIRECTION ( 'NONE',  ( 0.000000000000000000, 0.000000000000000000, 1.000000000000000000 ) ) ;
#312 = FACE_OUTER_BOUND ( 'NONE', #290, .T. ) ;
#313 = CARTESIAN_POINT ( 'NONE',  ( -1.696174065399544329E-14, 3.000000000000000000, -55.00000000000000711 ) ) ;
#314 = ORIENTED_EDGE ( 'NONE', *, *, #1296, .T. ) ;
#315 = VECTOR ( 'NONE', #422, 1000.000000000000000 ) ;
#316 = ORIENTED_EDGE ( 'NONE', *, *, #1813, .F. ) ;
#317 = CARTESIAN_POINT ( 'NONE',  ( 0.000000000000000000, 0.7000000000000000666, 50.96226820536241320 ) ) ;
#318 = CARTESIAN_POINT ( 'NONE',  ( 20.12620908988085233, 0.000000000000000000, -21.89581918496360302 ) ) ;
#319 = DIRECTION ( 'NONE',  ( -0.000000000000000000, 1.000000000000000000, 0.000000000000000000 ) ) ;
#320 = ORIENTED_EDGE ( 'NONE', *, *, #966, .T. ) ;
#321 = DIRECTION ( 'NONE',  ( 0.000000000000000000, -1.000000000000000000, -0.000000000000000000 ) ) ;
#322 = EDGE_CURVE ( 'NONE', #665, #789, #927, .T. ) ;
#323 = AXIS2_PLACEMENT_3D ( 'NONE', #1705, #1698, #1282 ) ;
#324 = CIRCLE ( 'NONE', #566, 2.000000000000000000 ) ;
#325 = ORIENTED_EDGE ( 'NONE', *, *, #1647, .F. ) ;
#326 = DIRECTION ( 'NONE',  ( 0.8660254037844385966, 0.000000000000000000, 0.4999999999999999445 ) ) ;
#327 = CARTESIAN_POINT ( 'NONE',  ( 18.12620908988085233, 2.999999999999999112, 10.61673738234828868 ) ) ;
#328 = FACE_OUTER_BOUND ( 'NONE', #36, .T. ) ;
#329 = ORIENTED_EDGE ( 'NONE', *, *, #253, .T. ) ;
#330 = DIRECTION ( 'NONE',  ( 0.000000000000000000, 0.000000000000000000, 1.000000000000000000 ) ) ;
#331 = DIRECTION ( 'NONE',  ( -0.8660254037844385966, 0.000000000000000000, -0.5000000000000001110 ) ) ;
#332 = EDGE_CURVE ( 'NONE', #466, #793, #299, .T. ) ;
#333 = VERTEX_POINT ( 'NONE', #635 ) ;
#334 = ORIENTED_EDGE ( 'NONE', *, *, #818, .T. ) ;
#335 = DIRECTION ( 'NONE',  ( 0.000000000000000000, 0.000000000000000000, 1.000000000000000000 ) ) ;
#336 = DIRECTION ( 'NONE',  ( 0.000000000000000000, -1.000000000000000000, -0.000000000000000000 ) ) ;
#337 = AXIS2_PLACEMENT_3D ( 'NONE', #1264, #692, #1830 ) ;
#338 = CARTESIAN_POINT ( 'NONE',  ( -33.95904724051958112, 2.999999999999999112, -23.63738129795654785 ) ) ;
#339 = VERTEX_POINT ( 'NONE', #884 ) ;
#340 = CARTESIAN_POINT ( 'NONE',  ( 42.63139720814410794, 0.000000000000000000, -30.38675134594814153 ) ) ;
#341 = CARTESIAN_POINT ( 'NONE',  ( -47.63139720814413636, 0.000000000000000000, 27.50000000000002132 ) ) ;
#342 = CIRCLE ( 'NONE', #904, 4.100000000000004974 ) ;
#343 = ORIENTED_EDGE ( 'NONE', *, *, #523, .T. ) ;
#344 = VERTEX_POINT ( 'NONE', #1613 ) ;
#345 = EDGE_CURVE ( 'NONE', #885, #1538, #1573, .T. ) ;
#346 = EDGE_LOOP ( 'NONE', ( #1520, #695, #1448, #1682 ) ) ;
#347 = CARTESIAN_POINT ( 'NONE',  ( -8.580561569927725785, 0.000000000000000000, -1.281886109296460042E-15 ) ) ;
#348 = VECTOR ( 'NONE', #1489, 1000.000000000000000 ) ;
#349 = CYLINDRICAL_SURFACE ( 'NONE', #673, 4.100000000000006750 ) ;
#350 = AXIS2_PLACEMENT_3D ( 'NONE', #1321, #1070, #37 ) ;
#351 = VERTEX_POINT ( 'NONE', #892 ) ;
#352 = CARTESIAN_POINT ( 'NONE',  ( 18.12620908988084878, -16.00000000000000000, -21.89581918496360302 ) ) ;
#353 = DIRECTION ( 'NONE',  ( 0.000000000000000000, -1.000000000000000000, -0.000000000000000000 ) ) ;
#354 = VERTEX_POINT ( 'NONE', #1066 ) ;
#355 = ORIENTED_EDGE ( 'NONE', *, *, #460, .F. ) ;
#356 = AXIS2_PLACEMENT_3D ( 'NONE', #313, #1440, #1107 ) ;
#357 = AXIS2_PLACEMENT_3D ( 'NONE', #269, #1164, #984 ) ;
#358 = AXIS2_PLACEMENT_3D ( 'NONE', #118, #1380, #1789 ) ;
#359 = UNCERTAINTY_MEASURE_WITH_UNIT (LENGTH_MEASURE( 1.000000000000000082E-05 ), #516, 'distance_accuracy_value', 'NONE');
#360 = ORIENTED_EDGE ( 'NONE', *, *, #409, .T. ) ;
#361 = ORIENTED_EDGE ( 'NONE', *, *, #1176, .F. ) ;
#362 = VECTOR ( 'NONE', #231, 1000.000000000000000 ) ;
#363 = CARTESIAN_POINT ( 'NONE',  ( 41.05860311233816873, 0.7000000000000000666, 12.42586658387296517 ) ) ;
#364 = PLANE ( 'NONE',  #1481 ) ;
#365 = EDGE_LOOP ( 'NONE', ( #1741, #683 ) ) ;
#366 = DIRECTION ( 'NONE',  ( 0.000000000000000000, 0.000000000000000000, 1.000000000000000000 ) ) ;
#367 = ADVANCED_FACE ( 'NONE', ( #35 ), #364, .F. ) ;
#368 = DIRECTION ( 'NONE',  ( -0.8660254037844385966, 0.000000000000000000, 0.4999999999999998890 ) ) ;
#369 = ORIENTED_EDGE ( 'NONE', *, *, #1484, .F. ) ;
#370 = EDGE_CURVE ( 'NONE', #384, #18, #204, .T. ) ;
#371 = ORIENTED_EDGE ( 'NONE', *, *, #1232, .F. ) ;
#372 = ORIENTED_EDGE ( 'NONE', *, *, #1548, .F. ) ;
#373 = LINE ( 'NONE', #221, #1823 ) ;
#374 = LINE ( 'NONE', #810, #1239 ) ;
#375 = FACE_OUTER_BOUND ( 'NONE', #960, .T. ) ;
#376 = ORIENTED_EDGE ( 'NONE', *, *, #1220, .F. ) ;
#377 = DIRECTION ( 'NONE',  ( 0.000000000000000000, 0.000000000000000000, 1.000000000000000000 ) ) ;
#378 = PLANE ( 'NONE',  #1721 ) ;
#379 = VERTEX_POINT ( 'NONE', #478 ) ;
#380 = VERTEX_POINT ( 'NONE', #1043 ) ;
#381 = CARTESIAN_POINT ( 'NONE',  ( -7.002838850263500170, -7.099999999999999645, -50.95690910470881363 ) ) ;
#382 = LINE ( 'NONE', #1230, #1709 ) ;
#383 = DIRECTION ( 'NONE',  ( -0.8660254037844387076, 0.000000000000000000, -0.4999999999999998890 ) ) ;
#384 = VERTEX_POINT ( 'NONE', #338 ) ;
#385 = DIRECTION ( 'NONE',  ( 1.000000000000000000, 0.000000000000000000, -0.000000000000000000 ) ) ;
#386 = ORIENTED_EDGE ( 'NONE', *, *, #1593, .T. ) ;
#387 = EDGE_CURVE ( 'NONE', #333, #665, #905, .T. ) ;
#388 = ORIENTED_EDGE ( 'NONE', *, *, #295, .F. ) ;
#389 = AXIS2_PLACEMENT_3D ( 'NONE', #627, #1487, #1210 ) ;
#390 = ADVANCED_FACE ( 'NONE', ( #598 ), #349, .F. ) ;
#391 = PLANE ( 'NONE',  #854 ) ;
#392 = CARTESIAN_POINT ( 'NONE',  ( 20.12620908988085233, 3.000000000000000000, -23.89581918496360302 ) ) ;
#393 = EDGE_CURVE ( 'NONE', #1783, #1811, #1386, .T. ) ;
#394 = CARTESIAN_POINT ( 'NONE',  ( 40.94926914912279869, -7.099999999999999645, 31.35792843363552507 ) ) ;
#395 = DIRECTION ( 'NONE',  ( 1.000000000000000000, -0.000000000000000000, 2.992101068820010943E-14 ) ) ;
#396 = ORIENTED_EDGE ( 'NONE', *, *, #459, .F. ) ;
#397 = EDGE_LOOP ( 'NONE', ( #1010, #355, #970, #828 ) ) ;
#398 = CARTESIAN_POINT ( 'NONE',  ( -33.97387595775362001, 0.000000000000000000, 8.388302793703902083 ) ) ;
#399 = CARTESIAN_POINT ( 'NONE',  ( -44.36618080316688406, 0.000000000000000000, 2.388302793703898086 ) ) ;
#400 = AXIS2_PLACEMENT_3D ( 'NONE', #454, #48, #1051 ) ;
#401 = DIRECTION ( 'NONE',  ( 0.000000000000000000, 0.000000000000000000, 1.000000000000000000 ) ) ;
#402 = CARTESIAN_POINT ( 'NONE',  ( -14.39640713212534173, 0.000000000000000000, -21.89581918496360302 ) ) ;
#403 = DIRECTION ( 'NONE',  ( 0.000000000000000000, 1.000000000000000000, 0.000000000000000000 ) ) ;
#404 = ORIENTED_EDGE ( 'NONE', *, *, #387, .F. ) ;
#405 = EDGE_LOOP ( 'NONE', ( #552, #1751, #293, #880 ) ) ;
#406 = FACE_OUTER_BOUND ( 'NONE', #1587, .T. ) ;
#407 = CARTESIAN_POINT ( 'NONE',  ( 41.05860311233816873, 0.7000000000000000666, 8.325866583872960192 ) ) ;
#408 = DIRECTION ( 'NONE',  ( 0.000000000000000000, 0.000000000000000000, 1.000000000000000000 ) ) ;
#409 = EDGE_CURVE ( 'NONE', #1664, #934, #948, .T. ) ;
#410 = AXIS2_PLACEMENT_3D ( 'NONE', #1268, #1126, #704 ) ;
#411 = CARTESIAN_POINT ( 'NONE',  ( -42.86618080316688406, 0.000000000000000000, -0.2097734176494253644 ) ) ;
#412 = DIRECTION ( 'NONE',  ( -0.000000000000000000, -1.000000000000000000, -0.000000000000000000 ) ) ;
#413 = CARTESIAN_POINT ( 'NONE',  ( -14.39640713212533818, 3.000000000000000000, -13.77306225876584023 ) ) ;
#414 = EDGE_CURVE ( 'NONE', #665, #1631, #1466, .T. ) ;
#415 = ORIENTED_EDGE ( 'NONE', *, *, #185, .F. ) ;
#416 = VECTOR ( 'NONE', #865, 1000.000000000000114 ) ;
#417 = LINE ( 'NONE', #1666, #1228 ) ;
#418 = CARTESIAN_POINT ( 'NONE',  ( -6.580561569927728449, 0.000000000000000000, 21.72845661736575096 ) ) ;
#419 = AXIS2_PLACEMENT_3D ( 'NONE', #1358, #236, #940 ) ;
#420 = LINE ( 'NONE', #977, #492 ) ;
#421 =( GEOMETRIC_REPRESENTATION_CONTEXT ( 3 ) GLOBAL_UNCERTAINTY_ASSIGNED_CONTEXT ( ( #1108 ) ) GLOBAL_UNIT_ASSIGNED_CONTEXT ( ( #520, #1388, #811 ) ) REPRESENTATION_CONTEXT ( 'NONE', 'WORKASPACE' ) );
#422 = DIRECTION ( 'NONE',  ( -0.5000000000000001110, -0.000000000000000000, 0.8660254037844385966 ) ) ;
#423 = FACE_BOUND ( 'NONE', #365, .T. ) ;
#424 = EDGE_CURVE ( 'NONE', #1044, #1655, #433, .T. ) ;
#425 = CIRCLE ( 'NONE', #1073, 3.999999999999996447 ) ;
#426 = CARTESIAN_POINT ( 'NONE',  ( -32.22699643295070615, 19.00000000000000000, -24.63738129795654075 ) ) ;
#427 = EDGE_CURVE ( 'NONE', #1569, #1316, #1788, .T. ) ;
#428 = DIRECTION ( 'NONE',  ( 0.000000000000000000, 0.000000000000000000, 1.000000000000000000 ) ) ;
#429 = CARTESIAN_POINT ( 'NONE',  ( 47.63139720814413636, 3.000000000000000000, 27.50000000000000355 ) ) ;
#430 = FACE_BOUND ( 'NONE', #959, .T. ) ;
#431 = CARTESIAN_POINT ( 'NONE',  ( -21.84816531132343798, 3.000000000000000000, -12.61404412379202888 ) ) ;
#432 = EDGE_CURVE ( 'NONE', #795, #1581, #1145, .T. ) ;
#433 = CIRCLE ( 'NONE', #337, 4.100000000000004974 ) ;
#434 = DIRECTION ( 'NONE',  ( -0.8660254037844384856, 0.000000000000000000, 0.5000000000000001110 ) ) ;
#435 = ORIENTED_EDGE ( 'NONE', *, *, #262, .F. ) ;
#436 = CARTESIAN_POINT ( 'NONE',  ( 0.000000000000000000, 3.000000000000000000, 0.000000000000000000 ) ) ;
#437 = ADVANCED_FACE ( 'NONE', ( #1526 ), #129, .F. ) ;
#438 = EDGE_CURVE ( 'NONE', #570, #1048, #1397, .T. ) ;
#439 = VECTOR ( 'NONE', #1248, 1000.000000000000000 ) ;
#440 = ORIENTED_EDGE ( 'NONE', *, *, #1, .T. ) ;
#441 = CARTESIAN_POINT ( 'NONE',  ( -47.63139720814413636, 3.000000000000000000, 19.55520208263755322 ) ) ;
#442 = ORIENTED_EDGE ( 'NONE', *, *, #1324, .F. ) ;
#443 = VECTOR ( 'NONE', #1127, 1000.000000000000000 ) ;
#444 = DIRECTION ( 'NONE',  ( 0.000000000000000000, -1.000000000000000000, -0.000000000000000000 ) ) ;
#445 = EDGE_CURVE ( 'NONE', #1596, #1503, #1379, .T. ) ;
#446 = AXIS2_PLACEMENT_3D ( 'NONE', #754, #1485, #1454 ) ;
#447 = AXIS2_PLACEMENT_3D ( 'NONE', #1739, #321, #1045 ) ;
#448 = CARTESIAN_POINT ( 'NONE',  ( 8.580561569927780852, -16.00000000000000000, 23.72845661736620926 ) ) ;
#449 = ORIENTED_EDGE ( 'NONE', *, *, #370, .T. ) ;
#450 = COLOUR_RGB ( '',0.7921568627450980005, 0.8196078431372548767, 0.9333333333333333481 ) ;
#451 = PRODUCT_RELATED_PRODUCT_CATEGORY ( 'part', '', ( #553 ) ) ;
#452 = ORIENTED_EDGE ( 'NONE', *, *, #1065, .F. ) ;
#453 = CARTESIAN_POINT ( 'NONE',  ( 41.05860311233816873, 0.7000000000000000666, 4.225866583872956106 ) ) ;
#454 = CARTESIAN_POINT ( 'NONE',  ( -37.63139720814414346, 3.000000000000000000, -21.72649730810373470 ) ) ;
#455 = DIRECTION ( 'NONE',  ( 2.523234146875355012E-16, 0.000000000000000000, 1.000000000000000000 ) ) ;
#456 = ORIENTED_EDGE ( 'NONE', *, *, #460, .T. ) ;
#457 = ORIENTED_EDGE ( 'NONE', *, *, #1725, .T. ) ;
#458 = DIRECTION ( 'NONE',  ( -0.000000000000000000, 1.000000000000000000, -0.000000000000000000 ) ) ;
#459 = EDGE_CURVE ( 'NONE', #59, #218, #661, .T. ) ;
#460 = EDGE_CURVE ( 'NONE', #789, #1193, #374, .T. ) ;
#461 = CARTESIAN_POINT ( 'NONE',  ( -22.97103638019040872, 0.000000000000000000, -40.66917438216527358 ) ) ;
#462 = CARTESIAN_POINT ( 'NONE',  ( -8.580561569927727561, -16.00000000000000000, 14.11673738234929942 ) ) ;
#463 = VERTEX_POINT ( 'NONE', #1112 ) ;
#464 = DIRECTION ( 'NONE',  ( 0.000000000000000000, 0.000000000000000000, 1.000000000000000000 ) ) ;
#465 = VECTOR ( 'NONE', #1173, 1000.000000000000000 ) ;
#466 = VERTEX_POINT ( 'NONE', #254 ) ;
#467 = DIRECTION ( 'NONE',  ( 0.000000000000000000, 1.000000000000000000, 0.000000000000000000 ) ) ;
#468 = DIRECTION ( 'NONE',  ( 0.000000000000000000, 1.000000000000000000, 0.000000000000000000 ) ) ;
#469 = DIRECTION ( 'NONE',  ( -0.000000000000000000, 1.000000000000000000, 0.000000000000000000 ) ) ;
#470 = EDGE_CURVE ( 'NONE', #1655, #1044, #1533, .T. ) ;
#471 = ORIENTED_EDGE ( 'NONE', *, *, #345, .F. ) ;
#472 = CARTESIAN_POINT ( 'NONE',  ( -7.806255641895631925E-15, 3.000000000000000000, 43.45299461620749781 ) ) ;
#473 = DIRECTION ( 'NONE',  ( 1.000000000000000000, 0.000000000000000000, 0.000000000000000000 ) ) ;
#474 = ORIENTED_EDGE ( 'NONE', *, *, #1649, .T. ) ;
#475 = ORIENTED_EDGE ( 'NONE', *, *, #764, .T. ) ;
#476 = CARTESIAN_POINT ( 'NONE',  ( 18.12620908988085233, 0.000000000000000000, 10.61673738234828868 ) ) ;
#477 = DIRECTION ( 'NONE',  ( -0.000000000000000000, 1.000000000000000000, -0.000000000000000000 ) ) ;
#478 = CARTESIAN_POINT ( 'NONE',  ( -47.63139720814414346, 3.000000000000000000, -21.72649730810373114 ) ) ;
#479 = ORIENTED_EDGE ( 'NONE', *, *, #547, .F. ) ;
#480 = CARTESIAN_POINT ( 'NONE',  ( -7.806255641895631925E-15, 0.000000000000000000, 43.45299461620749781 ) ) ;
#481 = DIRECTION ( 'NONE',  ( -0.000000000000000000, 0.000000000000000000, 1.000000000000000000 ) ) ;
#482 = EDGE_LOOP ( 'NONE', ( #872, #1644, #166, #1750 ) ) ;
#483 = ORIENTED_EDGE ( 'NONE', *, *, #773, .F. ) ;
#484 = ADVANCED_FACE ( 'NONE', ( #1798 ), #1505, .T. ) ;
#485 = ORIENTED_EDGE ( 'NONE', *, *, #427, .F. ) ;
#486 = DIRECTION ( 'NONE',  ( 0.000000000000000000, 1.000000000000000000, 0.000000000000000000 ) ) ;
#487 = AXIS2_PLACEMENT_3D ( 'NONE', #671, #1670, #817 ) ;
#488 = CARTESIAN_POINT ( 'NONE',  ( 18.12620908988084878, 2.999999999999999112, -21.89581918496360302 ) ) ;
#489 = VERTEX_POINT ( 'NONE', #1387 ) ;
#490 = FACE_OUTER_BOUND ( 'NONE', #90, .T. ) ;
#491 = DIRECTION ( 'NONE',  ( 3.191120358960006022E-15, 0.000000000000000000, 1.000000000000000000 ) ) ;
#492 = VECTOR ( 'NONE', #714, 1000.000000000000000 ) ;
#493 = EDGE_LOOP ( 'NONE', ( #1225, #626, #1645, #404 ) ) ;
#494 = VERTEX_POINT ( 'NONE', #681 ) ;
#495 = VERTEX_POINT ( 'NONE', #1366 ) ;
#496 = DIRECTION ( 'NONE',  ( 1.000000000000000000, 0.000000000000000000, 0.000000000000000000 ) ) ;
#497 = CARTESIAN_POINT ( 'NONE',  ( 6.580561569927720456, 3.000000000000000000, 23.72845661736614886 ) ) ;
#498 = EDGE_CURVE ( 'NONE', #1655, #463, #519, .T. ) ;
#499 = VECTOR ( 'NONE', #247, 1000.000000000000000 ) ;
#500 = ORIENTED_EDGE ( 'NONE', *, *, #1706, .F. ) ;
#501 = FACE_OUTER_BOUND ( 'NONE', #1734, .T. ) ;
#502 = FACE_OUTER_BOUND ( 'NONE', #110, .T. ) ;
#503 = VERTEX_POINT ( 'NONE', #402 ) ;
#504 = VERTEX_POINT ( 'NONE', #1122 ) ;
#505 = ORIENTED_EDGE ( 'NONE', *, *, #558, .T. ) ;
#506 = VECTOR ( 'NONE', #1530, 1000.000000000000000 ) ;
#507 = AXIS2_PLACEMENT_3D ( 'NONE', #179, #745, #605 ) ;
#508 = LINE ( 'NONE', #1646, #539 ) ;
#509 = DIRECTION ( 'NONE',  ( -0.8734891371330514298, 0.000000000000000000, -0.4868436374346051809 ) ) ;
#510 = CARTESIAN_POINT ( 'NONE',  ( -38.14307621605032494, 3.000000000000000000, -14.39043053199694100 ) ) ;
#511 = ORIENTED_EDGE ( 'NONE', *, *, #989, .F. ) ;
#512 = CARTESIAN_POINT ( 'NONE',  ( 4.999999999999991118, 0.000000000000000000, 52.11324865405187978 ) ) ;
#513 = DIRECTION ( 'NONE',  ( 0.000000000000000000, 0.000000000000000000, 1.000000000000000000 ) ) ;
#514 = ORIENTED_EDGE ( 'NONE', *, *, #1491, .T. ) ;
#515 = ORIENTED_EDGE ( 'NONE', *, *, #866, .T. ) ;
#516 =( LENGTH_UNIT ( ) NAMED_UNIT ( * ) SI_UNIT ( .MILLI., .METRE. ) );
#517 = CYLINDRICAL_SURFACE ( 'NONE', #1137, 2.000000000000000000 ) ;
#518 = ADVANCED_FACE ( 'NONE', ( #1687 ), #95, .T. ) ;
#519 = LINE ( 'NONE', #1657, #1806 ) ;
#520 =( LENGTH_UNIT ( ) NAMED_UNIT ( * ) SI_UNIT ( .MILLI., .METRE. ) );
#521 = VERTEX_POINT ( 'NONE', #1648 ) ;
#522 = CARTESIAN_POINT ( 'NONE',  ( 6.580561569927780852, 2.999999999999999112, 21.72845661736614886 ) ) ;
#523 = EDGE_CURVE ( 'NONE', #1772, #928, #382, .T. ) ;
#524 = ORIENTED_EDGE ( 'NONE', *, *, #1299, .F. ) ;
#525 = EDGE_LOOP ( 'NONE', ( #1338, #1331, #1437, #739 ) ) ;
#526 = ORIENTED_EDGE ( 'NONE', *, *, #1020, .F. ) ;
#527 = CARTESIAN_POINT ( 'NONE',  ( -4.999999999999997335, 0.000000000000000000, 52.11324865405187978 ) ) ;
#528 = CARTESIAN_POINT ( 'NONE',  ( -42.86618080316688406, 2.999999999999999112, -0.2097734176494253644 ) ) ;
#529 = CARTESIAN_POINT ( 'NONE',  ( 20.12620908988085588, 2.999999999999999112, 10.61673738234828868 ) ) ;
#530 = CARTESIAN_POINT ( 'NONE',  ( 0.000000000000000000, 0.000000000000000000, -23.89581918496360302 ) ) ;
#531 = ORIENTED_EDGE ( 'NONE', *, *, #594, .T. ) ;
#532 = ORIENTED_EDGE ( 'NONE', *, *, #558, .F. ) ;
#533 = CARTESIAN_POINT ( 'NONE',  ( 40.94926914912279869, -7.099999999999999645, 31.35792843363552507 ) ) ;
#534 = DIRECTION ( 'NONE',  ( 0.000000000000000000, 0.000000000000000000, 1.000000000000000000 ) ) ;
#535 = AXIS2_PLACEMENT_3D ( 'NONE', #1475, #331, #895 ) ;
#536 = AXIS2_PLACEMENT_3D ( 'NONE', #488, #41, #1177 ) ;
#537 = VECTOR ( 'NONE', #827, 1000.000000000000114 ) ;
#538 = DIRECTION ( 'NONE',  ( -0.8660254037844384856, 0.000000000000000000, 0.5000000000000001110 ) ) ;
#539 = VECTOR ( 'NONE', #797, 1000.000000000000000 ) ;
#540 = DIRECTION ( 'NONE',  ( 0.000000000000000000, 0.000000000000000000, 1.000000000000000000 ) ) ;
#541 = VERTEX_POINT ( 'NONE', #1273 ) ;
#542 = ORIENTED_EDGE ( 'NONE', *, *, #956, .F. ) ;
#543 = CARTESIAN_POINT ( 'NONE',  ( 6.580561569927720456, 0.000000000000000000, 23.72845661736614886 ) ) ;
#544 = EDGE_CURVE ( 'NONE', #1083, #722, #702, .T. ) ;
#545 = CARTESIAN_POINT ( 'NONE',  ( -39.87512702361919992, 0.000000000000000000, -15.39043053199693922 ) ) ;
#546 = DIRECTION ( 'NONE',  ( 0.000000000000000000, 0.000000000000000000, 1.000000000000000000 ) ) ;
#547 = EDGE_CURVE ( 'NONE', #1172, #379, #1840, .T. ) ;
#548 = AXIS2_PLACEMENT_3D ( 'NONE', #327, #336, #736 ) ;
#549 = FACE_OUTER_BOUND ( 'NONE', #238, .T. ) ;
#550 = DIRECTION ( 'NONE',  ( 0.000000000000000000, 1.000000000000000000, 0.000000000000000000 ) ) ;
#551 = DIRECTION ( 'NONE',  ( 0.000000000000000000, 1.000000000000000000, 0.000000000000000000 ) ) ;
#552 = ORIENTED_EDGE ( 'NONE', *, *, #215, .F. ) ;
#553 = PRODUCT ( '\X2\5e9558f3\X0\', '\X2\5e9558f3\X0\', '', ( #1259 ) ) ;
#554 = DIRECTION ( 'NONE',  ( -0.000000000000000000, 1.000000000000000000, -0.000000000000000000 ) ) ;
#555 = DIRECTION ( 'NONE',  ( 1.000000000000000000, 0.000000000000000000, 2.992101068820011574E-14 ) ) ;
#556 = LINE ( 'NONE', #1568, #1621 ) ;
#557 = DIRECTION ( 'NONE',  ( 0.000000000000000000, 1.000000000000000000, 0.000000000000000000 ) ) ;
#558 = EDGE_CURVE ( 'NONE', #503, #1783, #284, .T. ) ;
#559 = LINE ( 'NONE', #997, #7 ) ;
#560 = ADVANCED_FACE ( 'NONE', ( #707 ), #145, .F. ) ;
#561 = DIRECTION ( 'NONE',  ( 0.000000000000000000, 1.000000000000000000, 0.000000000000000000 ) ) ;
#562 = CARTESIAN_POINT ( 'NONE',  ( 14.66760724610477418, 0.7000000000000000666, -37.94555364585786350 ) ) ;
#563 = AXIS2_PLACEMENT_3D ( 'NONE', #1113, #403, #949 ) ;
#564 = DIRECTION ( 'NONE',  ( 0.000000000000000000, 0.000000000000000000, 1.000000000000000000 ) ) ;
#565 = CARTESIAN_POINT ( 'NONE',  ( 11.86750998789961464, 3.000000000000000000, -20.55513025837324648 ) ) ;
#566 = AXIS2_PLACEMENT_3D ( 'NONE', #545, #1088, #113 ) ;
#567 = EDGE_CURVE ( 'NONE', #351, #18, #1409, .T. ) ;
#568 = CARTESIAN_POINT ( 'NONE',  ( -45.46425701452020007, 0.000000000000000000, -1.709773417649440574 ) ) ;
#569 = LINE ( 'NONE', #1534, #1681 ) ;
#570 = VERTEX_POINT ( 'NONE', #844 ) ;
#571 = EDGE_CURVE ( 'NONE', #889, #1781, #1591, .T. ) ;
#572 = CARTESIAN_POINT ( 'NONE',  ( -47.63139720814413636, -7.099999999999999645, 19.55520208263755322 ) ) ;
#573 = ADVANCED_FACE ( 'NONE', ( #1138 ), #1418, .F. ) ;
#574 = EDGE_CURVE ( 'NONE', #1569, #1680, #168, .T. ) ;
#575 = DIRECTION ( 'NONE',  ( -0.000000000000000000, -1.000000000000000000, -0.000000000000000000 ) ) ;
#576 = AXIS2_PLACEMENT_3D ( 'NONE', #1518, #1535, #937 ) ;
#577 = ORIENTED_EDGE ( 'NONE', *, *, #183, .F. ) ;
#578 = CARTESIAN_POINT ( 'NONE',  ( 5.021051876504147385E-16, 3.000000000000000000, 42.76226820536240325 ) ) ;
#579 = AXIS2_PLACEMENT_3D ( 'NONE', #1141, #292, #1133 ) ;
#580 = VERTEX_POINT ( 'NONE', #1287 ) ;
#581 = CYLINDRICAL_SURFACE ( 'NONE', #1368, 4.100000000000006750 ) ;
#582 = PLANE ( 'NONE',  #128 ) ;
#583 = EDGE_CURVE ( 'NONE', #1069, #1034, #978, .T. ) ;
#584 = CIRCLE ( 'NONE', #911, 2.000000000000001776 ) ;
#585 = AXIS2_PLACEMENT_3D ( 'NONE', #480, #1756, #1171 ) ;
#586 = ORIENTED_EDGE ( 'NONE', *, *, #1813, .T. ) ;
#587 = CARTESIAN_POINT ( 'NONE',  ( -24.47103638019040872, 2.999999999999999112, -38.07109817081195757 ) ) ;
#588 = LINE ( 'NONE', #1161, #1733 ) ;
#589 = AXIS2_PLACEMENT_3D ( 'NONE', #71, #51, #1776 ) ;
#590 = VECTOR ( 'NONE', #1527, 1000.000000000000114 ) ;
#591 = DIRECTION ( 'NONE',  ( 0.000000000000000000, 1.000000000000000000, -0.000000000000000000 ) ) ;
#592 = VERTEX_POINT ( 'NONE', #1041 ) ;
#593 = VECTOR ( 'NONE', #913, 1000.000000000000000 ) ;
#594 = EDGE_CURVE ( 'NONE', #351, #821, #1214, .T. ) ;
#595 = ORIENTED_EDGE ( 'NONE', *, *, #808, .F. ) ;
#596 = CARTESIAN_POINT ( 'NONE',  ( -44.36618080316688406, 3.000000000000000000, 2.388302793703899418 ) ) ;
#597 = CYLINDRICAL_SURFACE ( 'NONE', #1727, 4.100000000000004974 ) ;
#598 = FACE_OUTER_BOUND ( 'NONE', #1075, .T. ) ;
#599 = ORIENTED_EDGE ( 'NONE', *, *, #1797, .F. ) ;
#600 = DIRECTION ( 'NONE',  ( -0.8660254037844385966, 0.000000000000000000, -0.5000000000000000000 ) ) ;
#601 = EDGE_CURVE ( 'NONE', #184, #839, #1742, .T. ) ;
#602 = VERTEX_POINT ( 'NONE', #596 ) ;
#603 = CARTESIAN_POINT ( 'NONE',  ( -21.87296016883708916, 2.999999999999999112, -36.57109817081195757 ) ) ;
#604 = ADVANCED_FACE ( 'NONE', ( #1022 ), #186, .F. ) ;
#605 = DIRECTION ( 'NONE',  ( -1.302410466973434765E-16, 0.000000000000000000, -1.000000000000000000 ) ) ;
#606 = FACE_OUTER_BOUND ( 'NONE', #785, .T. ) ;
#607 = ORIENTED_EDGE ( 'NONE', *, *, #730, .T. ) ;
#608 = DIRECTION ( 'NONE',  ( 0.000000000000000000, -1.000000000000000000, 0.000000000000000000 ) ) ;
#609 = ORIENTED_EDGE ( 'NONE', *, *, #308, .F. ) ;
#610 = ORIENTED_EDGE ( 'NONE', *, *, #345, .T. ) ;
#611 = CARTESIAN_POINT ( 'NONE',  ( 47.63139720814410794, 3.000000000000000000, -27.50000000000001776 ) ) ;
#612 = VECTOR ( 'NONE', #1673, 1000.000000000000000 ) ;
#613 = DIRECTION ( 'NONE',  ( -1.000000000000000000, 0.000000000000000000, 2.861928992782162261E-16 ) ) ;
#614 = CARTESIAN_POINT ( 'NONE',  ( 10.58056156992778263, 2.999999999999999112, 14.61673738234829045 ) ) ;
#615 = AXIS2_PLACEMENT_3D ( 'NONE', #1359, #65, #408 ) ;
#616 = CIRCLE ( 'NONE', #1006, 2.000000000000000000 ) ;
#617 = ORIENTED_EDGE ( 'NONE', *, *, #1740, .T. ) ;
#618 = CARTESIAN_POINT ( 'NONE',  ( -40.38074827646801879, -7.099999999999999645, 31.68616411250269849 ) ) ;
#619 = DIRECTION ( 'NONE',  ( 0.000000000000000000, 0.000000000000000000, 1.000000000000000000 ) ) ;
#620 = ADVANCED_FACE ( 'NONE', ( #178 ), #1715, .F. ) ;
#621 = EDGE_LOOP ( 'NONE', ( #22, #776 ) ) ;
#622 = ORIENTED_EDGE ( 'NONE', *, *, #1595, .F. ) ;
#623 = VERTEX_POINT ( 'NONE', #1029 ) ;
#624 = LINE ( 'NONE', #1308, #922 ) ;
#625 = LINE ( 'NONE', #1624, #1669 ) ;
#626 = ORIENTED_EDGE ( 'NONE', *, *, #1447, .F. ) ;
#627 = CARTESIAN_POINT ( 'NONE',  ( 14.66760724610477418, 0.7000000000000000666, -37.94555364585786350 ) ) ;
#628 = ADVANCED_FACE ( 'NONE', ( #902 ), #1469, .T. ) ;
#629 = ORIENTED_EDGE ( 'NONE', *, *, #1433, .F. ) ;
#630 = ORIENTED_EDGE ( 'NONE', *, *, #583, .F. ) ;
#631 = ORIENTED_EDGE ( 'NONE', *, *, #699, .F. ) ;
#632 = ORIENTED_EDGE ( 'NONE', *, *, #1649, .F. ) ;
#633 = EDGE_CURVE ( 'NONE', #602, #504, #1601, .T. ) ;
#634 = CARTESIAN_POINT ( 'NONE',  ( 8.580561569927780852, 3.000000000000000000, 23.72845661736620926 ) ) ;
#635 = CARTESIAN_POINT ( 'NONE',  ( -18.70224001811203252, 0.000000000000000000, 12.11673738234929942 ) ) ;
#636 = CARTESIAN_POINT ( 'NONE',  ( 14.66760724610477418, 0.7000000000000000666, -42.04555364585786492 ) ) ;
#637 = ORIENTED_EDGE ( 'NONE', *, *, #432, .T. ) ;
#638 = CARTESIAN_POINT ( 'NONE',  ( 18.12620908988085233, -16.00000000000000000, 10.61673738234828868 ) ) ;
#639 = CARTESIAN_POINT ( 'NONE',  ( -20.70224001811209646, 3.000000000000000000, -9.773062258765831345 ) ) ;
#640 = ORIENTED_EDGE ( 'NONE', *, *, #13, .F. ) ;
#641 = AXIS2_PLACEMENT_3D ( 'NONE', #1118, #973, #1540 ) ;
#642 = ORIENTED_EDGE ( 'NONE', *, *, #901, .F. ) ;
#643 = ORIENTED_EDGE ( 'NONE', *, *, #1271, .F. ) ;
#644 = VERTEX_POINT ( 'NONE', #453 ) ;
#645 = AXIS2_PLACEMENT_3D ( 'NONE', #1160, #458, #170 ) ;
#646 = CARTESIAN_POINT ( 'NONE',  ( -18.70224001811209291, -16.00000000000000000, -9.773062258765840227 ) ) ;
#647 = DIRECTION ( 'NONE',  ( 0.000000000000000000, 0.000000000000000000, 1.000000000000000000 ) ) ;
#648 = CYLINDRICAL_SURFACE ( 'NONE', #563, 2.000000000000000000 ) ;
#649 =( GEOMETRIC_REPRESENTATION_CONTEXT ( 3 ) GLOBAL_UNCERTAINTY_ASSIGNED_CONTEXT ( ( #359 ) ) GLOBAL_UNIT_ASSIGNED_CONTEXT ( ( #516, #677, #1125 ) ) REPRESENTATION_CONTEXT ( 'NONE', 'WORKASPACE' ) );
#650 = VERTEX_POINT ( 'NONE', #1752 ) ;
#651 = FACE_OUTER_BOUND ( 'NONE', #1201, .T. ) ;
#652 = CARTESIAN_POINT ( 'NONE',  ( -32.22699643295070615, 3.000000000000000000, -24.63738129795654075 ) ) ;
#653 = ORIENTED_EDGE ( 'NONE', *, *, #942, .T. ) ;
#654 = LINE ( 'NONE', #822, #98 ) ;
#655 = CIRCLE ( 'NONE', #1068, 1.999999999999998224 ) ;
#656 = ORIENTED_EDGE ( 'NONE', *, *, #322, .F. ) ;
#657 = EDGE_CURVE ( 'NONE', #747, #1048, #743, .T. ) ;
#658 = EDGE_CURVE ( 'NONE', #379, #1523, #1451, .T. ) ;
#659 = CIRCLE ( 'NONE', #1309, 10.00000000000000000 ) ;
#660 = LINE ( 'NONE', #347, #593 ) ;
#661 = LINE ( 'NONE', #1089, #260 ) ;
#662 = DIRECTION ( 'NONE',  ( -0.000000000000000000, 1.000000000000000000, -0.000000000000000000 ) ) ;
#663 = EDGE_LOOP ( 'NONE', ( #871, #111, #1151, #1662 ) ) ;
#664 = CARTESIAN_POINT ( 'NONE',  ( -18.70224001811209291, 0.000000000000000000, -11.77306225876584023 ) ) ;
#665 = VERTEX_POINT ( 'NONE', #1317 ) ;
#666 = ORIENTED_EDGE ( 'NONE', *, *, #1510, .F. ) ;
#667 = DIRECTION ( 'NONE',  ( 0.000000000000000000, -0.000000000000000000, 1.000000000000000000 ) ) ;
#668 = DIRECTION ( 'NONE',  ( 0.000000000000000000, 0.000000000000000000, 1.000000000000000000 ) ) ;
#669 = EDGE_CURVE ( 'NONE', #11, #503, #233, .T. ) ;
#670 = EDGE_CURVE ( 'NONE', #803, #351, #1582, .T. ) ;
#671 = CARTESIAN_POINT ( 'NONE',  ( -37.78311253585379603, 0.000000000000000000, -21.01390591497672489 ) ) ;
#672 = FILL_AREA_STYLE ('',( #1679 ) ) ;
#673 = AXIS2_PLACEMENT_3D ( 'NONE', #116, #1098, #1252 ) ;
#674 = PLANE ( 'NONE',  #1543 ) ;
#675 = ORIENTED_EDGE ( 'NONE', *, *, #438, .F. ) ;
#676 = ORIENTED_EDGE ( 'NONE', *, *, #322, .T. ) ;
#677 =( NAMED_UNIT ( * ) PLANE_ANGLE_UNIT ( ) SI_UNIT ( $, .RADIAN. ) );
#678 = DIRECTION ( 'NONE',  ( -0.000000000000000000, 1.000000000000000000, -0.000000000000000000 ) ) ;
#679 = VECTOR ( 'NONE', #1413, 1000.000000000000000 ) ;
#680 = DIRECTION ( 'NONE',  ( -0.000000000000000000, 1.000000000000000000, 0.000000000000000000 ) ) ;
#681 = CARTESIAN_POINT ( 'NONE',  ( 8.580561569927780852, 0.000000000000000000, 21.72845661736614886 ) ) ;
#682 = CARTESIAN_POINT ( 'NONE',  ( -22.97103638019040872, 0.000000000000000000, -40.66917438216527358 ) ) ;
#683 = ORIENTED_EDGE ( 'NONE', *, *, #1552, .F. ) ;
#684 = ORIENTED_EDGE ( 'NONE', *, *, #713, .F. ) ;
#685 = DIRECTION ( 'NONE',  ( 1.000000000000000000, 0.000000000000000000, 0.000000000000000000 ) ) ;
#686 = DIRECTION ( 'NONE',  ( 0.000000000000000000, 0.000000000000000000, 1.000000000000000000 ) ) ;
#687 = CARTESIAN_POINT ( 'NONE',  ( -42.63139720814415057, 0.000000000000000000, -30.38675134594812022 ) ) ;
#688 = VECTOR ( 'NONE', #1642, 1000.000000000000000 ) ;
#689 = VECTOR ( 'NONE', #1394, 1000.000000000000000 ) ;
#690 = AXIS2_PLACEMENT_3D ( 'NONE', #285, #1688, #863 ) ;
#691 = DIRECTION ( 'NONE',  ( -0.000000000000000000, -1.000000000000000000, -0.000000000000000000 ) ) ;
#692 = DIRECTION ( 'NONE',  ( 0.000000000000000000, 1.000000000000000000, 0.000000000000000000 ) ) ;
#693 = STYLED_ITEM ( 'NONE', ( #255 ), #1285 ) ;
#694 = DIRECTION ( 'NONE',  ( 1.000000000000000000, 0.000000000000000000, -2.523234146875355012E-16 ) ) ;
#695 = ORIENTED_EDGE ( 'NONE', *, *, #1203, .T. ) ;
#696 = CARTESIAN_POINT ( 'NONE',  ( -20.70224001811203252, 0.000000000000000000, 10.11673738234930653 ) ) ;
#697 = DIRECTION ( 'NONE',  ( -1.302410466973434765E-16, 0.000000000000000000, -1.000000000000000000 ) ) ;
#698 = CARTESIAN_POINT ( 'NONE',  ( -10.58056156992772756, 2.999999999999999112, 14.11673738234929942 ) ) ;
#699 = EDGE_CURVE ( 'NONE', #1034, #1596, #987, .T. ) ;
#700 = CIRCLE ( 'NONE', #965, 3.000000000000000000 ) ;
#701 = CARTESIAN_POINT ( 'NONE',  ( -39.87512702361919992, -15.30000000000000426, -15.39043053199693922 ) ) ;
#702 = LINE ( 'NONE', #1560, #1027 ) ;
#703 = CARTESIAN_POINT ( 'NONE',  ( -47.63139720814413636, 3.000000000000000000, 27.50000000000002132 ) ) ;
#704 = DIRECTION ( 'NONE',  ( 0.000000000000000000, 0.000000000000000000, 1.000000000000000000 ) ) ;
#705 = FACE_OUTER_BOUND ( 'NONE', #1008, .T. ) ;
#706 = LINE ( 'NONE', #1001, #727 ) ;
#707 = FACE_OUTER_BOUND ( 'NONE', #920, .T. ) ;
#708 = CYLINDRICAL_SURFACE ( 'NONE', #1786, 1.999999999999998224 ) ;
#709 = AXIS2_PLACEMENT_3D ( 'NONE', #1703, #1836, #988 ) ;
#710 = CARTESIAN_POINT ( 'NONE',  ( 8.580561569927782628, -16.00000000000000000, 12.61673738234829045 ) ) ;
#711 = AXIS2_PLACEMENT_3D ( 'NONE', #1374, #1514, #685 ) ;
#712 = EDGE_CURVE ( 'NONE', #1044, #1391, #760, .T. ) ;
#713 = EDGE_CURVE ( 'NONE', #1266, #1199, #425, .T. ) ;
#714 = DIRECTION ( 'NONE',  ( -0.000000000000000000, -1.000000000000000000, -0.000000000000000000 ) ) ;
#715 = DIRECTION ( 'NONE',  ( -3.469446951953614189E-15, 0.000000000000000000, 1.000000000000000000 ) ) ;
#716 = ORIENTED_EDGE ( 'NONE', *, *, #870, .T. ) ;
#717 = ADVANCED_FACE ( 'NONE', ( #46 ), #1589, .F. ) ;
#718 = FACE_OUTER_BOUND ( 'NONE', #1165, .T. ) ;
#719 = DIRECTION ( 'NONE',  ( 2.861928992782162261E-16, 0.000000000000000000, 1.000000000000000000 ) ) ;
#720 = VERTEX_POINT ( 'NONE', #317 ) ;
#721 = CARTESIAN_POINT ( 'NONE',  ( 14.66760724610477418, 0.7000000000000000666, -33.84555364585785497 ) ) ;
#722 = VERTEX_POINT ( 'NONE', #578 ) ;
#723 = DIRECTION ( 'NONE',  ( -0.000000000000000000, 1.000000000000000000, 0.000000000000000000 ) ) ;
#724 = AXIS2_PLACEMENT_3D ( 'NONE', #1807, #550, #957 ) ;
#725 = VERTEX_POINT ( 'NONE', #1150 ) ;
#726 = CARTESIAN_POINT ( 'NONE',  ( -7.099794040626994233E-13, 0.000000000000000000, 23.72845661736595346 ) ) ;
#727 = VECTOR ( 'NONE', #1417, 1000.000000000000000 ) ;
#728 = PLANE ( 'NONE',  #69 ) ;
#729 = CARTESIAN_POINT ( 'NONE',  ( -4.999999999999997335, 3.000000000000000000, 52.11324865405187978 ) ) ;
#730 = EDGE_CURVE ( 'NONE', #339, #1802, #162, .T. ) ;
#731 = ORIENTED_EDGE ( 'NONE', *, *, #931, .F. ) ;
#732 = ADVANCED_FACE ( 'NONE', ( #881 ), #1826, .F. ) ;
#733 = VECTOR ( 'NONE', #108, 1000.000000000000000 ) ;
#734 = ORIENTED_EDGE ( 'NONE', *, *, #1267, .F. ) ;
#735 = CARTESIAN_POINT ( 'NONE',  ( 0.000000000000000000, 0.7000000000000000666, 46.86226820536240467 ) ) ;
#736 = DIRECTION ( 'NONE',  ( 0.000000000000000000, 0.000000000000000000, 1.000000000000000000 ) ) ;
#737 = CIRCLE ( 'NONE', #323, 4.100000000000006750 ) ;
#738 = DIRECTION ( 'NONE',  ( -1.000000000000000000, 0.000000000000000000, -1.493941974368068490E-16 ) ) ;
#739 = ORIENTED_EDGE ( 'NONE', *, *, #658, .T. ) ;
#740 = CARTESIAN_POINT ( 'NONE',  ( -18.70224001811203252, 0.000000000000000000, 10.11673738234929942 ) ) ;
#741 = VECTOR ( 'NONE', #890, 1000.000000000000000 ) ;
#742 = EDGE_LOOP ( 'NONE', ( #1209, #595, #190, #820 ) ) ;
#743 = LINE ( 'NONE', #441, #416 ) ;
#744 = EDGE_CURVE ( 'NONE', #1772, #1236, #417, .T. ) ;
#745 = DIRECTION ( 'NONE',  ( 1.000000000000000000, 0.000000000000000000, -1.302410466973434765E-16 ) ) ;
#746 = PLANE ( 'NONE',  #446 ) ;
#747 = VERTEX_POINT ( 'NONE', #1106 ) ;
#748 = DIRECTION ( 'NONE',  ( 0.000000000000000000, 0.000000000000000000, -1.000000000000000000 ) ) ;
#749 = VECTOR ( 'NONE', #105, 1000.000000000000000 ) ;
#750 = ORIENTED_EDGE ( 'NONE', *, *, #1110, .F. ) ;
#751 = CARTESIAN_POINT ( 'NONE',  ( -12.12571064643018204, 3.000000000000000000, 21.00234691749593097 ) ) ;
#752 = LINE ( 'NONE', #1612, #1496 ) ;
#753 = EDGE_CURVE ( 'NONE', #644, #939, #278, .T. ) ;
#754 = CARTESIAN_POINT ( 'NONE',  ( 20.12620908988085233, -16.00000000000000000, -23.89581918496360302 ) ) ;
#755 = ORIENTED_EDGE ( 'NONE', *, *, #753, .T. ) ;
#756 = PLANE ( 'NONE',  #1724 ) ;
#757 = CARTESIAN_POINT ( 'NONE',  ( -33.95904724051958112, -15.30000000000000426, -25.63738129795654430 ) ) ;
#758 = ORIENTED_EDGE ( 'NONE', *, *, #594, .F. ) ;
#759 = ORIENTED_EDGE ( 'NONE', *, *, #185, .T. ) ;
#760 = LINE ( 'NONE', #39, #809 ) ;
#761 = AXIS2_PLACEMENT_3D ( 'NONE', #1035, #1348, #1768 ) ;
#762 = CARTESIAN_POINT ( 'NONE',  ( 47.63139720814413636, 3.000000000000000000, 27.50000000000000355 ) ) ;
#763 = EDGE_CURVE ( 'NONE', #1523, #218, #659, .T. ) ;
#764 = EDGE_CURVE ( 'NONE', #1503, #793, #1524, .T. ) ;
#765 = DIRECTION ( 'NONE',  ( 0.000000000000000000, 0.000000000000000000, 1.000000000000000000 ) ) ;
#766 = AXIS2_PLACEMENT_3D ( 'NONE', #875, #680, #534 ) ;
#767 = AXIS2_PLACEMENT_3D ( 'NONE', #1169, #469, #765 ) ;
#768 = VECTOR ( 'NONE', #799, 1000.000000000000000 ) ;
#769 = ORIENTED_EDGE ( 'NONE', *, *, #50, .F. ) ;
#770 = CARTESIAN_POINT ( 'NONE',  ( -41.56185691933844595, 3.000000000000000000, 9.613715481249210271 ) ) ;
#771 = FACE_OUTER_BOUND ( 'NONE', #1350, .T. ) ;
#772 = ORIENTED_EDGE ( 'NONE', *, *, #1299, .T. ) ;
#773 = EDGE_CURVE ( 'NONE', #720, #784, #945, .T. ) ;
#774 = VECTOR ( 'NONE', #1602, 1000.000000000000000 ) ;
#775 = ORIENTED_EDGE ( 'NONE', *, *, #1353, .T. ) ;
#776 = ORIENTED_EDGE ( 'NONE', *, *, #1548, .T. ) ;
#777 = CARTESIAN_POINT ( 'NONE',  ( -8.580561569927727561, 3.000000000000000000, 12.11673738234929942 ) ) ;
#778 = CARTESIAN_POINT ( 'NONE',  ( -1.387778780781354463E-16, 0.000000000000000000, 55.00000000000000711 ) ) ;
#779 = ORIENTED_EDGE ( 'NONE', *, *, #712, .T. ) ;
#780 = CARTESIAN_POINT ( 'NONE',  ( -18.70224001811209291, 0.000000000000000000, -9.773062258765840227 ) ) ;
#781 = ORIENTED_EDGE ( 'NONE', *, *, #808, .T. ) ;
#782 = ORIENTED_EDGE ( 'NONE', *, *, #140, .T. ) ;
#783 = VECTOR ( 'NONE', #1461, 1000.000000000000000 ) ;
#784 = VERTEX_POINT ( 'NONE', #250 ) ;
#785 = EDGE_LOOP ( 'NONE', ( #1761, #500, #1092, #851 ) ) ;
#786 = DIRECTION ( 'NONE',  ( 3.191120358960006022E-15, 0.000000000000000000, 1.000000000000000000 ) ) ;
#787 = CARTESIAN_POINT ( 'NONE',  ( 41.05860311233816873, 0.7000000000000000666, 8.325866583872960192 ) ) ;
#788 = LINE ( 'NONE', #97, #537 ) ;
#789 = VERTEX_POINT ( 'NONE', #281 ) ;
#790 = CARTESIAN_POINT ( 'NONE',  ( -42.63139720814415767, 3.000000000000000000, -30.38675134594811311 ) ) ;
#791 = CYLINDRICAL_SURFACE ( 'NONE', #615, 3.000000000000000000 ) ;
#792 = EDGE_CURVE ( 'NONE', #928, #921, #1674, .T. ) ;
#793 = VERTEX_POINT ( 'NONE', #60 ) ;
#794 = ORIENTED_EDGE ( 'NONE', *, *, #1598, .T. ) ;
#795 = VERTEX_POINT ( 'NONE', #1684 ) ;
#796 = ORIENTED_EDGE ( 'NONE', *, *, #848, .T. ) ;
#797 = DIRECTION ( 'NONE',  ( 0.000000000000000000, 1.000000000000000000, 0.000000000000000000 ) ) ;
#798 = DIRECTION ( 'NONE',  ( 0.000000000000000000, -0.000000000000000000, 1.000000000000000000 ) ) ;
#799 = DIRECTION ( 'NONE',  ( 2.861928992782162261E-16, 0.000000000000000000, 1.000000000000000000 ) ) ;
#800 = EDGE_LOOP ( 'NONE', ( #912, #371, #202, #415 ) ) ;
#801 = CARTESIAN_POINT ( 'NONE',  ( -47.63139720814414346, 3.000000000000000000, -27.49999999999999289 ) ) ;
#802 = DIRECTION ( 'NONE',  ( -0.000000000000000000, 1.000000000000000000, 0.000000000000000000 ) ) ;
#803 = VERTEX_POINT ( 'NONE', #1693 ) ;
#804 = ORIENTED_EDGE ( 'NONE', *, *, #989, .T. ) ;
#805 = DIRECTION ( 'NONE',  ( -0.000000000000000000, -1.000000000000000000, -0.000000000000000000 ) ) ;
#806 = DIRECTION ( 'NONE',  ( 0.000000000000000000, -1.000000000000000000, -0.000000000000000000 ) ) ;
#807 = CIRCLE ( 'NONE', #447, 2.000000000000000000 ) ;
#808 = EDGE_CURVE ( 'NONE', #725, #1717, #654, .T. ) ;
#809 = VECTOR ( 'NONE', #1334, 1000.000000000000000 ) ;
#810 = CARTESIAN_POINT ( 'NONE',  ( -10.58056156992772756, -16.00000000000000000, 12.11673738234929942 ) ) ;
#811 =( NAMED_UNIT ( * ) SI_UNIT ( $, .STERADIAN. ) SOLID_ANGLE_UNIT ( ) );
#812 = LINE ( 'NONE', #1381, #733 ) ;
#813 = ORIENTED_EDGE ( 'NONE', *, *, #792, .F. ) ;
#814 = EDGE_LOOP ( 'NONE', ( #1762, #900, #1626, #1790 ) ) ;
#815 = CARTESIAN_POINT ( 'NONE',  ( -0.000000000000000000, 0.000000000000000000, -50.95690910470881363 ) ) ;
#816 = LINE ( 'NONE', #381, #1603 ) ;
#817 = DIRECTION ( 'NONE',  ( 0.000000000000000000, 0.000000000000000000, 1.000000000000000000 ) ) ;
#818 = EDGE_CURVE ( 'NONE', #793, #1191, #1227, .T. ) ;
#819 = AXIS2_PLACEMENT_3D ( 'NONE', #1219, #968, #1495 ) ;
#820 = ORIENTED_EDGE ( 'NONE', *, *, #1104, .F. ) ;
#821 = VERTEX_POINT ( 'NONE', #240 ) ;
#822 = CARTESIAN_POINT ( 'NONE',  ( -18.70224001811209291, 0.000000000000000000, -11.77306225876584023 ) ) ;
#823 = CIRCLE ( 'NONE', #410, 4.100000000000006750 ) ;
#824 = CARTESIAN_POINT ( 'NONE',  ( -18.70224001811209291, 2.999999999999999112, -9.773062258765840227 ) ) ;
#825 = LINE ( 'NONE', #16, #1537 ) ;
#826 = DIRECTION ( 'NONE',  ( -0.4868436374346051809, 0.000000000000000000, 0.8734891371330514298 ) ) ;
#827 = DIRECTION ( 'NONE',  ( -0.4868436374346051809, -0.000000000000000000, 0.8734891371330514298 ) ) ;
#828 = ORIENTED_EDGE ( 'NONE', *, *, #275, .F. ) ;
#829 = CIRCLE ( 'NONE', #1330, 2.000000000000001776 ) ;
#830 = DIRECTION ( 'NONE',  ( 1.000000000000000000, 0.000000000000000000, -0.000000000000000000 ) ) ;
#831 = DIRECTION ( 'NONE',  ( -0.000000000000000000, 1.000000000000000000, -0.000000000000000000 ) ) ;
#832 = CARTESIAN_POINT ( 'NONE',  ( 8.580561569927782628, 0.000000000000000000, 14.61673738234829045 ) ) ;
#833 = ADVANCED_FACE ( 'NONE', ( #1795 ), #517, .F. ) ;
#834 = EDGE_CURVE ( 'NONE', #1581, #1103, #324, .T. ) ;
#835 = AXIS2_PLACEMENT_3D ( 'NONE', #1506, #1536, #540 ) ;
#836 = FACE_BOUND ( 'NONE', #1690, .T. ) ;
#837 = CARTESIAN_POINT ( 'NONE',  ( -14.39640713212534173, 2.999999999999999112, -21.89581918496360302 ) ) ;
#838 = DIRECTION ( 'NONE',  ( -0.5130419639691983225, 0.000000000000000000, -0.8583635262559958790 ) ) ;
#839 = VERTEX_POINT ( 'NONE', #398 ) ;
#840 = CARTESIAN_POINT ( 'NONE',  ( 6.580561569927720456, 0.000000000000000000, 23.72845661736614886 ) ) ;
#841 = DIRECTION ( 'NONE',  ( 0.000000000000000000, -1.000000000000000000, -0.000000000000000000 ) ) ;
#842 = CARTESIAN_POINT ( 'NONE',  ( -45.46425701452020007, 3.000000000000000000, -1.709773417649430138 ) ) ;
#843 = LINE ( 'NONE', #986, #263 ) ;
#844 = CARTESIAN_POINT ( 'NONE',  ( -47.63139720814413636, 0.000000000000000000, 19.55520208263755677 ) ) ;
#845 = DIRECTION ( 'NONE',  ( 0.8583635262559958790, 0.000000000000000000, -0.5130419639691983225 ) ) ;
#846 = EDGE_CURVE ( 'NONE', #59, #1664, #816, .T. ) ;
#847 = FACE_OUTER_BOUND ( 'NONE', #663, .T. ) ;
#848 = EDGE_CURVE ( 'NONE', #602, #109, #1689, .T. ) ;
#849 = CYLINDRICAL_SURFACE ( 'NONE', #1764, 1.999999999999998224 ) ;
#850 = CARTESIAN_POINT ( 'NONE',  ( 37.63139720814410794, 0.000000000000000000, -21.72649730810375956 ) ) ;
#851 = ORIENTED_EDGE ( 'NONE', *, *, #1704, .F. ) ;
#852 = DIRECTION ( 'NONE',  ( -0.8660254037844387076, 0.000000000000000000, -0.4999999999999997780 ) ) ;
#853 = DIRECTION ( 'NONE',  ( 1.000000000000000000, 0.000000000000000000, 1.561165683983383683E-16 ) ) ;
#854 = AXIS2_PLACEMENT_3D ( 'NONE', #1794, #1683, #267 ) ;
#855 = EDGE_CURVE ( 'NONE', #747, #228, #1393, .T. ) ;
#856 = AXIS2_PLACEMENT_3D ( 'NONE', #824, #1551, #1834 ) ;
#857 = VECTOR ( 'NONE', #1326, 1000.000000000000000 ) ;
#858 = EDGE_CURVE ( 'NONE', #256, #380, #1298, .T. ) ;
#859 = VECTOR ( 'NONE', #223, 1000.000000000000000 ) ;
#860 = ORIENTED_EDGE ( 'NONE', *, *, #1117, .T. ) ;
#861 = FACE_OUTER_BOUND ( 'NONE', #219, .T. ) ;
#862 = EDGE_LOOP ( 'NONE', ( #1357, #1343, #1361, #775 ) ) ;
#863 = DIRECTION ( 'NONE',  ( 0.000000000000000000, 0.000000000000000000, 1.000000000000000000 ) ) ;
#864 = ORIENTED_EDGE ( 'NONE', *, *, #498, .F. ) ;
#865 = DIRECTION ( 'NONE',  ( -0.5130419639691983225, -0.000000000000000000, -0.8583635262559958790 ) ) ;
#866 = EDGE_CURVE ( 'NONE', #1781, #889, #1712, .T. ) ;
#867 = DIRECTION ( 'NONE',  ( -5.046468293750710023E-16, 0.000000000000000000, -1.000000000000000000 ) ) ;
#868 = AXIS2_PLACEMENT_3D ( 'NONE', #150, #10, #1708 ) ;
#869 = LINE ( 'NONE', #1276, #1156 ) ;
#870 = EDGE_CURVE ( 'NONE', #1596, #1191, #134, .T. ) ;
#871 = ORIENTED_EDGE ( 'NONE', *, *, #1566, .T. ) ;
#872 = ORIENTED_EDGE ( 'NONE', *, *, #1176, .T. ) ;
#873 = DIRECTION ( 'NONE',  ( 0.000000000000000000, 1.000000000000000000, 0.000000000000000000 ) ) ;
#874 = DIRECTION ( 'NONE',  ( -5.046468293750710023E-16, 0.000000000000000000, -1.000000000000000000 ) ) ;
#875 = CARTESIAN_POINT ( 'NONE',  ( 6.580561569927780852, 0.000000000000000000, 21.72845661736614886 ) ) ;
#876 = ORIENTED_EDGE ( 'NONE', *, *, #424, .F. ) ;
#877 = VECTOR ( 'NONE', #1015, 1000.000000000000000 ) ;
#878 = EDGE_CURVE ( 'NONE', #720, #1083, #823, .T. ) ;
#879 = EDGE_CURVE ( 'NONE', #821, #301, #1713, .T. ) ;
#880 = ORIENTED_EDGE ( 'NONE', *, *, #583, .T. ) ;
#881 = FACE_OUTER_BOUND ( 'NONE', #1490, .T. ) ;
#882 = CARTESIAN_POINT ( 'NONE',  ( -39.17778886103073432, 3.000000000000000000, -17.26492232632353208 ) ) ;
#883 = AXIS2_PLACEMENT_3D ( 'NONE', #703, #979, #852 ) ;
#884 = CARTESIAN_POINT ( 'NONE',  ( -6.580561569927788845, 0.000000000000000000, 23.72845661736575451 ) ) ;
#885 = VERTEX_POINT ( 'NONE', #154 ) ;
#886 = CARTESIAN_POINT ( 'NONE',  ( -39.87512702361919992, 2.999999999999999112, -15.39043053199693922 ) ) ;
#887 = VECTOR ( 'NONE', #1550, 1000.000000000000000 ) ;
#888 = ADVANCED_FACE ( 'NONE', ( #1275 ), #1420, .F. ) ;
#889 = VERTEX_POINT ( 'NONE', #286 ) ;
#890 = DIRECTION ( 'NONE',  ( -0.000000000000000000, 1.000000000000000000, -0.000000000000000000 ) ) ;
#891 = CARTESIAN_POINT ( 'NONE',  ( 0.000000000000000000, 3.000000000000000000, 46.86226820536240467 ) ) ;
#892 = CARTESIAN_POINT ( 'NONE',  ( -24.47103638019040872, 3.000000000000000000, -38.07109817081195757 ) ) ;
#893 = ORIENTED_EDGE ( 'NONE', *, *, #1565, .T. ) ;
#894 = CARTESIAN_POINT ( 'NONE',  ( 20.12620908988085588, 0.000000000000000000, 10.61673738234828868 ) ) ;
#895 = DIRECTION ( 'NONE',  ( -0.5000000000000001110, 0.000000000000000000, 0.8660254037844385966 ) ) ;
#896 = EDGE_CURVE ( 'NONE', #504, #206, #14, .T. ) ;
#897 = EDGE_CURVE ( 'NONE', #1391, #463, #342, .T. ) ;
#898 = ORIENTED_EDGE ( 'NONE', *, *, #523, .F. ) ;
#899 = AXIS2_PLACEMENT_3D ( 'NONE', #1355, #82, #647 ) ;
#900 = ORIENTED_EDGE ( 'NONE', *, *, #498, .T. ) ;
#901 = EDGE_CURVE ( 'NONE', #1783, #1450, #141, .T. ) ;
#902 = FACE_OUTER_BOUND ( 'NONE', #621, .T. ) ;
#903 = DIRECTION ( 'NONE',  ( -0.000000000000000000, 1.000000000000000000, -0.000000000000000000 ) ) ;
#904 = AXIS2_PLACEMENT_3D ( 'NONE', #1428, #561, #1707 ) ;
#905 = LINE ( 'NONE', #1195, #188 ) ;
#906 = VERTEX_POINT ( 'NONE', #568 ) ;
#907 = CARTESIAN_POINT ( 'NONE',  ( -33.97387595775362001, 0.000000000000000000, 8.388302793703898530 ) ) ;
#908 = CARTESIAN_POINT ( 'NONE',  ( -1.387778780781354463E-16, 3.000000000000000000, 55.00000000000000711 ) ) ;
#909 = ORIENTED_EDGE ( 'NONE', *, *, #1447, .T. ) ;
#910 = ORIENTED_EDGE ( 'NONE', *, *, #241, .T. ) ;
#911 = AXIS2_PLACEMENT_3D ( 'NONE', #237, #353, #513 ) ;
#912 = ORIENTED_EDGE ( 'NONE', *, *, #834, .F. ) ;
#913 = DIRECTION ( 'NONE',  ( -1.493941974368068490E-16, 0.000000000000000000, 1.000000000000000000 ) ) ;
#914 = DIRECTION ( 'NONE',  ( 0.000000000000000000, 0.000000000000000000, 1.000000000000000000 ) ) ;
#915 = AXIS2_PLACEMENT_3D ( 'NONE', #757, #1211, #54 ) ;
#916 = VECTOR ( 'NONE', #1319, 1000.000000000000000 ) ;
#917 = ORIENTED_EDGE ( 'NONE', *, *, #1749, .F. ) ;
#918 = DIRECTION ( 'NONE',  ( 0.000000000000000000, -1.000000000000000000, 0.000000000000000000 ) ) ;
#919 = FACE_OUTER_BOUND ( 'NONE', #1351, .T. ) ;
#920 = EDGE_LOOP ( 'NONE', ( #1304, #1076, #515, #157 ) ) ;
#921 = VERTEX_POINT ( 'NONE', #1291 ) ;
#922 = VECTOR ( 'NONE', #874, 1000.000000000000000 ) ;
#923 = ORIENTED_EDGE ( 'NONE', *, *, #332, .T. ) ;
#924 = VERTEX_POINT ( 'NONE', #998 ) ;
#925 = DIRECTION ( 'NONE',  ( 0.000000000000000000, 0.000000000000000000, 1.000000000000000000 ) ) ;
#926 = ADVANCED_FACE ( 'NONE', ( #847 ), #1838, .F. ) ;
#927 = LINE ( 'NONE', #1594, #857 ) ;
#928 = VERTEX_POINT ( 'NONE', #1700 ) ;
#929 = CARTESIAN_POINT ( 'NONE',  ( 18.12620908988084878, 0.000000000000000000, -21.89581918496360302 ) ) ;
#930 = FACE_OUTER_BOUND ( 'NONE', #1247, .T. ) ;
#931 = EDGE_CURVE ( 'NONE', #18, #256, #1564, .T. ) ;
#932 = ORIENTED_EDGE ( 'NONE', *, *, #744, .T. ) ;
#933 = VECTOR ( 'NONE', #486, 1000.000000000000000 ) ;
#934 = VERTEX_POINT ( 'NONE', #1558 ) ;
#935 = ORIENTED_EDGE ( 'NONE', *, *, #1220, .T. ) ;
#936 = CARTESIAN_POINT ( 'NONE',  ( -41.56185691933844595, 0.7000000000000000666, 9.613715481249210271 ) ) ;
#937 = DIRECTION ( 'NONE',  ( 0.000000000000000000, 0.000000000000000000, 1.000000000000000000 ) ) ;
#938 = LINE ( 'NONE', #234, #985 ) ;
#939 = VERTEX_POINT ( 'NONE', #1146 ) ;
#940 = DIRECTION ( 'NONE',  ( 0.000000000000000000, 0.000000000000000000, -1.000000000000000000 ) ) ;
#941 = ORIENTED_EDGE ( 'NONE', *, *, #1203, .F. ) ;
#942 = EDGE_CURVE ( 'NONE', #1664, #1172, #556, .T. ) ;
#943 = ORIENTED_EDGE ( 'NONE', *, *, #1676, .T. ) ;
#944 = DIRECTION ( 'NONE',  ( -0.000000000000000000, -1.000000000000000000, -0.000000000000000000 ) ) ;
#945 = LINE ( 'NONE', #259, #887 ) ;
#946 = AXIS2_PLACEMENT_3D ( 'NONE', #850, #151, #715 ) ;
#947 = CIRCLE ( 'NONE', #198, 1.999999999999998224 ) ;
#948 = LINE ( 'NONE', #1241, #749 ) ;
#949 = DIRECTION ( 'NONE',  ( 0.000000000000000000, 0.000000000000000000, 1.000000000000000000 ) ) ;
#950 = ORIENTED_EDGE ( 'NONE', *, *, #251, .T. ) ;
#951 = LINE ( 'NONE', #801, #499 ) ;
#952 = ORIENTED_EDGE ( 'NONE', *, *, #896, .F. ) ;
#953 = ORIENTED_EDGE ( 'NONE', *, *, #253, .F. ) ;
#954 = ORIENTED_EDGE ( 'NONE', *, *, #262, .T. ) ;
#955 = CARTESIAN_POINT ( 'NONE',  ( -18.70224001811203252, -16.00000000000000000, 10.11673738234929942 ) ) ;
#956 = EDGE_CURVE ( 'NONE', #495, #623, #974, .T. ) ;
#957 = DIRECTION ( 'NONE',  ( 0.000000000000000000, 0.000000000000000000, 1.000000000000000000 ) ) ;
#958 = CARTESIAN_POINT ( 'NONE',  ( -6.580561569927788845, 2.999999999999999112, 23.72845661736575451 ) ) ;
#959 = EDGE_LOOP ( 'NONE', ( #452, #610, #325, #617, #30, #1058, #1342, #1528, #656, #181, #1085, #28, #1486, #1661, #642, #1478, #511, #923, #1411, #860 ) ) ;
#960 = EDGE_LOOP ( 'NONE', ( #239, #629, #388, #734 ) ) ;
#961 = ORIENTED_EDGE ( 'NONE', *, *, #1136, .F. ) ;
#962 = CYLINDRICAL_SURFACE ( 'NONE', #125, 2.000000000000001776 ) ;
#963 = DIRECTION ( 'NONE',  ( 0.000000000000000000, -1.000000000000000000, 0.000000000000000000 ) ) ;
#964 = CARTESIAN_POINT ( 'NONE',  ( -45.46425701452020007, 0.000000000000000000, -1.709773417649428806 ) ) ;
#965 = AXIS2_PLACEMENT_3D ( 'NONE', #411, #1280, #401 ) ;
#966 = EDGE_CURVE ( 'NONE', #206, #184, #843, .T. ) ;
#967 = CARTESIAN_POINT ( 'NONE',  ( -41.56185691933844595, 0.7000000000000000666, 13.71371548124921524 ) ) ;
#968 = DIRECTION ( 'NONE',  ( 0.000000000000000000, -1.000000000000000000, -0.000000000000000000 ) ) ;
#969 = LINE ( 'NONE', #244, #242 ) ;
#970 = ORIENTED_EDGE ( 'NONE', *, *, #96, .F. ) ;
#971 = EDGE_CURVE ( 'NONE', #1811, #11, #420, .T. ) ;
#972 = DIRECTION ( 'NONE',  ( 0.000000000000000000, 1.000000000000000000, 0.000000000000000000 ) ) ;
#973 = DIRECTION ( 'NONE',  ( 0.000000000000000000, -1.000000000000000000, -0.000000000000000000 ) ) ;
#974 = CIRCLE ( 'NONE', #1052, 4.100000000000006750 ) ;
#975 = CARTESIAN_POINT ( 'NONE',  ( -38.14307621605032494, 19.00000000000000000, -14.39043053199694278 ) ) ;
#976 = VECTOR ( 'NONE', #326, 1000.000000000000114 ) ;
#977 = CARTESIAN_POINT ( 'NONE',  ( -12.39640713212534173, 0.000000000000000000, -23.89581918496360302 ) ) ;
#978 = LINE ( 'NONE', #1544, #465 ) ;
#979 = DIRECTION ( 'NONE',  ( 0.4999999999999998335, 0.000000000000000000, -0.8660254037844388186 ) ) ;
#980 = ORIENTED_EDGE ( 'NONE', *, *, #387, .T. ) ;
#981 = VECTOR ( 'NONE', #1244, 1000.000000000000000 ) ;
#982 = CARTESIAN_POINT ( 'NONE',  ( 4.999999999999991118, 3.000000000000000000, 52.11324865405187978 ) ) ;
#983 = CARTESIAN_POINT ( 'NONE',  ( -9.980655323423823333, 19.00000000000000000, -33.16917438216527358 ) ) ;
#984 = DIRECTION ( 'NONE',  ( 0.000000000000000000, 0.000000000000000000, -1.000000000000000000 ) ) ;
#985 = VECTOR ( 'NONE', #383, 1000.000000000000114 ) ;
#986 = CARTESIAN_POINT ( 'NONE',  ( -9.980655323423823333, 19.00000000000000000, -33.16917438216527358 ) ) ;
#987 = CIRCLE ( 'NONE', #245, 2.000000000000000000 ) ;
#988 = DIRECTION ( 'NONE',  ( 0.000000000000000000, 0.000000000000000000, 1.000000000000000000 ) ) ;
#989 = EDGE_CURVE ( 'NONE', #466, #1811, #825, .T. ) ;
#990 = CARTESIAN_POINT ( 'NONE',  ( -6.580561569927728449, 2.999999999999999112, 21.72845661736575096 ) ) ;
#991 = EDGE_CURVE ( 'NONE', #924, #725, #706, .T. ) ;
#992 = DIRECTION ( 'NONE',  ( 0.4999999999999999445, 0.000000000000000000, -0.8660254037844387076 ) ) ;
#993 = PRODUCT_DEFINITION_CONTEXT ( 'detailed design', #1590, 'design' ) ;
#994 = CARTESIAN_POINT ( 'NONE',  ( 14.66760724610477418, 3.000000000000000000, -37.94555364585786350 ) ) ;
#995 = DIRECTION ( 'NONE',  ( -1.000000000000000000, 0.000000000000000000, 5.046468293750710023E-16 ) ) ;
#996 = ORIENTED_EDGE ( 'NONE', *, *, #870, .F. ) ;
#997 = CARTESIAN_POINT ( 'NONE',  ( -43.70589081304810009, 0.000000000000000000, 26.12291339725702954 ) ) ;
#998 = CARTESIAN_POINT ( 'NONE',  ( -16.39640713212533640, 3.000000000000000000, -11.77306225876584023 ) ) ;
#999 = ADVANCED_FACE ( 'NONE', ( #294 ), #264, .T. ) ;
#1000 = ORIENTED_EDGE ( 'NONE', *, *, #942, .F. ) ;
#1001 = CARTESIAN_POINT ( 'NONE',  ( -20.70224001811202541, 3.000000000000000000, -11.77306225876584023 ) ) ;
#1002 = ORIENTED_EDGE ( 'NONE', *, *, #1020, .T. ) ;
#1003 = CARTESIAN_POINT ( 'NONE',  ( -33.95904724051958112, -15.30000000000000426, -25.63738129795654430 ) ) ;
#1004 = AXIS2_PLACEMENT_3D ( 'NONE', #886, #1456, #200 ) ;
#1005 = CIRCLE ( 'NONE', #766, 1.999999999999998224 ) ;
#1006 = AXIS2_PLACEMENT_3D ( 'NONE', #189, #1604, #197 ) ;
#1007 = AXIS2_PLACEMENT_3D ( 'NONE', #770, #1198, #1026 ) ;
#1008 = EDGE_LOOP ( 'NONE', ( #1507, #99, #1803, #781 ) ) ;
#1009 = DIRECTION ( 'NONE',  ( 0.000000000000000000, 0.000000000000000000, 1.000000000000000000 ) ) ;
#1010 = ORIENTED_EDGE ( 'NONE', *, *, #1598, .F. ) ;
#1011 = CARTESIAN_POINT ( 'NONE',  ( 14.66760724610477418, 0.7000000000000000666, -37.94555364585786350 ) ) ;
#1012 = DIRECTION ( 'NONE',  ( -0.000000000000000000, 1.000000000000000000, 0.000000000000000000 ) ) ;
#1013 = ORIENTED_EDGE ( 'NONE', *, *, #571, .F. ) ;
#1014 = ORIENTED_EDGE ( 'NONE', *, *, #20, .T. ) ;
#1015 = DIRECTION ( 'NONE',  ( 0.000000000000000000, -1.000000000000000000, 0.000000000000000000 ) ) ;
#1016 = CARTESIAN_POINT ( 'NONE',  ( -20.70224001811209646, 2.999999999999999112, -9.773062258765834898 ) ) ;
#1017 = AXIS2_PLACEMENT_3D ( 'NONE', #1286, #1431, #156 ) ;
#1018 = PLANE ( 'NONE',  #297 ) ;
#1019 = EDGE_LOOP ( 'NONE', ( #758, #1040, #1793, #277 ) ) ;
#1020 = EDGE_CURVE ( 'NONE', #906, #177, #700, .T. ) ;
#1021 = ORIENTED_EDGE ( 'NONE', *, *, #1377, .T. ) ;
#1022 = FACE_OUTER_BOUND ( 'NONE', #1522, .T. ) ;
#1023 = DIRECTION ( 'NONE',  ( 0.000000000000000000, 0.000000000000000000, 1.000000000000000000 ) ) ;
#1024 = CARTESIAN_POINT ( 'NONE',  ( -32.22699643295069905, 0.000000000000000000, -24.63738129795654430 ) ) ;
#1025 = ORIENTED_EDGE ( 'NONE', *, *, #855, .T. ) ;
#1026 = DIRECTION ( 'NONE',  ( 0.000000000000000000, 0.000000000000000000, 1.000000000000000000 ) ) ;
#1027 = VECTOR ( 'NONE', #273, 1000.000000000000000 ) ;
#1028 = ORIENTED_EDGE ( 'NONE', *, *, #20, .F. ) ;
#1029 = CARTESIAN_POINT ( 'NONE',  ( 14.66760724610477418, 3.000000000000000000, -42.04555364585786492 ) ) ;
#1030 = CARTESIAN_POINT ( 'NONE',  ( 7.002838850263480630, -7.099999999999999645, -50.95690910470881363 ) ) ;
#1031 = AXIS2_PLACEMENT_3D ( 'NONE', #436, #723, #1152 ) ;
#1032 = DIRECTION ( 'NONE',  ( 0.8660254037844385966, 0.000000000000000000, -0.4999999999999999445 ) ) ;
#1033 = EDGE_CURVE ( 'NONE', #1312, #109, #1677, .T. ) ;
#1034 = VERTEX_POINT ( 'NONE', #1293 ) ;
#1035 = CARTESIAN_POINT ( 'NONE',  ( 41.05860311233816873, 0.7000000000000000666, 8.325866583872960192 ) ) ;
#1036 = DIRECTION ( 'NONE',  ( -0.4999999999999999445, 0.000000000000000000, -0.8660254037844387076 ) ) ;
#1037 = AXIS2_PLACEMENT_3D ( 'NONE', #611, #1438, #1183 ) ;
#1038 = EDGE_CURVE ( 'NONE', #301, #184, #569, .T. ) ;
#1039 = ORIENTED_EDGE ( 'NONE', *, *, #848, .F. ) ;
#1040 = ORIENTED_EDGE ( 'NONE', *, *, #670, .F. ) ;
#1041 = CARTESIAN_POINT ( 'NONE',  ( 8.580561569927780852, 3.000000000000000000, 21.72845661736614886 ) ) ;
#1042 = CARTESIAN_POINT ( 'NONE',  ( -38.14307621605031784, 0.000000000000000000, -14.39043053199694988 ) ) ;
#1043 = CARTESIAN_POINT ( 'NONE',  ( -33.95904724051958112, 0.000000000000000000, -23.63738129795654785 ) ) ;
#1044 = VERTEX_POINT ( 'NONE', #967 ) ;
#1045 = DIRECTION ( 'NONE',  ( 0.000000000000000000, 0.000000000000000000, 1.000000000000000000 ) ) ;
#1046 = DIRECTION ( 'NONE',  ( 1.000000000000000000, 0.000000000000000000, 0.000000000000000000 ) ) ;
#1047 = ORIENTED_EDGE ( 'NONE', *, *, #1405, .T. ) ;
#1048 = VERTEX_POINT ( 'NONE', #1111 ) ;
#1049 = VECTOR ( 'NONE', #232, 1000.000000000000000 ) ;
#1050 = ORIENTED_EDGE ( 'NONE', *, *, #31, .F. ) ;
#1051 = DIRECTION ( 'NONE',  ( 0.000000000000000000, 0.000000000000000000, -1.000000000000000000 ) ) ;
#1052 = AXIS2_PLACEMENT_3D ( 'NONE', #994, #283, #136 ) ;
#1053 = DIRECTION ( 'NONE',  ( 0.000000000000000000, 0.000000000000000000, 1.000000000000000000 ) ) ;
#1054 = EDGE_LOOP ( 'NONE', ( #953, #609, #622, #316 ) ) ;
#1055 = CYLINDRICAL_SURFACE ( 'NONE', #270, 2.000000000000000000 ) ;
#1056 = DIRECTION ( 'NONE',  ( -0.000000000000000000, 1.000000000000000000, -0.000000000000000000 ) ) ;
#1057 = ORIENTED_EDGE ( 'NONE', *, *, #1117, .F. ) ;
#1058 = ORIENTED_EDGE ( 'NONE', *, *, #1457, .T. ) ;
#1059 = EDGE_LOOP ( 'NONE', ( #67, #909, #119, #246 ) ) ;
#1060 = ADVANCED_FACE ( 'NONE', ( #861 ), #1686, .T. ) ;
#1061 = AXIS2_PLACEMENT_3D ( 'NONE', #1607, #1224, #491 ) ;
#1062 = EDGE_LOOP ( 'NONE', ( #1327, #360, #941, #1166 ) ) ;
#1063 = CIRCLE ( 'NONE', #350, 1.999999999999998224 ) ;
#1064 = DIRECTION ( 'NONE',  ( -0.000000000000000000, 1.000000000000000000, -0.000000000000000000 ) ) ;
#1065 = EDGE_CURVE ( 'NONE', #885, #1069, #1135, .T. ) ;
#1066 = CARTESIAN_POINT ( 'NONE',  ( -8.580561569927729337, 0.000000000000000000, 21.72845661736575096 ) ) ;
#1067 = SURFACE_SIDE_STYLE ('',( #1799 ) ) ;
#1068 = AXIS2_PLACEMENT_3D ( 'NONE', #990, #444, #1711 ) ;
#1069 = VERTEX_POINT ( 'NONE', #1835 ) ;
#1070 = DIRECTION ( 'NONE',  ( 0.000000000000000000, -1.000000000000000000, -0.000000000000000000 ) ) ;
#1071 = PLANE ( 'NONE',  #535 ) ;
#1072 = ORIENTED_EDGE ( 'NONE', *, *, #275, .T. ) ;
#1073 = AXIS2_PLACEMENT_3D ( 'NONE', #1460, #873, #1444 ) ;
#1074 = VECTOR ( 'NONE', #1470, 1000.000000000000114 ) ;
#1075 = EDGE_LOOP ( 'NONE', ( #1347, #1047, #514, #442 ) ) ;
#1076 = ORIENTED_EDGE ( 'NONE', *, *, #1136, .T. ) ;
#1077 = ADVANCED_FACE ( 'NONE', ( #1559 ), #271, .F. ) ;
#1078 = CARTESIAN_POINT ( 'NONE',  ( 47.63139720814413636, 3.000000000000000000, 19.36893274039076474 ) ) ;
#1079 = CARTESIAN_POINT ( 'NONE',  ( -47.63139720814413636, -7.099999999999999645, 19.55520208263755322 ) ) ;
#1080 = LINE ( 'NONE', #530, #1547 ) ;
#1081 = ORIENTED_EDGE ( 'NONE', *, *, #13, .T. ) ;
#1082 = LINE ( 'NONE', #1652, #981 ) ;
#1083 = VERTEX_POINT ( 'NONE', #288 ) ;
#1084 = EDGE_LOOP ( 'NONE', ( #77, #1360, #1372, #1759 ) ) ;
#1085 = ORIENTED_EDGE ( 'NONE', *, *, #1155, .F. ) ;
#1086 = ADVANCED_FACE ( 'NONE', ( #1829 ), #849, .T. ) ;
#1087 = CARTESIAN_POINT ( 'NONE',  ( -41.56185691933844595, 0.7000000000000000666, 9.613715481249210271 ) ) ;
#1088 = DIRECTION ( 'NONE',  ( 0.000000000000000000, -1.000000000000000000, -0.000000000000000000 ) ) ;
#1089 = CARTESIAN_POINT ( 'NONE',  ( -1.696174065399544329E-14, 0.000000000000000000, -55.00000000000000711 ) ) ;
#1090 = ORIENTED_EDGE ( 'NONE', *, *, #409, .F. ) ;
#1091 = FACE_OUTER_BOUND ( 'NONE', #1062, .T. ) ;
#1092 = ORIENTED_EDGE ( 'NONE', *, *, #574, .F. ) ;
#1093 = VERTEX_POINT ( 'NONE', #721 ) ;
#1094 = DIRECTION ( 'NONE',  ( 0.000000000000000000, 0.000000000000000000, -1.000000000000000000 ) ) ;
#1095 = DIRECTION ( 'NONE',  ( 0.000000000000000000, 0.000000000000000000, 1.000000000000000000 ) ) ;
#1096 = ADVANCED_FACE ( 'NONE', ( #1421, #836, #549 ), #1408, .F. ) ;
#1097 = VECTOR ( 'NONE', #1804, 1000.000000000000000 ) ;
#1098 = DIRECTION ( 'NONE',  ( -0.000000000000000000, 1.000000000000000000, -0.000000000000000000 ) ) ;
#1099 = LINE ( 'NONE', #682, #590 ) ;
#1100 = CIRCLE ( 'NONE', #856, 2.000000000000000000 ) ;
#1101 = VERTEX_POINT ( 'NONE', #1121 ) ;
#1102 = ORIENTED_EDGE ( 'NONE', *, *, #956, .T. ) ;
#1103 = VERTEX_POINT ( 'NONE', #1042 ) ;
#1104 = EDGE_CURVE ( 'NONE', #1292, #68, #1623, .T. ) ;
#1105 = LINE ( 'NONE', #815, #149 ) ;
#1106 = CARTESIAN_POINT ( 'NONE',  ( -40.38074827646801879, 3.000000000000000000, 31.68616411250269849 ) ) ;
#1107 = DIRECTION ( 'NONE',  ( 0.8660254037844384856, 0.000000000000000000, -0.5000000000000002220 ) ) ;
#1108 = UNCERTAINTY_MEASURE_WITH_UNIT (LENGTH_MEASURE( 1.000000000000000082E-05 ), #520, 'distance_accuracy_value', 'NONE');
#1109 = ADVANCED_FACE ( 'NONE', ( #312 ), #728, .F. ) ;
#1110 = EDGE_CURVE ( 'NONE', #1755, #921, #588, .T. ) ;
#1111 = CARTESIAN_POINT ( 'NONE',  ( -47.63139720814413636, 3.000000000000000000, 19.55520208263755322 ) ) ;
#1112 = CARTESIAN_POINT ( 'NONE',  ( -41.56185691933844595, 3.000000000000000000, 5.513715481249206185 ) ) ;
#1113 = CARTESIAN_POINT ( 'NONE',  ( -16.39640713212533640, -16.00000000000000000, -13.77306225876584023 ) ) ;
#1114 = ORIENTED_EDGE ( 'NONE', *, *, #792, .T. ) ;
#1115 = ORIENTED_EDGE ( 'NONE', *, *, #897, .T. ) ;
#1116 = CARTESIAN_POINT ( 'NONE',  ( -12.39640713212534173, -16.00000000000000000, -21.89581918496360302 ) ) ;
#1117 = EDGE_CURVE ( 'NONE', #1503, #1069, #1120, .T. ) ;
#1118 = CARTESIAN_POINT ( 'NONE',  ( -33.95904724051958112, 0.000000000000000000, -25.63738129795654430 ) ) ;
#1119 = CARTESIAN_POINT ( 'NONE',  ( -8.580561569927727561, 0.000000000000000000, 14.11673738234929942 ) ) ;
#1120 = CIRCLE ( 'NONE', #548, 2.000000000000000000 ) ;
#1121 = CARTESIAN_POINT ( 'NONE',  ( 18.12620908988084878, 0.000000000000000000, -23.89581918496360302 ) ) ;
#1122 = CARTESIAN_POINT ( 'NONE',  ( -33.97387595775362001, 2.999999999999999112, 8.388302793703898530 ) ) ;
#1123 = DIRECTION ( 'NONE',  ( -0.000000000000000000, -1.000000000000000000, -0.000000000000000000 ) ) ;
#1124 = ORIENTED_EDGE ( 'NONE', *, *, #669, .F. ) ;
#1125 =( NAMED_UNIT ( * ) SI_UNIT ( $, .STERADIAN. ) SOLID_ANGLE_UNIT ( ) );
#1126 = DIRECTION ( 'NONE',  ( 0.000000000000000000, 1.000000000000000000, 0.000000000000000000 ) ) ;
#1127 = DIRECTION ( 'NONE',  ( 0.000000000000000000, 1.000000000000000000, 0.000000000000000000 ) ) ;
#1128 = EDGE_CURVE ( 'NONE', #1101, #466, #1730, .T. ) ;
#1129 = AXIS2_PLACEMENT_3D ( 'NONE', #603, #1611, #1167 ) ;
#1130 = DIRECTION ( 'NONE',  ( 0.000000000000000000, 1.000000000000000000, 0.000000000000000000 ) ) ;
#1131 = CARTESIAN_POINT ( 'NONE',  ( 41.05860311233816873, 0.7000000000000000666, 8.325866583872960192 ) ) ;
#1132 = CARTESIAN_POINT ( 'NONE',  ( -47.63139720814414346, 0.000000000000000000, -21.72649730810373114 ) ) ;
#1133 = DIRECTION ( 'NONE',  ( 0.8660254037844385966, 0.000000000000000000, 0.4999999999999999445 ) ) ;
#1134 = AXIS2_PLACEMENT_3D ( 'NONE', #1265, #551, #464 ) ;
#1135 = LINE ( 'NONE', #1702, #1270 ) ;
#1136 = EDGE_CURVE ( 'NONE', #644, #1781, #752, .T. ) ;
#1137 = AXIS2_PLACEMENT_3D ( 'NONE', #955, #963, #1249 ) ;
#1138 = FACE_OUTER_BOUND ( 'NONE', #1084, .T. ) ;
#1139 = FACE_BOUND ( 'NONE', #1300, .T. ) ;
#1140 = ADVANCED_FACE ( 'NONE', ( #1194 ), #1744, .T. ) ;
#1141 = CARTESIAN_POINT ( 'NONE',  ( -33.97387595775362001, 19.00000000000000000, 8.388302793703898530 ) ) ;
#1142 = DIRECTION ( 'NONE',  ( 0.000000000000000000, -0.000000000000000000, 1.000000000000000000 ) ) ;
#1143 = EDGE_LOOP ( 'NONE', ( #637, #1473, #524, #1002, #307, #1614, #1182, #1255, #361, #1181, #1204 ) ) ;
#1144 = PLANE ( 'NONE',  #883 ) ;
#1145 = CIRCLE ( 'NONE', #487, 3.999999999999996447 ) ;
#1146 = CARTESIAN_POINT ( 'NONE',  ( 41.05860311233816873, 0.7000000000000000666, 12.42586658387296517 ) ) ;
#1147 = EDGE_CURVE ( 'NONE', #784, #722, #1196, .T. ) ;
#1148 = VECTOR ( 'NONE', #122, 1000.000000000000114 ) ;
#1149 = EDGE_LOOP ( 'NONE', ( #257, #1610, #1229, #1651 ) ) ;
#1150 = CARTESIAN_POINT ( 'NONE',  ( -18.70224001811209291, 3.000000000000000000, -11.77306225876584023 ) ) ;
#1151 = ORIENTED_EDGE ( 'NONE', *, *, #633, .T. ) ;
#1152 = DIRECTION ( 'NONE',  ( 0.000000000000000000, -0.000000000000000000, 1.000000000000000000 ) ) ;
#1153 = DIRECTION ( 'NONE',  ( 0.000000000000000000, 0.000000000000000000, 1.000000000000000000 ) ) ;
#1154 = ORIENTED_EDGE ( 'NONE', *, *, #1378, .T. ) ;
#1155 = EDGE_CURVE ( 'NONE', #68, #1631, #1584, .T. ) ;
#1156 = VECTOR ( 'NONE', #1414, 1000.000000000000000 ) ;
#1157 = CIRCLE ( 'NONE', #767, 10.00000000000000178 ) ;
#1158 = CIRCLE ( 'NONE', #358, 1.999999999999998224 ) ;
#1159 = ORIENTED_EDGE ( 'NONE', *, *, #574, .T. ) ;
#1160 = CARTESIAN_POINT ( 'NONE',  ( -37.78311253585379603, -15.30000000000000426, -21.01390591497672489 ) ) ;
#1161 = CARTESIAN_POINT ( 'NONE',  ( -1.387778780781354463E-16, 3.000000000000000000, 55.00000000000000711 ) ) ;
#1162 = EDGE_CURVE ( 'NONE', #1772, #1680, #624, .T. ) ;
#1163 = MECHANICAL_DESIGN_GEOMETRIC_PRESENTATION_REPRESENTATION (  '', ( #693 ), #421 ) ;
#1164 = DIRECTION ( 'NONE',  ( 0.000000000000000000, -1.000000000000000000, 0.000000000000000000 ) ) ;
#1165 = EDGE_LOOP ( 'NONE', ( #1090, #653, #1390, #457, #1493, #1025, #329, #1212, #1529, #1567, #85, #1732 ) ) ;
#1166 = ORIENTED_EDGE ( 'NONE', *, *, #1763, .F. ) ;
#1167 = DIRECTION ( 'NONE',  ( 1.156482317317870344E-15, 0.000000000000000000, 1.000000000000000000 ) ) ;
#1168 = CARTESIAN_POINT ( 'NONE',  ( 41.05860311233816873, 0.7000000000000000666, 8.325866583872960192 ) ) ;
#1169 = CARTESIAN_POINT ( 'NONE',  ( -7.806255641895631925E-15, 3.000000000000000000, 43.45299461620749781 ) ) ;
#1170 = EDGE_LOOP ( 'NONE', ( #1124, #1463, #1455, #532 ) ) ;
#1171 = DIRECTION ( 'NONE',  ( 0.000000000000000000, 0.000000000000000000, 1.000000000000000000 ) ) ;
#1172 = VERTEX_POINT ( 'NONE', #1736 ) ;
#1173 = DIRECTION ( 'NONE',  ( -0.000000000000000000, -1.000000000000000000, 0.000000000000000000 ) ) ;
#1174 = EDGE_CURVE ( 'NONE', #1236, #521, #1765, .T. ) ;
#1175 = LINE ( 'NONE', #1030, #774 ) ;
#1176 = EDGE_CURVE ( 'NONE', #256, #803, #40, .T. ) ;
#1177 = DIRECTION ( 'NONE',  ( 0.000000000000000000, 0.000000000000000000, 1.000000000000000000 ) ) ;
#1178 = EDGE_LOOP ( 'NONE', ( #386, #755 ) ) ;
#1179 = DIRECTION ( 'NONE',  ( -0.000000000000000000, 1.000000000000000000, 0.000000000000000000 ) ) ;
#1180 = AXIS2_PLACEMENT_3D ( 'NONE', #472, #53, #1313 ) ;
#1181 = ORIENTED_EDGE ( 'NONE', *, *, #858, .T. ) ;
#1182 = ORIENTED_EDGE ( 'NONE', *, *, #1038, .F. ) ;
#1183 = DIRECTION ( 'NONE',  ( 0.8660254037844387076, 0.000000000000000000, 0.4999999999999999445 ) ) ;
#1184 = DIRECTION ( 'NONE',  ( 0.8660254037844385966, 0.000000000000000000, -0.4999999999999999445 ) ) ;
#1185 = ADVANCED_FACE ( 'NONE', ( #1439 ), #597, .F. ) ;
#1186 = DIRECTION ( 'NONE',  ( -1.493941974368068490E-16, 0.000000000000000000, 1.000000000000000000 ) ) ;
#1187 = ADVANCED_FACE ( 'NONE', ( #1445 ), #163, .F. ) ;
#1188 = ORIENTED_EDGE ( 'NONE', *, *, #1128, .T. ) ;
#1189 = CYLINDRICAL_SURFACE ( 'NONE', #1667, 2.000000000000001776 ) ;
#1190 = CARTESIAN_POINT ( 'NONE',  ( 8.580561569927782628, -16.00000000000000000, 12.61673738234829045 ) ) ;
#1191 = VERTEX_POINT ( 'NONE', #318 ) ;
#1192 = ORIENTED_EDGE ( 'NONE', *, *, #1290, .F. ) ;
#1193 = VERTEX_POINT ( 'NONE', #187 ) ;
#1194 = FACE_OUTER_BOUND ( 'NONE', #73, .T. ) ;
#1195 = CARTESIAN_POINT ( 'NONE',  ( -18.70224001811203252, 2.999999999999999112, 12.11673738234929942 ) ) ;
#1196 = CIRCLE ( 'NONE', #309, 4.100000000000006750 ) ;
#1197 = EDGE_LOOP ( 'NONE', ( #996, #1400, #475, #334 ) ) ;
#1198 = DIRECTION ( 'NONE',  ( 0.000000000000000000, 1.000000000000000000, 0.000000000000000000 ) ) ;
#1199 = VERTEX_POINT ( 'NONE', #882 ) ;
#1200 = ADVANCED_FACE ( 'NONE', ( #25 ), #1452, .F. ) ;
#1201 = EDGE_LOOP ( 'NONE', ( #1233, #1383, #120, #1467 ) ) ;
#1202 = EDGE_LOOP ( 'NONE', ( #193, #38, #731, #45 ) ) ;
#1203 = EDGE_CURVE ( 'NONE', #1316, #934, #1175, .T. ) ;
#1204 = ORIENTED_EDGE ( 'NONE', *, *, #1290, .T. ) ;
#1205 = CARTESIAN_POINT ( 'NONE',  ( -39.17778886103073432, -15.30000000000000426, -17.26492232632353563 ) ) ;
#1206 = AXIS2_PLACEMENT_3D ( 'NONE', #710, #853, #1284 ) ;
#1207 = DIRECTION ( 'NONE',  ( 0.000000000000000000, 0.000000000000000000, 1.000000000000000000 ) ) ;
#1208 = CARTESIAN_POINT ( 'NONE',  ( 37.63139720814410794, 3.000000000000000000, -21.72649730810375956 ) ) ;
#1209 = ORIENTED_EDGE ( 'NONE', *, *, #1565, .F. ) ;
#1210 = DIRECTION ( 'NONE',  ( 0.000000000000000000, 0.000000000000000000, 1.000000000000000000 ) ) ;
#1211 = DIRECTION ( 'NONE',  ( -0.000000000000000000, 1.000000000000000000, -0.000000000000000000 ) ) ;
#1212 = ORIENTED_EDGE ( 'NONE', *, *, #1110, .T. ) ;
#1213 = ORIENTED_EDGE ( 'NONE', *, *, #763, .F. ) ;
#1214 = CIRCLE ( 'NONE', #1129, 3.000000000000002665 ) ;
#1215 = ORIENTED_EDGE ( 'NONE', *, *, #1433, .T. ) ;
#1216 = ORIENTED_EDGE ( 'NONE', *, *, #1324, .T. ) ;
#1217 = ADVANCED_FACE ( 'NONE', ( #1336 ), #1494, .F. ) ;
#1218 = CYLINDRICAL_SURFACE ( 'NONE', #279, 2.000000000000000000 ) ;
#1219 = CARTESIAN_POINT ( 'NONE',  ( -12.39640713212534173, 2.999999999999999112, -21.89581918496360302 ) ) ;
#1220 = EDGE_CURVE ( 'NONE', #333, #1193, #373, .T. ) ;
#1221 = VECTOR ( 'NONE', #1658, 1000.000000000000000 ) ;
#1222 = ORIENTED_EDGE ( 'NONE', *, *, #846, .F. ) ;
#1223 = LINE ( 'NONE', #100, #1571 ) ;
#1224 = DIRECTION ( 'NONE',  ( -1.000000000000000000, 0.000000000000000000, 3.191120358960006022E-15 ) ) ;
#1225 = ORIENTED_EDGE ( 'NONE', *, *, #1676, .F. ) ;
#1226 = FACE_OUTER_BOUND ( 'NONE', #1170, .T. ) ;
#1227 = LINE ( 'NONE', #1260, #1701 ) ;
#1228 = VECTOR ( 'NONE', #678, 1000.000000000000000 ) ;
#1229 = ORIENTED_EDGE ( 'NONE', *, *, #332, .F. ) ;
#1230 = CARTESIAN_POINT ( 'NONE',  ( 44.57864888918323487, 0.000000000000000000, 24.84613792492335804 ) ) ;
#1231 = CARTESIAN_POINT ( 'NONE',  ( -20.70224001811209646, 0.000000000000000000, -9.773062258765834898 ) ) ;
#1232 = EDGE_CURVE ( 'NONE', #1199, #1581, #1504, .T. ) ;
#1233 = ORIENTED_EDGE ( 'NONE', *, *, #167, .F. ) ;
#1234 = CYLINDRICAL_SURFACE ( 'NONE', #419, 1.999999999999998224 ) ;
#1235 = CARTESIAN_POINT ( 'NONE',  ( -33.95904724051958112, 2.999999999999999112, -25.63738129795654430 ) ) ;
#1236 = VERTEX_POINT ( 'NONE', #1078 ) ;
#1237 = APPLICATION_PROTOCOL_DEFINITION ( 'draft international standard', 'automotive_design', 1998, #1590 ) ;
#1238 = CARTESIAN_POINT ( 'NONE',  ( 20.12620908988085588, 0.000000000000000000, -2.621258537915671505E-15 ) ) ;
#1239 = VECTOR ( 'NONE', #412, 1000.000000000000000 ) ;
#1240 = EDGE_CURVE ( 'NONE', #939, #889, #94, .T. ) ;
#1241 = CARTESIAN_POINT ( 'NONE',  ( 7.002838850263480630, 3.000000000000000000, -50.95690910470881363 ) ) ;
#1242 = EDGE_CURVE ( 'NONE', #1292, #1822, #1636, .T. ) ;
#1243 = CARTESIAN_POINT ( 'NONE',  ( -14.39640713212533463, 0.000000000000000000, 4.120149496332539697E-15 ) ) ;
#1244 = DIRECTION ( 'NONE',  ( -0.000000000000000000, 1.000000000000000000, -0.000000000000000000 ) ) ;
#1245 = ADVANCED_FACE ( 'NONE', ( #1354 ), #1218, .F. ) ;
#1246 = ORIENTED_EDGE ( 'NONE', *, *, #1586, .T. ) ;
#1247 = EDGE_LOOP ( 'NONE', ( #1192, #910, #1050, #1424 ) ) ;
#1248 = DIRECTION ( 'NONE',  ( 0.000000000000000000, -1.000000000000000000, 0.000000000000000000 ) ) ;
#1249 = DIRECTION ( 'NONE',  ( 0.000000000000000000, 0.000000000000000000, -1.000000000000000000 ) ) ;
#1250 = FACE_OUTER_BOUND ( 'NONE', #212, .T. ) ;
#1251 = VECTOR ( 'NONE', #64, 1000.000000000000000 ) ;
#1252 = DIRECTION ( 'NONE',  ( 0.000000000000000000, 0.000000000000000000, 1.000000000000000000 ) ) ;
#1253 = DIRECTION ( 'NONE',  ( -1.000000000000000000, 0.000000000000000000, 0.000000000000000000 ) ) ;
#1254 = AXIS2_PLACEMENT_3D ( 'NONE', #1190, #481, #1046 ) ;
#1255 = ORIENTED_EDGE ( 'NONE', *, *, #287, .T. ) ;
#1256 = AXIS2_PLACEMENT_3D ( 'NONE', #1754, #173, #914 ) ;
#1257 = ORIENTED_EDGE ( 'NONE', *, *, #107, .T. ) ;
#1258 = AXIS2_PLACEMENT_3D ( 'NONE', #780, #191, #330 ) ;
#1259 = PRODUCT_CONTEXT ( 'NONE', #1415, 'mechanical' ) ;
#1260 = CARTESIAN_POINT ( 'NONE',  ( 20.12620908988085233, 0.000000000000000000, -21.89581918496360302 ) ) ;
#1261 = CARTESIAN_POINT ( 'NONE',  ( -9.980655323423823333, 0.000000000000000000, -33.16917438216527358 ) ) ;
#1262 = VECTOR ( 'NONE', #786, 1000.000000000000000 ) ;
#1263 = DIRECTION ( 'NONE',  ( 0.000000000000000000, 0.000000000000000000, 1.000000000000000000 ) ) ;
#1264 = CARTESIAN_POINT ( 'NONE',  ( -41.56185691933844595, 0.7000000000000000666, 9.613715481249210271 ) ) ;
#1265 = CARTESIAN_POINT ( 'NONE',  ( 0.000000000000000000, 0.7000000000000000666, 46.86226820536240467 ) ) ;
#1266 = VERTEX_POINT ( 'NONE', #209 ) ;
#1267 = EDGE_CURVE ( 'NONE', #650, #924, #508, .T. ) ;
#1268 = CARTESIAN_POINT ( 'NONE',  ( 0.000000000000000000, 0.7000000000000000666, 46.86226820536240467 ) ) ;
#1269 = DIRECTION ( 'NONE',  ( -0.000000000000000000, 1.000000000000000000, 0.000000000000000000 ) ) ;
#1270 = VECTOR ( 'NONE', #1542, 1000.000000000000000 ) ;
#1271 = EDGE_CURVE ( 'NONE', #227, #354, #660, .T. ) ;
#1272 = DIRECTION ( 'NONE',  ( 0.000000000000000000, 1.000000000000000000, 0.000000000000000000 ) ) ;
#1273 = CARTESIAN_POINT ( 'NONE',  ( 10.58056156992778263, 0.000000000000000000, 12.61673738234829045 ) ) ;
#1274 = FACE_OUTER_BOUND ( 'NONE', #15, .T. ) ;
#1275 = FACE_OUTER_BOUND ( 'NONE', #1576, .T. ) ;
#1276 = CARTESIAN_POINT ( 'NONE',  ( 0.000000000000000000, 0.000000000000000000, -11.77306225876584023 ) ) ;
#1277 = PRODUCT_DEFINITION ( 'æœ', '', #1746, #993 ) ;
#1278 = EDGE_CURVE ( 'NONE', #1476, #489, #1483, .T. ) ;
#1279 = VECTOR ( 'NONE', #1556, 1000.000000000000000 ) ;
#1280 = DIRECTION ( 'NONE',  ( -0.000000000000000000, 1.000000000000000000, 0.000000000000000000 ) ) ;
#1281 = DIRECTION ( 'NONE',  ( -0.4868436374346051809, 0.000000000000000000, 0.8734891371330514298 ) ) ;
#1282 = DIRECTION ( 'NONE',  ( 0.000000000000000000, 0.000000000000000000, 1.000000000000000000 ) ) ;
#1283 = EDGE_CURVE ( 'NONE', #344, #249, #70, .T. ) ;
#1284 = DIRECTION ( 'NONE',  ( 1.561165683983383683E-16, 0.000000000000000000, -1.000000000000000000 ) ) ;
#1285 = MANIFOLD_SOLID_BREP ( '\X2\570689d2\X0\6', #1395 ) ;
#1286 = CARTESIAN_POINT ( 'NONE',  ( -41.56185691933844595, 0.7000000000000000666, 9.613715481249210271 ) ) ;
#1287 = CARTESIAN_POINT ( 'NONE',  ( 14.66760724610477418, 0.7000000000000000666, -42.04555364585786492 ) ) ;
#1288 = ORIENTED_EDGE ( 'NONE', *, *, #971, .T. ) ;
#1289 = FACE_BOUND ( 'NONE', #1608, .T. ) ;
#1290 = EDGE_CURVE ( 'NONE', #380, #795, #1158, .T. ) ;
#1291 = CARTESIAN_POINT ( 'NONE',  ( 40.94926914912279869, 3.000000000000000000, 31.35792843363552507 ) ) ;
#1292 = VERTEX_POINT ( 'NONE', #1231 ) ;
#1293 = CARTESIAN_POINT ( 'NONE',  ( 18.12620908988085233, 0.000000000000000000, 12.61673738234829045 ) ) ;
#1294 = ORIENTED_EDGE ( 'NONE', *, *, #567, .F. ) ;
#1295 = CARTESIAN_POINT ( 'NONE',  ( -47.63139720814414346, 3.000000000000000000, -27.49999999999999289 ) ) ;
#1296 = EDGE_CURVE ( 'NONE', #795, #1266, #1497, .T. ) ;
#1297 = AXIS2_PLACEMENT_3D ( 'NONE', #787, #222, #798 ) ;
#1298 = CIRCLE ( 'NONE', #641, 1.999999999999998224 ) ;
#1299 = EDGE_CURVE ( 'NONE', #906, #1103, #1099, .T. ) ;
#1300 = EDGE_LOOP ( 'NONE', ( #1620, #1246, #684, #1511, #449, #1294, #531, #666, #952, #1364, #796 ) ) ;
#1301 = DIRECTION ( 'NONE',  ( 1.000000000000000000, 0.000000000000000000, 2.992101068820011574E-14 ) ) ;
#1302 = DIRECTION ( 'NONE',  ( -0.000000000000000000, 1.000000000000000000, -0.000000000000000000 ) ) ;
#1303 = FACE_OUTER_BOUND ( 'NONE', #1432, .T. ) ;
#1304 = ORIENTED_EDGE ( 'NONE', *, *, #753, .F. ) ;
#1305 = VECTOR ( 'NONE', #43, 1000.000000000000000 ) ;
#1306 = ORIENTED_EDGE ( 'NONE', *, *, #143, .F. ) ;
#1307 = DIRECTION ( 'NONE',  ( 0.000000000000000000, -0.000000000000000000, 1.000000000000000000 ) ) ;
#1308 = CARTESIAN_POINT ( 'NONE',  ( 47.63139720814413636, 0.000000000000000000, 27.50000000000000355 ) ) ;
#1309 = AXIS2_PLACEMENT_3D ( 'NONE', #1833, #841, #686 ) ;
#1310 = AXIS2_PLACEMENT_3D ( 'NONE', #936, #1787, #925 ) ;
#1311 = DIRECTION ( 'NONE',  ( 0.000000000000000000, 1.000000000000000000, -0.000000000000000000 ) ) ;
#1312 = VERTEX_POINT ( 'NONE', #510 ) ;
#1313 = DIRECTION ( 'NONE',  ( 0.000000000000000000, 0.000000000000000000, -1.000000000000000000 ) ) ;
#1314 = EDGE_CURVE ( 'NONE', #1236, #921, #788, .T. ) ;
#1315 = EDGE_CURVE ( 'NONE', #1101, #11, #1080, .T. ) ;
#1316 = VERTEX_POINT ( 'NONE', #1356 ) ;
#1317 = CARTESIAN_POINT ( 'NONE',  ( -18.70224001811203252, 3.000000000000000000, 12.11673738234929942 ) ) ;
#1318 = CARTESIAN_POINT ( 'NONE',  ( -14.39640713212534173, -16.00000000000000000, -23.89581918496360302 ) ) ;
#1319 = DIRECTION ( 'NONE',  ( 1.561165683983383683E-16, 0.000000000000000000, -1.000000000000000000 ) ) ;
#1320 = ORIENTED_EDGE ( 'NONE', *, *, #117, .T. ) ;
#1321 = CARTESIAN_POINT ( 'NONE',  ( -10.58056156992772756, 0.000000000000000000, 14.11673738234929942 ) ) ;
#1322 = ORIENTED_EDGE ( 'NONE', *, *, #1314, .T. ) ;
#1323 = CARTESIAN_POINT ( 'NONE',  ( -12.39640713212534173, 0.000000000000000000, -21.89581918496360302 ) ) ;
#1324 = EDGE_CURVE ( 'NONE', #1093, #495, #969, .T. ) ;
#1325 = DIRECTION ( 'NONE',  ( 0.000000000000000000, 0.000000000000000000, 1.000000000000000000 ) ) ;
#1326 = DIRECTION ( 'NONE',  ( 1.000000000000000000, 0.000000000000000000, 0.000000000000000000 ) ) ;
#1327 = ORIENTED_EDGE ( 'NONE', *, *, #846, .T. ) ;
#1328 = CARTESIAN_POINT ( 'NONE',  ( -39.17778886103073432, 0.000000000000000000, -17.26492232632353208 ) ) ;
#1329 = CARTESIAN_POINT ( 'NONE',  ( -20.70224001811202541, -16.00000000000000000, 12.11673738234929942 ) ) ;
#1330 = AXIS2_PLACEMENT_3D ( 'NONE', #929, #1179, #366 ) ;
#1331 = ORIENTED_EDGE ( 'NONE', *, *, #438, .T. ) ;
#1332 = EDGE_LOOP ( 'NONE', ( #1369, #1479 ) ) ;
#1333 = CIRCLE ( 'NONE', #1427, 1.999999999999998224 ) ;
#1334 = DIRECTION ( 'NONE',  ( -0.000000000000000000, 1.000000000000000000, -0.000000000000000000 ) ) ;
#1335 = VECTOR ( 'NONE', #135, 1000.000000000000000 ) ;
#1336 = FACE_OUTER_BOUND ( 'NONE', #814, .T. ) ;
#1337 = LINE ( 'NONE', #462, #1723 ) ;
#1338 = ORIENTED_EDGE ( 'NONE', *, *, #143, .T. ) ;
#1339 = CARTESIAN_POINT ( 'NONE',  ( 8.580561569927782628, 3.000000000000000000, 12.61673738234829045 ) ) ;
#1340 = FACE_OUTER_BOUND ( 'NONE', #1659, .T. ) ;
#1341 = ORIENTED_EDGE ( 'NONE', *, *, #1595, .T. ) ;
#1342 = ORIENTED_EDGE ( 'NONE', *, *, #1278, .F. ) ;
#1343 = ORIENTED_EDGE ( 'NONE', *, *, #1770, .T. ) ;
#1344 = DIRECTION ( 'NONE',  ( -1.493941974368068244E-16, 0.000000000000000000, 1.000000000000000000 ) ) ;
#1345 = CARTESIAN_POINT ( 'NONE',  ( -20.37296016883708916, 0.000000000000000000, -39.16917438216527358 ) ) ;
#1346 = VECTOR ( 'NONE', #3, 1000.000000000000000 ) ;
#1347 = ORIENTED_EDGE ( 'NONE', *, *, #1458, .F. ) ;
#1348 = DIRECTION ( 'NONE',  ( 0.000000000000000000, 1.000000000000000000, 0.000000000000000000 ) ) ;
#1349 = CARTESIAN_POINT ( 'NONE',  ( -7.002838850263500170, 0.000000000000000000, -50.95690910470881363 ) ) ;
#1350 = EDGE_LOOP ( 'NONE', ( #954, #1114, #750, #586 ) ) ;
#1351 = EDGE_LOOP ( 'NONE', ( #376, #980, #676, #456 ) ) ;
#1352 = EDGE_LOOP ( 'NONE', ( #1654, #632, #1216, #1102 ) ) ;
#1353 = EDGE_CURVE ( 'NONE', #339, #344, #106, .T. ) ;
#1354 = FACE_OUTER_BOUND ( 'NONE', #742, .T. ) ;
#1355 = CARTESIAN_POINT ( 'NONE',  ( 10.58056156992778263, -16.00000000000000000, 14.61673738234829045 ) ) ;
#1356 = CARTESIAN_POINT ( 'NONE',  ( 7.002838850263461090, 0.000000000000000000, -50.95690910470882073 ) ) ;
#1357 = ORIENTED_EDGE ( 'NONE', *, *, #1283, .T. ) ;
#1358 = CARTESIAN_POINT ( 'NONE',  ( 6.580561569927780852, -16.00000000000000000, 21.72845661736614886 ) ) ;
#1359 = CARTESIAN_POINT ( 'NONE',  ( -42.86618080316688406, 19.00000000000000000, -0.2097734176494253644 ) ) ;
#1360 = ORIENTED_EDGE ( 'NONE', *, *, #1162, .T. ) ;
#1361 = ORIENTED_EDGE ( 'NONE', *, *, #730, .F. ) ;
#1362 = VECTOR ( 'NONE', #23, 1000.000000000000227 ) ;
#1363 = ORIENTED_EDGE ( 'NONE', *, *, #866, .F. ) ;
#1364 = ORIENTED_EDGE ( 'NONE', *, *, #633, .F. ) ;
#1365 = DIRECTION ( 'NONE',  ( 0.000000000000000000, -1.000000000000000000, 0.000000000000000000 ) ) ;
#1366 = CARTESIAN_POINT ( 'NONE',  ( 14.66760724610477418, 3.000000000000000000, -33.84555364585785497 ) ) ;
#1367 = CARTESIAN_POINT ( 'NONE',  ( -35.23373567229765513, -15.30000000000000426, -24.09622283696327472 ) ) ;
#1368 = AXIS2_PLACEMENT_3D ( 'NONE', #1011, #1578, #1399 ) ;
#1369 = ORIENTED_EDGE ( 'NONE', *, *, #1147, .F. ) ;
#1370 = DIRECTION ( 'NONE',  ( -0.000000000000000000, 1.000000000000000000, 0.000000000000000000 ) ) ;
#1371 = DIRECTION ( 'NONE',  ( 0.8660254037844387076, 0.000000000000000000, 0.4999999999999997224 ) ) ;
#1372 = ORIENTED_EDGE ( 'NONE', *, *, #1706, .T. ) ;
#1373 = EDGE_LOOP ( 'NONE', ( #1747, #1605, #66, #1672 ) ) ;
#1374 = CARTESIAN_POINT ( 'NONE',  ( 0.000000000000000000, 0.000000000000000000, 0.000000000000000000 ) ) ;
#1375 = DIRECTION ( 'NONE',  ( 0.000000000000000000, 1.000000000000000000, 0.000000000000000000 ) ) ;
#1376 = AXIS2_PLACEMENT_3D ( 'NONE', #1323, #195, #1009 ) ;
#1377 = EDGE_CURVE ( 'NONE', #503, #1722, #84, .T. ) ;
#1378 = EDGE_CURVE ( 'NONE', #722, #784, #1635, .T. ) ;
#1379 = LINE ( 'NONE', #529, #1049 ) ;
#1380 = DIRECTION ( 'NONE',  ( 0.000000000000000000, -1.000000000000000000, -0.000000000000000000 ) ) ;
#1381 = CARTESIAN_POINT ( 'NONE',  ( -33.97387595775362001, 19.00000000000000000, 8.388302793703898530 ) ) ;
#1382 = ORIENTED_EDGE ( 'NONE', *, *, #424, .T. ) ;
#1383 = ORIENTED_EDGE ( 'NONE', *, *, #1770, .F. ) ;
#1384 = LINE ( 'NONE', #840, #1782 ) ;
#1385 = DIRECTION ( 'NONE',  ( 0.8660254037844387076, -0.000000000000000000, 0.4999999999999999445 ) ) ;
#1386 = CIRCLE ( 'NONE', #819, 2.000000000000001776 ) ;
#1387 = CARTESIAN_POINT ( 'NONE',  ( -8.580561569927729337, 3.000000000000000000, 21.72845661736575096 ) ) ;
#1388 =( NAMED_UNIT ( * ) PLANE_ANGLE_UNIT ( ) SI_UNIT ( $, .RADIAN. ) );
#1389 = VECTOR ( 'NONE', #697, 1000.000000000000000 ) ;
#1390 = ORIENTED_EDGE ( 'NONE', *, *, #547, .T. ) ;
#1391 = VERTEX_POINT ( 'NONE', #1650 ) ;
#1392 = LINE ( 'NONE', #982, #439 ) ;
#1393 = LINE ( 'NONE', #1812, #1148 ) ;
#1394 = DIRECTION ( 'NONE',  ( 1.000000000000000000, 0.000000000000000000, 0.000000000000000000 ) ) ;
#1395 = CLOSED_SHELL ( 'NONE', ( #76, #1217, #1187, #390, #560, #1575, #1516, #573, #159, #47, #717, #1525, #1512, #1096, #1583, #1140, #252, #1471, #437, #1729, #230, #1109, #302, #1200, #79, #888, #148, #367, #33, #2, #732, #1828, #49, #926, #1185, #484, #1532, #1060, #5, #628, #1077, #1760, #604, #999, #1435, #833, #518, #1663, #1691, #210, #1086, #1619, #1824, #1398, #1245, #620, #91 ) ) ;
#1396 = CARTESIAN_POINT ( 'NONE',  ( -34.83854636809002159, 3.000000000000000000, -20.11404412379203777 ) ) ;
#1397 = LINE ( 'NONE', #1079, #17 ) ;
#1398 = ADVANCED_FACE ( 'NONE', ( #375 ), #648, .T. ) ;
#1399 = DIRECTION ( 'NONE',  ( 0.000000000000000000, 0.000000000000000000, 1.000000000000000000 ) ) ;
#1400 = ORIENTED_EDGE ( 'NONE', *, *, #445, .T. ) ;
#1401 = VECTOR ( 'NONE', #1032, 1000.000000000000114 ) ;
#1402 = VECTOR ( 'NONE', #1820, 1000.000000000000000 ) ;
#1403 = CARTESIAN_POINT ( 'NONE',  ( 47.63139720814413636, 0.000000000000000000, 19.36893274039076474 ) ) ;
#1404 = DIRECTION ( 'NONE',  ( 0.000000000000000000, 1.000000000000000000, 0.000000000000000000 ) ) ;
#1405 = EDGE_CURVE ( 'NONE', #580, #623, #72, .T. ) ;
#1406 = PLANE ( 'NONE',  #356 ) ;
#1407 = AXIS2_PLACEMENT_3D ( 'NONE', #171, #903, #1023 ) ;
#1408 = PLANE ( 'NONE',  #868 ) ;
#1409 = LINE ( 'NONE', #1697, #315 ) ;
#1410 = CARTESIAN_POINT ( 'NONE',  ( -8.580561569927727561, 3.000000000000000000, 14.11673738234929942 ) ) ;
#1411 = ORIENTED_EDGE ( 'NONE', *, *, #764, .F. ) ;
#1412 = CARTESIAN_POINT ( 'NONE',  ( 41.05860311233816873, 3.000000000000000000, 4.225866583872956106 ) ) ;
#1413 = DIRECTION ( 'NONE',  ( 0.000000000000000000, -1.000000000000000000, 0.000000000000000000 ) ) ;
#1414 = DIRECTION ( 'NONE',  ( -1.000000000000000000, 0.000000000000000000, 0.000000000000000000 ) ) ;
#1415 = APPLICATION_CONTEXT ( 'automotive_design' ) ;
#1416 = EDGE_CURVE ( 'NONE', #92, #934, #938, .T. ) ;
#1417 = DIRECTION ( 'NONE',  ( -1.000000000000000000, -0.000000000000000000, -0.000000000000000000 ) ) ;
#1418 = PLANE ( 'NONE',  #83 ) ;
#1419 = DIRECTION ( 'NONE',  ( -0.000000000000000000, -1.000000000000000000, -0.000000000000000000 ) ) ;
#1420 = PLANE ( 'NONE',  #1206 ) ;
#1421 = FACE_BOUND ( 'NONE', #1143, .T. ) ;
#1422 = EDGE_CURVE ( 'NONE', #521, #92, #1449, .T. ) ;
#1423 = CARTESIAN_POINT ( 'NONE',  ( 41.05860311233816873, 3.000000000000000000, 8.325866583872960192 ) ) ;
#1424 = ORIENTED_EDGE ( 'NONE', *, *, #1296, .F. ) ;
#1425 = FACE_OUTER_BOUND ( 'NONE', #525, .T. ) ;
#1426 = AXIS2_PLACEMENT_3D ( 'NONE', #740, #1370, #86 ) ;
#1427 = AXIS2_PLACEMENT_3D ( 'NONE', #698, #1269, #1153 ) ;
#1428 = CARTESIAN_POINT ( 'NONE',  ( -41.56185691933844595, 3.000000000000000000, 9.613715481249210271 ) ) ;
#1429 = AXIS2_PLACEMENT_3D ( 'NONE', #1737, #1472, #1207 ) ;
#1430 = ORIENTED_EDGE ( 'NONE', *, *, #1278, .T. ) ;
#1431 = DIRECTION ( 'NONE',  ( -0.000000000000000000, 1.000000000000000000, -0.000000000000000000 ) ) ;
#1432 = EDGE_LOOP ( 'NONE', ( #577, #1600, #44, #1443 ) ) ;
#1433 = EDGE_CURVE ( 'NONE', #1450, #1722, #1718, .T. ) ;
#1434 = DIRECTION ( 'NONE',  ( 0.000000000000000000, 0.000000000000000000, 1.000000000000000000 ) ) ;
#1435 = ADVANCED_FACE ( 'NONE', ( #1570 ), #708, .T. ) ;
#1436 = AXIS2_PLACEMENT_3D ( 'NONE', #562, #1272, #1142 ) ;
#1437 = ORIENTED_EDGE ( 'NONE', *, *, #1725, .F. ) ;
#1438 = DIRECTION ( 'NONE',  ( -0.4999999999999999445, 0.000000000000000000, 0.8660254037844387076 ) ) ;
#1439 = FACE_OUTER_BOUND ( 'NONE', #1639, .T. ) ;
#1440 = DIRECTION ( 'NONE',  ( 0.5000000000000003331, -0.000000000000000000, 0.8660254037844385966 ) ) ;
#1441 = ORIENTED_EDGE ( 'NONE', *, *, #1647, .T. ) ;
#1442 = VECTOR ( 'NONE', #719, 1000.000000000000000 ) ;
#1443 = ORIENTED_EDGE ( 'NONE', *, *, #1353, .F. ) ;
#1444 = DIRECTION ( 'NONE',  ( 0.000000000000000000, 0.000000000000000000, 1.000000000000000000 ) ) ;
#1445 = FACE_OUTER_BOUND ( 'NONE', #207, .T. ) ;
#1446 = CARTESIAN_POINT ( 'NONE',  ( -47.63139720814414346, 0.000000000000000000, -27.49999999999999289 ) ) ;
#1447 = EDGE_CURVE ( 'NONE', #1631, #1822, #1545, .T. ) ;
#1448 = ORIENTED_EDGE ( 'NONE', *, *, #1416, .F. ) ;
#1449 = CIRCLE ( 'NONE', #29, 10.00000000000000000 ) ;
#1450 = VERTEX_POINT ( 'NONE', #413 ) ;
#1451 = LINE ( 'NONE', #1735, #877 ) ;
#1452 = PLANE ( 'NONE',  #507 ) ;
#1453 = AXIS2_PLACEMENT_3D ( 'NONE', #407, #1375, #268 ) ;
#1454 = DIRECTION ( 'NONE',  ( -1.000000000000000000, 0.000000000000000000, 0.000000000000000000 ) ) ;
#1455 = ORIENTED_EDGE ( 'NONE', *, *, #393, .F. ) ;
#1456 = DIRECTION ( 'NONE',  ( -0.000000000000000000, 1.000000000000000000, 0.000000000000000000 ) ) ;
#1457 = EDGE_CURVE ( 'NONE', #344, #489, #655, .T. ) ;
#1458 = EDGE_CURVE ( 'NONE', #580, #1093, #272, .T. ) ;
#1459 = ORIENTED_EDGE ( 'NONE', *, *, #601, .T. ) ;
#1460 = CARTESIAN_POINT ( 'NONE',  ( -37.78311253585379603, 3.000000000000000000, -21.01390591497672489 ) ) ;
#1461 = DIRECTION ( 'NONE',  ( 3.191120358960006022E-15, 0.000000000000000000, 1.000000000000000000 ) ) ;
#1462 = CARTESIAN_POINT ( 'NONE',  ( -8.580561569927727561, -16.00000000000000000, 12.11673738234929942 ) ) ;
#1463 = ORIENTED_EDGE ( 'NONE', *, *, #971, .F. ) ;
#1464 = CARTESIAN_POINT ( 'NONE',  ( -20.70224001811203252, 3.000000000000000000, 10.11673738234930475 ) ) ;
#1465 = CARTESIAN_POINT ( 'NONE',  ( 10.58056156992778263, -16.00000000000000000, 12.61673738234829045 ) ) ;
#1466 = CIRCLE ( 'NONE', #576, 2.000000000000000000 ) ;
#1467 = ORIENTED_EDGE ( 'NONE', *, *, #107, .F. ) ;
#1468 = EDGE_LOOP ( 'NONE', ( #542, #217 ) ) ;
#1469 = PLANE ( 'NONE',  #1777 ) ;
#1470 = DIRECTION ( 'NONE',  ( 0.5000000000000001110, -0.000000000000000000, -0.8660254037844385966 ) ) ;
#1471 = ADVANCED_FACE ( 'NONE', ( #1274 ), #1831, .F. ) ;
#1472 = DIRECTION ( 'NONE',  ( -0.000000000000000000, 1.000000000000000000, 0.000000000000000000 ) ) ;
#1473 = ORIENTED_EDGE ( 'NONE', *, *, #834, .T. ) ;
#1474 = DIRECTION ( 'NONE',  ( -0.5000000000000001110, 0.000000000000000000, 0.8660254037844385966 ) ) ;
#1475 = CARTESIAN_POINT ( 'NONE',  ( -22.97103638019040872, 19.00000000000000000, -40.66917438216527358 ) ) ;
#1476 = VERTEX_POINT ( 'NONE', #1410 ) ;
#1477 = CIRCLE ( 'NONE', #761, 4.100000000000004974 ) ;
#1478 = ORIENTED_EDGE ( 'NONE', *, *, #393, .T. ) ;
#1479 = ORIENTED_EDGE ( 'NONE', *, *, #1378, .F. ) ;
#1480 = AXIS2_PLACEMENT_3D ( 'NONE', #1329, #101, #473 ) ;
#1481 = AXIS2_PLACEMENT_3D ( 'NONE', #1462, #738, #1186 ) ;
#1482 = VECTOR ( 'NONE', #600, 1000.000000000000227 ) ;
#1483 = LINE ( 'NONE', #777, #1488 ) ;
#1484 = EDGE_CURVE ( 'NONE', #216, #570, #559, .T. ) ;
#1485 = DIRECTION ( 'NONE',  ( -0.000000000000000000, 0.000000000000000000, -1.000000000000000000 ) ) ;
#1486 = ORIENTED_EDGE ( 'NONE', *, *, #991, .F. ) ;
#1487 = DIRECTION ( 'NONE',  ( 0.000000000000000000, 1.000000000000000000, 0.000000000000000000 ) ) ;
#1488 = VECTOR ( 'NONE', #1344, 1000.000000000000000 ) ;
#1489 = DIRECTION ( 'NONE',  ( -0.000000000000000000, -1.000000000000000000, -0.000000000000000000 ) ) ;
#1490 = EDGE_LOOP ( 'NONE', ( #1633, #320, #1459, #917 ) ) ;
#1491 = EDGE_CURVE ( 'NONE', #623, #495, #737, .T. ) ;
#1492 = ORIENTED_EDGE ( 'NONE', *, *, #308, .T. ) ;
#1493 = ORIENTED_EDGE ( 'NONE', *, *, #657, .F. ) ;
#1494 = CYLINDRICAL_SURFACE ( 'NONE', #1310, 4.100000000000004974 ) ;
#1495 = DIRECTION ( 'NONE',  ( 0.000000000000000000, 0.000000000000000000, 1.000000000000000000 ) ) ;
#1496 = VECTOR ( 'NONE', #1302, 1000.000000000000000 ) ;
#1497 = LINE ( 'NONE', #1367, #859 ) ;
#1498 = ORIENTED_EDGE ( 'NONE', *, *, #1458, .T. ) ;
#1499 = DIRECTION ( 'NONE',  ( 0.000000000000000000, -1.000000000000000000, 0.000000000000000000 ) ) ;
#1500 = PLANE ( 'NONE',  #1254 ) ;
#1501 = ORIENTED_EDGE ( 'NONE', *, *, #571, .T. ) ;
#1502 = EDGE_LOOP ( 'NONE', ( #1430, #1738, #643, #1072 ) ) ;
#1503 = VERTEX_POINT ( 'NONE', #1562 ) ;
#1504 = LINE ( 'NONE', #1205, #362 ) ;
#1505 = PLANE ( 'NONE',  #1297 ) ;
#1506 = CARTESIAN_POINT ( 'NONE',  ( 0.000000000000000000, 3.000000000000000000, 46.86226820536240467 ) ) ;
#1507 = ORIENTED_EDGE ( 'NONE', *, *, #140, .F. ) ;
#1508 = CARTESIAN_POINT ( 'NONE',  ( 47.63139720814410794, 0.000000000000000000, -21.72649730810376312 ) ) ;
#1509 = CARTESIAN_POINT ( 'NONE',  ( 0.000000000000000000, 0.7000000000000000666, 46.86226820536240467 ) ) ;
#1510 = EDGE_CURVE ( 'NONE', #206, #821, #138, .T. ) ;
#1511 = ORIENTED_EDGE ( 'NONE', *, *, #31, .T. ) ;
#1512 = ADVANCED_FACE ( 'NONE', ( #1139, #423, #12, #158, #1289, #430, #718 ), #1837, .T. ) ;
#1513 = AXIS2_PLACEMENT_3D ( 'NONE', #1131, #4, #137 ) ;
#1514 = DIRECTION ( 'NONE',  ( 0.000000000000000000, 0.000000000000000000, 1.000000000000000000 ) ) ;
#1515 = DIRECTION ( 'NONE',  ( 0.000000000000000000, -1.000000000000000000, -0.000000000000000000 ) ) ;
#1516 = ADVANCED_FACE ( 'NONE', ( #291 ), #1144, .F. ) ;
#1517 = VECTOR ( 'NONE', #805, 1000.000000000000000 ) ;
#1518 = CARTESIAN_POINT ( 'NONE',  ( -18.70224001811203252, 2.999999999999999112, 10.11673738234929942 ) ) ;
#1519 = DIRECTION ( 'NONE',  ( -0.000000000000000000, 1.000000000000000000, 0.000000000000000000 ) ) ;
#1520 = ORIENTED_EDGE ( 'NONE', *, *, #427, .T. ) ;
#1521 = DIRECTION ( 'NONE',  ( 9.063930161978824641E-14, 0.000000000000000000, 1.000000000000000000 ) ) ;
#1522 = EDGE_LOOP ( 'NONE', ( #80, #224, #266, #314 ) ) ;
#1523 = VERTEX_POINT ( 'NONE', #1132 ) ;
#1524 = LINE ( 'NONE', #392, #506 ) ;
#1525 = ADVANCED_FACE ( 'NONE', ( #1425 ), #153, .F. ) ;
#1526 = FACE_OUTER_BOUND ( 'NONE', #1832, .T. ) ;
#1527 = DIRECTION ( 'NONE',  ( 0.5000000000000001110, -0.000000000000000000, -0.8660254037844385966 ) ) ;
#1528 = ORIENTED_EDGE ( 'NONE', *, *, #96, .T. ) ;
#1529 = ORIENTED_EDGE ( 'NONE', *, *, #1314, .F. ) ;
#1530 = DIRECTION ( 'NONE',  ( -1.302410466973434518E-16, -0.000000000000000000, -1.000000000000000000 ) ) ;
#1531 = LINE ( 'NONE', #964, #126 ) ;
#1532 = ADVANCED_FACE ( 'NONE', ( #19 ), #581, .F. ) ;
#1533 = CIRCLE ( 'NONE', #724, 4.100000000000004974 ) ;
#1534 = CARTESIAN_POINT ( 'NONE',  ( -9.980655323423823333, 0.000000000000000000, -33.16917438216527358 ) ) ;
#1535 = DIRECTION ( 'NONE',  ( 0.000000000000000000, -1.000000000000000000, -0.000000000000000000 ) ) ;
#1536 = DIRECTION ( 'NONE',  ( 0.000000000000000000, 1.000000000000000000, 0.000000000000000000 ) ) ;
#1537 = VECTOR ( 'NONE', #144, 1000.000000000000000 ) ;
#1538 = VERTEX_POINT ( 'NONE', #130 ) ;
#1539 = CARTESIAN_POINT ( 'NONE',  ( -12.39640713212534351, 3.000000000000000000, -23.89581918496360302 ) ) ;
#1540 = DIRECTION ( 'NONE',  ( 0.000000000000000000, 0.000000000000000000, 1.000000000000000000 ) ) ;
#1541 = FACE_OUTER_BOUND ( 'NONE', #862, .T. ) ;
#1542 = DIRECTION ( 'NONE',  ( 1.000000000000000000, 0.000000000000000000, 0.000000000000000000 ) ) ;
#1543 = AXIS2_PLACEMENT_3D ( 'NONE', #1801, #377, #385 ) ;
#1544 = CARTESIAN_POINT ( 'NONE',  ( 18.12620908988085233, 0.000000000000000000, 12.61673738234829045 ) ) ;
#1545 = LINE ( 'NONE', #6, #1574 ) ;
#1546 = ORIENTED_EDGE ( 'NONE', *, *, #1271, .T. ) ;
#1547 = VECTOR ( 'NONE', #1253, 1000.000000000000000 ) ;
#1548 = EDGE_CURVE ( 'NONE', #1083, #720, #93, .T. ) ;
#1549 = CARTESIAN_POINT ( 'NONE',  ( -44.36618080316688406, 2.999999999999999112, 2.388302793703898086 ) ) ;
#1550 = DIRECTION ( 'NONE',  ( -0.000000000000000000, 1.000000000000000000, -0.000000000000000000 ) ) ;
#1551 = DIRECTION ( 'NONE',  ( 0.000000000000000000, -1.000000000000000000, -0.000000000000000000 ) ) ;
#1552 = EDGE_CURVE ( 'NONE', #463, #1391, #1599, .T. ) ;
#1553 = VECTOR ( 'NONE', #1301, 1000.000000000000000 ) ;
#1554 = VECTOR ( 'NONE', #867, 1000.000000000000000 ) ;
#1555 = DIRECTION ( 'NONE',  ( -0.000000000000000000, 1.000000000000000000, -0.000000000000000000 ) ) ;
#1556 = DIRECTION ( 'NONE',  ( 0.000000000000000000, 1.000000000000000000, 0.000000000000000000 ) ) ;
#1557 = DIRECTION ( 'NONE',  ( -0.000000000000000000, 1.000000000000000000, -0.000000000000000000 ) ) ;
#1558 = CARTESIAN_POINT ( 'NONE',  ( 7.002838850263480630, 3.000000000000000000, -50.95690910470881363 ) ) ;
#1559 = FACE_OUTER_BOUND ( 'NONE', #1800, .T. ) ;
#1560 = CARTESIAN_POINT ( 'NONE',  ( 5.021051876504152316E-16, 0.7000000000000000666, 42.76226820536240325 ) ) ;
#1561 = ORIENTED_EDGE ( 'NONE', *, *, #1, .F. ) ;
#1562 = CARTESIAN_POINT ( 'NONE',  ( 20.12620908988085588, 3.000000000000000000, 10.61673738234828868 ) ) ;
#1563 = EDGE_CURVE ( 'NONE', #1722, #650, #807, .T. ) ;
#1564 = LINE ( 'NONE', #426, #1773 ) ;
#1565 = EDGE_CURVE ( 'NONE', #1717, #1292, #205, .T. ) ;
#1566 = EDGE_CURVE ( 'NONE', #839, #177, #1627, .T. ) ;
#1567 = ORIENTED_EDGE ( 'NONE', *, *, #1174, .T. ) ;
#1568 = CARTESIAN_POINT ( 'NONE',  ( -1.696174065399544329E-14, 3.000000000000000000, -55.00000000000000711 ) ) ;
#1569 = VERTEX_POINT ( 'NONE', #340 ) ;
#1570 = FACE_OUTER_BOUND ( 'NONE', #1202, .T. ) ;
#1571 = VECTOR ( 'NONE', #1499, 1000.000000000000000 ) ;
#1572 = VECTOR ( 'NONE', #455, 1000.000000000000000 ) ;
#1573 = CIRCLE ( 'NONE', #1817, 2.000000000000001776 ) ;
#1574 = VECTOR ( 'NONE', #1419, 1000.000000000000000 ) ;
#1575 = ADVANCED_FACE ( 'NONE', ( #501 ), #756, .F. ) ;
#1576 = EDGE_LOOP ( 'NONE', ( #1441, #440, #63, #1257 ) ) ;
#1577 = DIRECTION ( 'NONE',  ( 0.000000000000000000, 1.000000000000000000, 0.000000000000000000 ) ) ;
#1578 = DIRECTION ( 'NONE',  ( -0.000000000000000000, 1.000000000000000000, -0.000000000000000000 ) ) ;
#1579 = DIRECTION ( 'NONE',  ( 0.000000000000000000, 0.000000000000000000, -1.000000000000000000 ) ) ;
#1580 = ORIENTED_EDGE ( 'NONE', *, *, #1162, .F. ) ;
#1581 = VERTEX_POINT ( 'NONE', #1328 ) ;
#1582 = LINE ( 'NONE', #587, #741 ) ;
#1583 = ADVANCED_FACE ( 'NONE', ( #1597 ), #1779, .T. ) ;
#1584 = LINE ( 'NONE', #61, #783 ) ;
#1585 = DIRECTION ( 'NONE',  ( -2.992101068820011574E-14, 0.000000000000000000, 1.000000000000000000 ) ) ;
#1586 = EDGE_CURVE ( 'NONE', #1312, #1199, #1632, .T. ) ;
#1587 = EDGE_LOOP ( 'NONE', ( #1382, #194 ) ) ;
#1588 = ORIENTED_EDGE ( 'NONE', *, *, #1757, .T. ) ;
#1589 = PLANE ( 'NONE',  #1037 ) ;
#1590 = APPLICATION_CONTEXT ( 'automotive_design' ) ;
#1591 = CIRCLE ( 'NONE', #1743, 4.100000000000004974 ) ;
#1592 = CARTESIAN_POINT ( 'NONE',  ( 18.12620908988084878, 2.999999999999999112, -23.89581918496360302 ) ) ;
#1593 = EDGE_CURVE ( 'NONE', #939, #644, #1477, .T. ) ;
#1594 = CARTESIAN_POINT ( 'NONE',  ( -20.70224001811202541, 3.000000000000000000, 12.11673738234929942 ) ) ;
#1595 = EDGE_CURVE ( 'NONE', #1726, #1767, #1815, .T. ) ;
#1596 = VERTEX_POINT ( 'NONE', #894 ) ;
#1597 = FACE_OUTER_BOUND ( 'NONE', #1054, .T. ) ;
#1598 = EDGE_CURVE ( 'NONE', #1193, #227, #1063, .T. ) ;
#1599 = CIRCLE ( 'NONE', #1007, 4.100000000000004974 ) ;
#1600 = ORIENTED_EDGE ( 'NONE', *, *, #1784, .F. ) ;
#1601 = LINE ( 'NONE', #751, #976 ) ;
#1602 = DIRECTION ( 'NONE',  ( -0.000000000000000000, 1.000000000000000000, -0.000000000000000000 ) ) ;
#1603 = VECTOR ( 'NONE', #831, 1000.000000000000000 ) ;
#1604 = DIRECTION ( 'NONE',  ( -0.000000000000000000, 1.000000000000000000, 0.000000000000000000 ) ) ;
#1605 = ORIENTED_EDGE ( 'NONE', *, *, #879, .T. ) ;
#1606 = DIRECTION ( 'NONE',  ( -0.8660254037844385966, 0.000000000000000000, -0.5000000000000001110 ) ) ;
#1607 = CARTESIAN_POINT ( 'NONE',  ( -20.70224001811205028, -16.00000000000000000, 4.506203797965721236 ) ) ;
#1608 = EDGE_LOOP ( 'NONE', ( #1013, #1363 ) ) ;
#1609 = EDGE_CURVE ( 'NONE', #216, #747, #1748, .T. ) ;
#1610 = ORIENTED_EDGE ( 'NONE', *, *, #818, .F. ) ;
#1611 = DIRECTION ( 'NONE',  ( 0.000000000000000000, -1.000000000000000000, -0.000000000000000000 ) ) ;
#1612 = CARTESIAN_POINT ( 'NONE',  ( 41.05860311233816873, 0.7000000000000000666, 4.225866583872956106 ) ) ;
#1613 = CARTESIAN_POINT ( 'NONE',  ( -6.580561569927789733, 3.000000000000000000, 23.72845661736575451 ) ) ;
#1614 = ORIENTED_EDGE ( 'NONE', *, *, #601, .F. ) ;
#1615 = LINE ( 'NONE', #1339, #1251 ) ;
#1616 = LINE ( 'NONE', #75, #348 ) ;
#1617 = VECTOR ( 'NONE', #265, 1000.000000000000114 ) ;
#1618 = ORIENTED_EDGE ( 'NONE', *, *, #1563, .T. ) ;
#1619 = ADVANCED_FACE ( 'NONE', ( #182 ), #1189, .F. ) ;
#1620 = ORIENTED_EDGE ( 'NONE', *, *, #1033, .F. ) ;
#1621 = VECTOR ( 'NONE', #434, 1000.000000000000227 ) ;
#1622 = EDGE_LOOP ( 'NONE', ( #1028, #1561, #471, #769 ) ) ;
#1623 = LINE ( 'NONE', #1016, #220 ) ;
#1624 = CARTESIAN_POINT ( 'NONE',  ( -5.000000000000011546, 3.000000000000000000, 52.11324865405187978 ) ) ;
#1625 = EDGE_CURVE ( 'NONE', #1191, #1101, #829, .T. ) ;
#1626 = ORIENTED_EDGE ( 'NONE', *, *, #1552, .T. ) ;
#1627 = LINE ( 'NONE', #907, #1482 ) ;
#1628 = CARTESIAN_POINT ( 'NONE',  ( -12.39640713212534173, 0.000000000000000000, -23.89581918496360302 ) ) ;
#1629 = AXIS2_PLACEMENT_3D ( 'NONE', #1235, #802, #619 ) ;
#1630 = ORIENTED_EDGE ( 'NONE', *, *, #1609, .F. ) ;
#1631 = VERTEX_POINT ( 'NONE', #1464 ) ;
#1632 = CIRCLE ( 'NONE', #1004, 2.000000000000000000 ) ;
#1633 = ORIENTED_EDGE ( 'NONE', *, *, #896, .T. ) ;
#1634 = ORIENTED_EDGE ( 'NONE', *, *, #544, .T. ) ;
#1635 = CIRCLE ( 'NONE', #835, 4.100000000000006750 ) ;
#1636 = LINE ( 'NONE', #81, #1262 ) ;
#1637 = CARTESIAN_POINT ( 'NONE',  ( 8.580561569927784404, 0.000000000000000000, 1.339567827227784601E-15 ) ) ;
#1638 = SURFACE_STYLE_USAGE ( .BOTH. , #1067 ) ;
#1639 = EDGE_LOOP ( 'NONE', ( #961, #55, #42, #1501 ) ) ;
#1640 = DIRECTION ( 'NONE',  ( 0.000000000000000000, 0.000000000000000000, -1.000000000000000000 ) ) ;
#1641 = VECTOR ( 'NONE', #395, 1000.000000000000000 ) ;
#1642 = DIRECTION ( 'NONE',  ( 0.000000000000000000, 1.000000000000000000, -0.000000000000000000 ) ) ;
#1643 = ORIENTED_EDGE ( 'NONE', *, *, #773, .T. ) ;
#1644 = ORIENTED_EDGE ( 'NONE', *, *, #670, .T. ) ;
#1645 = ORIENTED_EDGE ( 'NONE', *, *, #414, .F. ) ;
#1646 = CARTESIAN_POINT ( 'NONE',  ( -16.39640713212533640, -16.00000000000000000, -11.77306225876584023 ) ) ;
#1647 = EDGE_CURVE ( 'NONE', #592, #1538, #1615, .T. ) ;
#1648 = CARTESIAN_POINT ( 'NONE',  ( 47.63139720814410794, 3.000000000000000000, -21.72649730810376312 ) ) ;
#1649 = EDGE_CURVE ( 'NONE', #1093, #580, #26, .T. ) ;
#1650 = CARTESIAN_POINT ( 'NONE',  ( -41.56185691933844595, 3.000000000000000000, 13.71371548124921524 ) ) ;
#1651 = ORIENTED_EDGE ( 'NONE', *, *, #1128, .F. ) ;
#1652 = CARTESIAN_POINT ( 'NONE',  ( 47.63139720814410794, 3.000000000000000000, -21.72649730810376312 ) ) ;
#1653 = PLANE ( 'NONE',  #1480 ) ;
#1654 = ORIENTED_EDGE ( 'NONE', *, *, #1405, .F. ) ;
#1655 = VERTEX_POINT ( 'NONE', #74 ) ;
#1656 = DIRECTION ( 'NONE',  ( 0.000000000000000000, -1.000000000000000000, -0.000000000000000000 ) ) ;
#1657 = CARTESIAN_POINT ( 'NONE',  ( -41.56185691933844595, 0.7000000000000000666, 5.513715481249206185 ) ) ;
#1658 = DIRECTION ( 'NONE',  ( -0.000000000000000000, 1.000000000000000000, -0.000000000000000000 ) ) ;
#1659 = EDGE_LOOP ( 'NONE', ( #1039, #599, #526, #229 ) ) ;
#1660 = DIRECTION ( 'NONE',  ( 0.000000000000000000, -1.000000000000000000, -0.000000000000000000 ) ) ;
#1661 = ORIENTED_EDGE ( 'NONE', *, *, #295, .T. ) ;
#1662 = ORIENTED_EDGE ( 'NONE', *, *, #1749, .T. ) ;
#1663 = ADVANCED_FACE ( 'NONE', ( #490 ), #1055, .F. ) ;
#1664 = VERTEX_POINT ( 'NONE', #175 ) ;
#1665 = CARTESIAN_POINT ( 'NONE',  ( -8.580561569927729337, 0.000000000000000000, 21.72845661736575096 ) ) ;
#1666 = CARTESIAN_POINT ( 'NONE',  ( 47.63139720814413636, -7.099999999999999645, 19.36893274039076474 ) ) ;
#1667 = AXIS2_PLACEMENT_3D ( 'NONE', #352, #608, #748 ) ;
#1668 = VECTOR ( 'NONE', #591, 1000.000000000000000 ) ;
#1669 = VECTOR ( 'NONE', #1766, 1000.000000000000000 ) ;
#1670 = DIRECTION ( 'NONE',  ( -0.000000000000000000, 1.000000000000000000, 0.000000000000000000 ) ) ;
#1671 = ORIENTED_EDGE ( 'NONE', *, *, #1484, .T. ) ;
#1672 = ORIENTED_EDGE ( 'NONE', *, *, #966, .F. ) ;
#1673 = DIRECTION ( 'NONE',  ( -0.000000000000000000, 1.000000000000000000, -0.000000000000000000 ) ) ;
#1674 = LINE ( 'NONE', #533, #9 ) ;
#1675 = CARTESIAN_POINT ( 'NONE',  ( 42.63139720814410794, 3.000000000000000000, -30.38675134594814153 ) ) ;
#1676 = EDGE_CURVE ( 'NONE', #1822, #333, #1719, .T. ) ;
#1677 = LINE ( 'NONE', #1396, #1346 ) ;
#1678 = DIRECTION ( 'NONE',  ( -0.000000000000000000, 1.000000000000000000, -0.000000000000000000 ) ) ;
#1679 = FILL_AREA_STYLE_COLOUR ( '', #450 ) ;
#1680 = VERTEX_POINT ( 'NONE', #1508 ) ;
#1681 = VECTOR ( 'NONE', #1696, 1000.000000000000000 ) ;
#1682 = ORIENTED_EDGE ( 'NONE', *, *, #1704, .T. ) ;
#1683 = DIRECTION ( 'NONE',  ( 0.4999999999999999445, 0.000000000000000000, -0.8660254037844387076 ) ) ;
#1684 = CARTESIAN_POINT ( 'NONE',  ( -35.23373567229765513, 0.000000000000000000, -24.09622283696327472 ) ) ;
#1685 = CARTESIAN_POINT ( 'NONE',  ( 0.000000000000000000, 0.000000000000000000, 12.61673738234829045 ) ) ;
#1686 = PLANE ( 'NONE',  #1436 ) ;
#1687 = FACE_OUTER_BOUND ( 'NONE', #1622, .T. ) ;
#1688 = DIRECTION ( 'NONE',  ( 0.000000000000000000, 1.000000000000000000, 0.000000000000000000 ) ) ;
#1689 = CIRCLE ( 'NONE', #21, 3.000000000000000000 ) ;
#1690 = EDGE_LOOP ( 'NONE', ( #950, #1014, #58, #1774, #716, #235, #161, #152, #1021, #1618, #782, #893, #1810, #943, #935, #794, #1546, #248, #607, #102 ) ) ;
#1691 = ADVANCED_FACE ( 'NONE', ( #651 ), #1234, .F. ) ;
#1692 = LINE ( 'NONE', #1665, #1517 ) ;
#1693 = CARTESIAN_POINT ( 'NONE',  ( -24.47103638019040872, 0.000000000000000000, -38.07109817081195757 ) ) ;
#1694 = CYLINDRICAL_SURFACE ( 'NONE', #357, 1.999999999999998224 ) ;
#1695 = AXIS2_PLACEMENT_3D ( 'NONE', #303, #467, #335 ) ;
#1696 = DIRECTION ( 'NONE',  ( 0.8660254037844387076, -0.000000000000000000, 0.4999999999999998890 ) ) ;
#1697 = CARTESIAN_POINT ( 'NONE',  ( -34.83854636809002159, 3.000000000000000000, -20.11404412379203777 ) ) ;
#1698 = DIRECTION ( 'NONE',  ( 0.000000000000000000, 1.000000000000000000, 0.000000000000000000 ) ) ;
#1699 = AXIS2_PLACEMENT_3D ( 'NONE', #572, #845, #298 ) ;
#1700 = CARTESIAN_POINT ( 'NONE',  ( 40.94926914912280580, 0.000000000000000000, 31.35792843363551796 ) ) ;
#1701 = VECTOR ( 'NONE', #1656, 1000.000000000000000 ) ;
#1702 = CARTESIAN_POINT ( 'NONE',  ( 8.580561569927782628, 3.000000000000000000, 12.61673738234829045 ) ) ;
#1703 = CARTESIAN_POINT ( 'NONE',  ( -37.63139720814414346, 3.000000000000000000, -21.72649730810373470 ) ) ;
#1704 = EDGE_CURVE ( 'NONE', #92, #1569, #1223, .T. ) ;
#1705 = CARTESIAN_POINT ( 'NONE',  ( 14.66760724610477418, 3.000000000000000000, -37.94555364585786350 ) ) ;
#1706 = EDGE_CURVE ( 'NONE', #1680, #521, #1082, .T. ) ;
#1707 = DIRECTION ( 'NONE',  ( 0.000000000000000000, 0.000000000000000000, 1.000000000000000000 ) ) ;
#1708 = DIRECTION ( 'NONE',  ( 0.000000000000000000, -0.000000000000000000, 1.000000000000000000 ) ) ;
#1709 = VECTOR ( 'NONE', #1281, 1000.000000000000114 ) ;
#1710 = ORIENTED_EDGE ( 'NONE', *, *, #544, .F. ) ;
#1711 = DIRECTION ( 'NONE',  ( -3.035766082959414940E-14, 0.000000000000000000, 1.000000000000000000 ) ) ;
#1712 = CIRCLE ( 'NONE', #165, 4.100000000000004974 ) ;
#1713 = LINE ( 'NONE', #147, #679 ) ;
#1714 = ORIENTED_EDGE ( 'NONE', *, *, #1147, .T. ) ;
#1715 = CYLINDRICAL_SURFACE ( 'NONE', #1695, 3.000000000000002665 ) ;
#1716 = AXIS2_PLACEMENT_3D ( 'NONE', #1509, #1056, #1792 ) ;
#1717 = VERTEX_POINT ( 'NONE', #664 ) ;
#1718 = LINE ( 'NONE', #276, #300 ) ;
#1719 = CIRCLE ( 'NONE', #1426, 2.000000000000000000 ) ;
#1720 = CARTESIAN_POINT ( 'NONE',  ( -20.70224001811202541, -16.00000000000000000, -11.77306225876584023 ) ) ;
#1721 = AXIS2_PLACEMENT_3D ( 'NONE', #908, #1036, #368 ) ;
#1722 = VERTEX_POINT ( 'NONE', #1791 ) ;
#1723 = VECTOR ( 'NONE', #180, 1000.000000000000000 ) ;
#1724 = AXIS2_PLACEMENT_3D ( 'NONE', #213, #1606, #1474 ) ;
#1725 = EDGE_CURVE ( 'NONE', #379, #1048, #951, .T. ) ;
#1726 = VERTEX_POINT ( 'NONE', #512 ) ;
#1727 = AXIS2_PLACEMENT_3D ( 'NONE', #1168, #477, #196 ) ;
#1728 = DIRECTION ( 'NONE',  ( -0.000000000000000000, 1.000000000000000000, 0.000000000000000000 ) ) ;
#1729 = ADVANCED_FACE ( 'NONE', ( #1091 ), #674, .F. ) ;
#1730 = LINE ( 'NONE', #1592, #933 ) ;
#1731 = CARTESIAN_POINT ( 'NONE',  ( 8.580561569927780852, 2.999999999999999112, 21.72845661736614886 ) ) ;
#1732 = ORIENTED_EDGE ( 'NONE', *, *, #1416, .T. ) ;
#1733 = VECTOR ( 'NONE', #1184, 1000.000000000000114 ) ;
#1734 = EDGE_LOOP ( 'NONE', ( #88, #1320, #772, #759 ) ) ;
#1735 = CARTESIAN_POINT ( 'NONE',  ( -47.63139720814414346, 3.000000000000000000, -21.72649730810373114 ) ) ;
#1736 = CARTESIAN_POINT ( 'NONE',  ( -42.63139720814415057, 3.000000000000000000, -30.38675134594812022 ) ) ;
#1737 = CARTESIAN_POINT ( 'NONE',  ( -21.87296016883708916, 0.000000000000000000, -36.57109817081195757 ) ) ;
#1738 = ORIENTED_EDGE ( 'NONE', *, *, #1784, .T. ) ;
#1739 = CARTESIAN_POINT ( 'NONE',  ( -16.39640713212533640, 0.000000000000000000, -13.77306225876584023 ) ) ;
#1740 = EDGE_CURVE ( 'NONE', #592, #249, #947, .T. ) ;
#1741 = ORIENTED_EDGE ( 'NONE', *, *, #897, .F. ) ;
#1742 = LINE ( 'NONE', #32, #1362 ) ;
#1743 = AXIS2_PLACEMENT_3D ( 'NONE', #1423, #557, #564 ) ;
#1744 = CYLINDRICAL_SURFACE ( 'NONE', #400, 10.00000000000000178 ) ;
#1745 = CYLINDRICAL_SURFACE ( 'NONE', #589, 9.999999999999998224 ) ;
#1746 = PRODUCT_DEFINITION_FORMATION_WITH_SPECIFIED_SOURCE ( 'ä»', '', #553, .NOT_KNOWN. ) ;
#1747 = ORIENTED_EDGE ( 'NONE', *, *, #1510, .T. ) ;
#1748 = LINE ( 'NONE', #618, #1305 ) ;
#1749 = EDGE_CURVE ( 'NONE', #504, #839, #812, .T. ) ;
#1750 = ORIENTED_EDGE ( 'NONE', *, *, #931, .T. ) ;
#1751 = ORIENTED_EDGE ( 'NONE', *, *, #50, .T. ) ;
#1752 = CARTESIAN_POINT ( 'NONE',  ( -16.39640713212533640, 0.000000000000000000, -11.77306225876584023 ) ) ;
#1753 = DIRECTION ( 'NONE',  ( 0.000000000000000000, 1.000000000000000000, 0.000000000000000000 ) ) ;
#1754 = CARTESIAN_POINT ( 'NONE',  ( -33.95904724051958112, 2.999999999999999112, -25.63738129795654430 ) ) ;
#1755 = VERTEX_POINT ( 'NONE', #1809 ) ;
#1756 = DIRECTION ( 'NONE',  ( 0.000000000000000000, -1.000000000000000000, -0.000000000000000000 ) ) ;
#1757 = EDGE_CURVE ( 'NONE', #218, #1172, #225, .T. ) ;
#1758 = CYLINDRICAL_SURFACE ( 'NONE', #1716, 4.100000000000006750 ) ;
#1759 = ORIENTED_EDGE ( 'NONE', *, *, #1174, .F. ) ;
#1760 = ADVANCED_FACE ( 'NONE', ( #406 ), #280, .T. ) ;
#1761 = ORIENTED_EDGE ( 'NONE', *, *, #1422, .F. ) ;
#1762 = ORIENTED_EDGE ( 'NONE', *, *, #470, .F. ) ;
#1763 = EDGE_CURVE ( 'NONE', #59, #1316, #1105, .T. ) ;
#1764 = AXIS2_PLACEMENT_3D ( 'NONE', #127, #1130, #1263 ) ;
#1765 = LINE ( 'NONE', #762, #1554 ) ;
#1766 = DIRECTION ( 'NONE',  ( -0.000000000000000000, 1.000000000000000000, -0.000000000000000000 ) ) ;
#1767 = VERTEX_POINT ( 'NONE', #527 ) ;
#1768 = DIRECTION ( 'NONE',  ( 0.000000000000000000, 0.000000000000000000, 1.000000000000000000 ) ) ;
#1769 = FACE_OUTER_BOUND ( 'NONE', #1059, .T. ) ;
#1770 = EDGE_CURVE ( 'NONE', #249, #1802, #1384, .T. ) ;
#1771 = ORIENTED_EDGE ( 'NONE', *, *, #459, .T. ) ;
#1772 = VERTEX_POINT ( 'NONE', #1403 ) ;
#1773 = VECTOR ( 'NONE', #575, 1000.000000000000000 ) ;
#1774 = ORIENTED_EDGE ( 'NONE', *, *, #699, .T. ) ;
#1775 = DIRECTION ( 'NONE',  ( 0.000000000000000000, 0.000000000000000000, -1.000000000000000000 ) ) ;
#1776 = DIRECTION ( 'NONE',  ( 0.000000000000000000, 0.000000000000000000, -1.000000000000000000 ) ) ;
#1777 = AXIS2_PLACEMENT_3D ( 'NONE', #735, #1577, #1307 ) ;
#1778 = ORIENTED_EDGE ( 'NONE', *, *, #445, .F. ) ;
#1779 = CYLINDRICAL_SURFACE ( 'NONE', #1180, 10.00000000000000178 ) ;
#1780 = FACE_OUTER_BOUND ( 'NONE', #405, .T. ) ;
#1781 = VERTEX_POINT ( 'NONE', #1412 ) ;
#1782 = VECTOR ( 'NONE', #944, 1000.000000000000000 ) ;
#1783 = VERTEX_POINT ( 'NONE', #133 ) ;
#1784 = EDGE_CURVE ( 'NONE', #489, #354, #1692, .T. ) ;
#1785 = ORIENTED_EDGE ( 'NONE', *, *, #1609, .T. ) ;
#1786 = AXIS2_PLACEMENT_3D ( 'NONE', #1003, #1557, #1434 ) ;
#1787 = DIRECTION ( 'NONE',  ( -0.000000000000000000, 1.000000000000000000, -0.000000000000000000 ) ) ;
#1788 = LINE ( 'NONE', #1819, #1617 ) ;
#1789 = DIRECTION ( 'NONE',  ( 0.000000000000000000, 0.000000000000000000, 1.000000000000000000 ) ) ;
#1790 = ORIENTED_EDGE ( 'NONE', *, *, #712, .F. ) ;
#1791 = CARTESIAN_POINT ( 'NONE',  ( -14.39640713212533818, 0.000000000000000000, -13.77306225876584023 ) ) ;
#1792 = DIRECTION ( 'NONE',  ( 0.000000000000000000, 0.000000000000000000, 1.000000000000000000 ) ) ;
#1793 = ORIENTED_EDGE ( 'NONE', *, *, #287, .F. ) ;
#1794 = CARTESIAN_POINT ( 'NONE',  ( -9.980655323423823333, 19.00000000000000000, -33.16917438216527358 ) ) ;
#1795 = FACE_OUTER_BOUND ( 'NONE', #493, .T. ) ;
#1796 = ORIENTED_EDGE ( 'NONE', *, *, #1763, .T. ) ;
#1797 = EDGE_CURVE ( 'NONE', #177, #602, #258, .T. ) ;
#1798 = FACE_OUTER_BOUND ( 'NONE', #1178, .T. ) ;
#1799 = SURFACE_STYLE_FILL_AREA ( #672 ) ;
#1800 = EDGE_LOOP ( 'NONE', ( #864, #876, #779, #1115 ) ) ;
#1801 = CARTESIAN_POINT ( 'NONE',  ( 7.002838850263480630, -7.099999999999999645, -50.95690910470881363 ) ) ;
#1802 = VERTEX_POINT ( 'NONE', #543 ) ;
#1803 = ORIENTED_EDGE ( 'NONE', *, *, #991, .T. ) ;
#1804 = DIRECTION ( 'NONE',  ( -0.000000000000000000, 1.000000000000000000, -0.000000000000000000 ) ) ;
#1805 = DIRECTION ( 'NONE',  ( 0.4999999999999999445, 0.000000000000000000, -0.8660254037844387076 ) ) ;
#1806 = VECTOR ( 'NONE', #1678, 1000.000000000000000 ) ;
#1807 = CARTESIAN_POINT ( 'NONE',  ( -41.56185691933844595, 0.7000000000000000666, 9.613715481249210271 ) ) ;
#1808 = DIRECTION ( 'NONE',  ( 0.000000000000000000, 0.000000000000000000, 1.000000000000000000 ) ) ;
#1809 = CARTESIAN_POINT ( 'NONE',  ( 4.999999999999991118, 3.000000000000000000, 52.11324865405187978 ) ) ;
#1810 = ORIENTED_EDGE ( 'NONE', *, *, #1242, .T. ) ;
#1811 = VERTEX_POINT ( 'NONE', #1539 ) ;
#1812 = CARTESIAN_POINT ( 'NONE',  ( -47.63139720814413636, 3.000000000000000000, 27.50000000000002132 ) ) ;
#1813 = EDGE_CURVE ( 'NONE', #1755, #1726, #1392, .T. ) ;
#1814 = DIRECTION ( 'NONE',  ( 0.000000000000000000, -1.000000000000000000, 0.000000000000000000 ) ) ;
#1815 = CIRCLE ( 'NONE', #585, 10.00000000000000178 ) ;
#1816 = CIRCLE ( 'NONE', #203, 1.999999999999998224 ) ;
#1817 = AXIS2_PLACEMENT_3D ( 'NONE', #614, #319, #1053 ) ;
#1818 = VECTOR ( 'NONE', #146, 1000.000000000000000 ) ;
#1819 = CARTESIAN_POINT ( 'NONE',  ( 47.63139720814410794, 0.000000000000000000, -27.50000000000001776 ) ) ;
#1820 = DIRECTION ( 'NONE',  ( 0.000000000000000000, 1.000000000000000000, 0.000000000000000000 ) ) ;
#1821 = ORIENTED_EDGE ( 'NONE', *, *, #901, .T. ) ;
#1822 = VERTEX_POINT ( 'NONE', #696 ) ;
#1823 = VECTOR ( 'NONE', #496, 1000.000000000000000 ) ;
#1824 = ADVANCED_FACE ( 'NONE', ( #1226 ), #962, .F. ) ;
#1825 = SHAPE_DEFINITION_REPRESENTATION ( #274, #306 ) ;
#1826 = PLANE ( 'NONE',  #176 ) ;
#1827 = CARTESIAN_POINT ( 'NONE',  ( -33.95904724051958112, -15.30000000000000426, -23.63738129795654785 ) ) ;
#1828 = ADVANCED_FACE ( 'NONE', ( #112 ), #391, .F. ) ;
#1829 = FACE_OUTER_BOUND ( 'NONE', #397, .T. ) ;
#1830 = DIRECTION ( 'NONE',  ( 0.000000000000000000, 0.000000000000000000, 1.000000000000000000 ) ) ;
#1831 = PLANE ( 'NONE',  #1699 ) ;
#1832 = EDGE_LOOP ( 'NONE', ( #932, #1322, #813, #898 ) ) ;
#1833 = CARTESIAN_POINT ( 'NONE',  ( -37.63139720814414346, 0.000000000000000000, -21.72649730810373470 ) ) ;
#1834 = DIRECTION ( 'NONE',  ( 0.000000000000000000, 0.000000000000000000, 1.000000000000000000 ) ) ;
#1835 = CARTESIAN_POINT ( 'NONE',  ( 18.12620908988085233, 3.000000000000000000, 12.61673738234829045 ) ) ;
#1836 = DIRECTION ( 'NONE',  ( -0.000000000000000000, 1.000000000000000000, 0.000000000000000000 ) ) ;
#1837 = PLANE ( 'NONE',  #1031 ) ;
#1838 = PLANE ( 'NONE',  #579 ) ;
#1839 = LINE ( 'NONE', #1685, #689 ) ;
#1840 = CIRCLE ( 'NONE', #709, 10.00000000000000000 ) ;
ENDSEC;
END-ISO-10303-21;
