ISO-10303-21;
HEADER;
FILE_DESCRIPTION (( 'STEP AP214' ),
    '1' );
FILE_NAME ('³µΜε4.STEP',
    '2026-09-07T17:05:26',
    ( '' ),
    ( '' ),
    'SwSTEP 2.0',
    'SolidWorks 2026',
    '' );
FILE_SCHEMA (( 'AUTOMOTIVE_DESIGN' ));
ENDSEC;

DATA;
#1 = DIRECTION ( 'NONE',  ( 0.000000000000000000, -0.000000000000000000, 1.000000000000000000 ) ) ;
#2 = ORIENTED_EDGE ( 'NONE', *, *, #5952, .F. ) ;
#3 = DIRECTION ( 'NONE',  ( 1.000000000000000000, 0.000000000000000000, 0.000000000000000000 ) ) ;
#4 = ORIENTED_EDGE ( 'NONE', *, *, #1286, .F. ) ;
#5 = CARTESIAN_POINT ( 'NONE',  ( 6.044999999999995488, 34.23634711715676104, 10.09999999999999964 ) ) ;
#6 = AXIS2_PLACEMENT_3D ( 'NONE', #4662, #787, #4867 ) ;
#7 = LINE ( 'NONE', #6872, #7350 ) ;
#8 = VECTOR ( 'NONE', #2459, 1000.000000000000114 ) ;
#9 = ORIENTED_EDGE ( 'NONE', *, *, #6724, .T. ) ;
#10 = CARTESIAN_POINT ( 'NONE',  ( -25.32800823056306783, -21.60329712445540196, 11.59999999999999964 ) ) ;
#11 = DIRECTION ( 'NONE',  ( 0.000000000000000000, 0.000000000000000000, -1.000000000000000000 ) ) ;
#12 = PLANE ( 'NONE',  #190 ) ;
#13 = EDGE_LOOP ( 'NONE', ( #5602, #5275, #4305, #6448 ) ) ;
#14 = VECTOR ( 'NONE', #8572, 1000.000000000000000 ) ;
#15 = ORIENTED_EDGE ( 'NONE', *, *, #7669, .T. ) ;
#16 = VECTOR ( 'NONE', #7072, 1000.000000000000000 ) ;
#17 = CARTESIAN_POINT ( 'NONE',  ( 12.94227870587920037, -36.10007460160268522, 4.000000000000000000 ) ) ;
#18 = ORIENTED_EDGE ( 'NONE', *, *, #797, .T. ) ;
#19 = DIRECTION ( 'NONE',  ( -0.4999999999999919509, 0.8660254037844432595, 0.000000000000000000 ) ) ;
#20 = AXIS2_PLACEMENT_3D ( 'NONE', #8519, #3816, #6550 ) ;
#21 = CARTESIAN_POINT ( 'NONE',  ( 0.000000000000000000, -46.86226820536257520, 0.000000000000000000 ) ) ;
#22 = CARTESIAN_POINT ( 'NONE',  ( -22.14903193740532927, -38.36324865405192952, 11.66666666666667318 ) ) ;
#23 = AXIS2_PLACEMENT_3D ( 'NONE', #1855, #3241, #8713 ) ;
#24 = VERTEX_POINT ( 'NONE', #8111 ) ;
#25 = AXIS2_PLACEMENT_3D ( 'NONE', #2998, #91, #222 ) ;
#26 = DIRECTION ( 'NONE',  ( -0.8660254037844363761, 0.5000000000000039968, -0.000000000000000000 ) ) ;
#27 = FACE_BOUND ( 'NONE', #953, .T. ) ;
#28 = DIRECTION ( 'NONE',  ( 0.8660254037844363761, -0.5000000000000038858, 0.000000000000000000 ) ) ;
#29 = LINE ( 'NONE', #3308, #1251 ) ;
#30 = ORIENTED_EDGE ( 'NONE', *, *, #474, .T. ) ;
#31 = CARTESIAN_POINT ( 'NONE',  ( 1.136542967019287869E-14, -29.00000000000000000, 19.00000000000000711 ) ) ;
#32 = CARTESIAN_POINT ( 'NONE',  ( -16.50000000000000355, -41.31679862020584437, 12.60000000000000675 ) ) ;
#33 = CARTESIAN_POINT ( 'NONE',  ( -24.40952427225795418, 25.85859933425698642, 16.49999999999999645 ) ) ;
#35 = ORIENTED_EDGE ( 'NONE', *, *, #5407, .T. ) ;
#34 = ADVANCED_FACE ( 'NONE', ( #8731 ), #2593, .T. ) ;
#36 = CARTESIAN_POINT ( 'NONE',  ( -11.80224001808351453, 14.88326261767710967, 4.000000000000000000 ) ) ;
#37 = VECTOR ( 'NONE', #7308, 1000.000000000000000 ) ;
#38 = ORIENTED_EDGE ( 'NONE', *, *, #2466, .F. ) ;
#39 = EDGE_CURVE ( 'NONE', #5035, #4084, #8062, .T. ) ;
#40 = DIRECTION ( 'NONE',  ( 1.000000000000000000, 0.000000000000000000, 0.000000000000000000 ) ) ;
#41 = ORIENTED_EDGE ( 'NONE', *, *, #2617, .F. ) ;
#42 = CARTESIAN_POINT ( 'NONE',  ( 23.50000000000000355, -114.9999999999999289, 12.59999999999999964 ) ) ;
#43 = DIRECTION ( 'NONE',  ( 0.8660254037844363761, -0.5000000000000041078, -0.000000000000000000 ) ) ;
#44 = CARTESIAN_POINT ( 'NONE',  ( -1.734723475976813208E-15, 50.66987298107782323, 0.000000000000000000 ) ) ;
#45 = VECTOR ( 'NONE', #3507, 1000.000000000000000 ) ;
#46 = DIRECTION ( 'NONE',  ( 0.000000000000000000, 0.000000000000000000, 1.000000000000000000 ) ) ;
#47 = ORIENTED_EDGE ( 'NONE', *, *, #877, .T. ) ;
#48 = DIRECTION ( 'NONE',  ( 0.5000000000000042188, 0.8660254037844362651, 0.000000000000000000 ) ) ;
#49 = AXIS2_PLACEMENT_3D ( 'NONE', #2846, #8483, #3648 ) ;
#50 = VERTEX_POINT ( 'NONE', #6134 ) ;
#51 = CARTESIAN_POINT ( 'NONE',  ( 14.50000000000000355, -32.03553925944023462, 45.78333789394355335 ) ) ;
#52 = DIRECTION ( 'NONE',  ( 0.4999999999999919509, -0.8660254037844432595, 0.000000000000000000 ) ) ;
#53 = VECTOR ( 'NONE', #6672, 1000.000000000000000 ) ;
#54 = EDGE_LOOP ( 'NONE', ( #4412, #6324, #1558, #6528, #1618, #1544, #3206, #5926, #6468 ) ) ;
#55 = DIRECTION ( 'NONE',  ( 1.000000000000000000, 0.000000000000000000, 0.000000000000000000 ) ) ;
#56 = ADVANCED_FACE ( 'NONE', ( #5423 ), #4705, .F. ) ;
#57 = CARTESIAN_POINT ( 'NONE',  ( -16.50000000000000355, -39.40329487089164218, 18.40000000000000213 ) ) ;
#58 = EDGE_CURVE ( 'NONE', #4439, #3169, #4077, .T. ) ;
#59 = AXIS2_PLACEMENT_3D ( 'NONE', #359, #3773, #7944 ) ;
#60 = LINE ( 'NONE', #4147, #5196 ) ;
#61 = ORIENTED_EDGE ( 'NONE', *, *, #877, .F. ) ;
#62 = LINE ( 'NONE', #2810, #6460 ) ;
#63 = ORIENTED_EDGE ( 'NONE', *, *, #4121, .F. ) ;
#64 = LINE ( 'NONE', #4150, #1521 ) ;
#65 = ORIENTED_EDGE ( 'NONE', *, *, #4387, .T. ) ;
#66 = LINE ( 'NONE', #5549, #3102 ) ;
#67 = CYLINDRICAL_SURFACE ( 'NONE', #4402, 2.000000000000003553 ) ;
#68 = EDGE_CURVE ( 'NONE', #3287, #4378, #702, .T. ) ;
#69 = CARTESIAN_POINT ( 'NONE',  ( -18.64521915604302293, -5.794424520318418814, 12.50000000000000000 ) ) ;
#70 = ADVANCED_FACE ( 'NONE', ( #8195 ), #2054, .T. ) ;
#71 = ADVANCED_FACE ( 'NONE', ( #7522 ), #1389, .T. ) ;
#72 = ORIENTED_EDGE ( 'NONE', *, *, #4485, .T. ) ;
#73 = CARTESIAN_POINT ( 'NONE',  ( -34.05106172828569555, 23.47800753011462760, 0.000000000000000000 ) ) ;
#74 = LINE ( 'NONE', #4424, #582 ) ;
#75 = CARTESIAN_POINT ( 'NONE',  ( 43.15889115148536348, 25.36980824256352562, 11.66666666666666785 ) ) ;
#76 = CARTESIAN_POINT ( 'NONE',  ( 23.50000000000000355, -35.33577517560274117, 18.47901385279805808 ) ) ;
#77 = CIRCLE ( 'NONE', #6954, 0.8000000000000000444 ) ;
#78 = VECTOR ( 'NONE', #7364, 1000.000000000000114 ) ;
#79 = ORIENTED_EDGE ( 'NONE', *, *, #2975, .F. ) ;
#80 = CARTESIAN_POINT ( 'NONE',  ( 43.73285094040501519, -29.68542455182722151, 0.000000000000000000 ) ) ;
#81 = ADVANCED_FACE ( 'NONE', ( #7058 ), #7863, .F. ) ;
#82 = DIRECTION ( 'NONE',  ( 0.000000000000000000, 1.000000000000000000, -0.000000000000000000 ) ) ;
#83 = VECTOR ( 'NONE', #2071, 1000.000000000000000 ) ;
#84 = DIRECTION ( 'NONE',  ( 1.000000000000000000, 3.469446951953617344E-15, 0.000000000000000000 ) ) ;
#85 = ORIENTED_EDGE ( 'NONE', *, *, #6884, .F. ) ;
#86 = FACE_OUTER_BOUND ( 'NONE', #3328, .T. ) ;
#87 = VECTOR ( 'NONE', #1676, 1000.000000000000000 ) ;
#88 = ORIENTED_EDGE ( 'NONE', *, *, #271, .T. ) ;
#89 = CARTESIAN_POINT ( 'NONE',  ( 7.487214102239989622, 47.62143926885492817, 9.262448948962839879 ) ) ;
#90 = ORIENTED_EDGE ( 'NONE', *, *, #39, .T. ) ;
#91 = DIRECTION ( 'NONE',  ( -0.4999999999999920619, 0.8660254037844432595, 0.000000000000000000 ) ) ;
#92 = FACE_OUTER_BOUND ( 'NONE', #6280, .T. ) ;
#93 = EDGE_CURVE ( 'NONE', #221, #2635, #2979, .T. ) ;
#94 = ADVANCED_FACE ( 'NONE', ( #6227 ), #3782, .F. ) ;
#95 = CIRCLE ( 'NONE', #7832, 4.099999999999999645 ) ;
#96 = DIRECTION ( 'NONE',  ( 1.000000000000000000, -0.000000000000000000, 0.000000000000000000 ) ) ;
#97 = ORIENTED_EDGE ( 'NONE', *, *, #5392, .T. ) ;
#98 = DIRECTION ( 'NONE',  ( -1.000000000000000000, 0.000000000000000000, 0.000000000000000000 ) ) ;
#99 = AXIS2_PLACEMENT_3D ( 'NONE', #8512, #6631, #395 ) ;
#100 = VECTOR ( 'NONE', #7767, 1000.000000000000000 ) ;
#101 = ORIENTED_EDGE ( 'NONE', *, *, #5795, .F. ) ;
#102 = CARTESIAN_POINT ( 'NONE',  ( 11.19775998191648192, 14.88326261767695158, 16.00000000000000355 ) ) ;
#103 = DIRECTION ( 'NONE',  ( -0.5271517987930732785, 0.8497711344998883920, -0.000000000000000000 ) ) ;
#104 = EDGE_CURVE ( 'NONE', #7323, #6230, #3017, .T. ) ;
#105 = ORIENTED_EDGE ( 'NONE', *, *, #6243, .T. ) ;
#106 = CARTESIAN_POINT ( 'NONE',  ( -28.35050823056304736, -16.36817355857862211, 18.09999999999999787 ) ) ;
#107 = EDGE_CURVE ( 'NONE', #2470, #6737, #8490, .T. ) ;
#108 = DIRECTION ( 'NONE',  ( -0.000000000000000000, -0.000000000000000000, -1.000000000000000000 ) ) ;
#109 = FACE_BOUND ( 'NONE', #2235, .T. ) ;
#110 = ORIENTED_EDGE ( 'NONE', *, *, #8751, .T. ) ;
#111 = CARTESIAN_POINT ( 'NONE',  ( 13.78348506850107569, 17.88326261765006109, 16.00000000000000000 ) ) ;
#112 = VERTEX_POINT ( 'NONE', #2777 ) ;
#113 = CARTESIAN_POINT ( 'NONE',  ( -42.86820722743215129, 0.4666230945471233627, 12.50000000000000000 ) ) ;
#114 = EDGE_LOOP ( 'NONE', ( #7283, #6087, #2226, #6435, #6049 ) ) ;
#115 = CARTESIAN_POINT ( 'NONE',  ( -31.37300823056317256, -11.13304999270159001, 11.59999999999999964 ) ) ;
#116 = DIRECTION ( 'NONE',  ( -1.000000000000000000, 0.000000000000000000, 0.000000000000000000 ) ) ;
#117 = DIRECTION ( 'NONE',  ( -1.000000000000000000, 0.000000000000000000, 0.000000000000000000 ) ) ;
#118 = VERTEX_POINT ( 'NONE', #3065 ) ;
#119 = EDGE_CURVE ( 'NONE', #2325, #6482, #5166, .T. ) ;
#120 = EDGE_CURVE ( 'NONE', #5542, #1029, #74, .T. ) ;
#121 = DIRECTION ( 'NONE',  ( 0.4999999999999999445, 0.8660254037844387076, -0.000000000000000000 ) ) ;
#122 = EDGE_CURVE ( 'NONE', #5800, #8190, #6313, .T. ) ;
#123 = DIRECTION ( 'NONE',  ( 0.000000000000000000, 0.000000000000000000, -1.000000000000000000 ) ) ;
#124 = CARTESIAN_POINT ( 'NONE',  ( 0.000000000000000000, 0.000000000000000000, 10.09999999999999964 ) ) ;
#125 = VERTEX_POINT ( 'NONE', #3702 ) ;
#126 = CARTESIAN_POINT ( 'NONE',  ( 37.32970327118577814, -21.90068038381927806, 35.00000000000000711 ) ) ;
#127 = FACE_OUTER_BOUND ( 'NONE', #8375, .T. ) ;
#128 = FACE_OUTER_BOUND ( 'NONE', #6300, .T. ) ;
#129 = ORIENTED_EDGE ( 'NONE', *, *, #1197, .T. ) ;
#130 = CARTESIAN_POINT ( 'NONE',  ( -38.98854006408751616, -28.86089706378237452, 11.00000000000000000 ) ) ;
#131 = ORIENTED_EDGE ( 'NONE', *, *, #2589, .T. ) ;
#132 = DIRECTION ( 'NONE',  ( -0.000000000000000000, 0.000000000000000000, -1.000000000000000000 ) ) ;
#133 = ORIENTED_EDGE ( 'NONE', *, *, #3529, .T. ) ;
#134 = CARTESIAN_POINT ( 'NONE',  ( -16.50000000000001066, -39.34553609631343107, 18.57507198126668158 ) ) ;
#135 = LINE ( 'NONE', #305, #7959 ) ;
#136 = EDGE_CURVE ( 'NONE', #5277, #5465, #7570, .T. ) ;
#137 = CYLINDRICAL_SURFACE ( 'NONE', #908, 3.200000000018833557 ) ;
#138 = ORIENTED_EDGE ( 'NONE', *, *, #6210, .T. ) ;
#139 = CARTESIAN_POINT ( 'NONE',  ( 0.000000000000000000, -114.9999999999999289, 12.00000000000000711 ) ) ;
#140 = ADVANCED_FACE ( 'NONE', ( #27, #1725 ), #8285, .T. ) ;
#141 = ORIENTED_EDGE ( 'NONE', *, *, #5009, .F. ) ;
#142 = DIRECTION ( 'NONE',  ( 0.4999999999999999445, 0.8660254037844387076, -0.000000000000000000 ) ) ;
#143 = CARTESIAN_POINT ( 'NONE',  ( -16.50000000000000355, -32.27417035836263892, 22.08601764442490989 ) ) ;
#144 = VERTEX_POINT ( 'NONE', #6472 ) ;
#145 = DIRECTION ( 'NONE',  ( 0.000000000000000000, 0.000000000000000000, -1.000000000000000000 ) ) ;
#146 = CARTESIAN_POINT ( 'NONE',  ( -24.40952427225795418, 18.24084142499060590, 85.99999999999994316 ) ) ;
#147 = LINE ( 'NONE', #2216, #5491 ) ;
#148 = ORIENTED_EDGE ( 'NONE', *, *, #8164, .T. ) ;
#149 = PLANE ( 'NONE',  #1165 ) ;
#150 = ORIENTED_EDGE ( 'NONE', *, *, #4997, .T. ) ;
#151 = EDGE_CURVE ( 'NONE', #4823, #4417, #1308, .T. ) ;
#152 = AXIS2_PLACEMENT_3D ( 'NONE', #2830, #6365, #3627 ) ;
#153 = EDGE_CURVE ( 'NONE', #940, #757, #7825, .T. ) ;
#154 = LINE ( 'NONE', #3653, #8815 ) ;
#155 = ORIENTED_EDGE ( 'NONE', *, *, #210, .T. ) ;
#156 = CARTESIAN_POINT ( 'NONE',  ( -44.29806387481083618, 10.16519341222887540, 11.66666666666666252 ) ) ;
#157 = VECTOR ( 'NONE', #2821, 1000.000000000000000 ) ;
#158 = EDGE_CURVE ( 'NONE', #3377, #8595, #8238, .T. ) ;
#159 = LINE ( 'NONE', #4917, #4824 ) ;
#160 = DIRECTION ( 'NONE',  ( -0.000000000000000000, -0.000000000000000000, -1.000000000000000000 ) ) ;
#161 = AXIS2_PLACEMENT_3D ( 'NONE', #6110, #8260, #6201 ) ;
#162 = CIRCLE ( 'NONE', #3159, 3.999999999999996447 ) ;
#163 = ORIENTED_EDGE ( 'NONE', *, *, #6749, .T. ) ;
#164 = DIRECTION ( 'NONE',  ( -0.000000000000000000, -0.000000000000000000, -1.000000000000000000 ) ) ;
#165 = AXIS2_PLACEMENT_3D ( 'NONE', #6151, #3369, #2661 ) ;
#166 = CARTESIAN_POINT ( 'NONE',  ( 45.26537180435958874, -20.93782217350917563, 4.999999999999996447 ) ) ;
#167 = CARTESIAN_POINT ( 'NONE',  ( -16.50000000000000355, -29.00000000000000000, 18.40000000000000213 ) ) ;
#168 = EDGE_LOOP ( 'NONE', ( #3264, #3508, #4756, #2766, #3198, #200 ) ) ;
#169 = CYLINDRICAL_SURFACE ( 'NONE', #3474, 2.000000000000001776 ) ;
#170 = AXIS2_PLACEMENT_3D ( 'NONE', #4206, #2146, #5555 ) ;
#171 = VECTOR ( 'NONE', #8347, 1000.000000000000000 ) ;
#172 = AXIS2_PLACEMENT_3D ( 'NONE', #5729, #179, #6283 ) ;
#173 = CARTESIAN_POINT ( 'NONE',  ( -11.80224001811209789, -9.116737382349995755, 27.31370849898443609 ) ) ;
#174 = ORIENTED_EDGE ( 'NONE', *, *, #6896, .T. ) ;
#175 = DIRECTION ( 'NONE',  ( 1.000000000000000000, 0.000000000000000000, 0.000000000000000000 ) ) ;
#176 = ORIENTED_EDGE ( 'NONE', *, *, #2947, .F. ) ;
#177 = DIRECTION ( 'NONE',  ( 0.000000000000000000, 0.000000000000000000, 1.000000000000000000 ) ) ;
#178 = VERTEX_POINT ( 'NONE', #2305 ) ;
#179 = DIRECTION ( 'NONE',  ( 0.000000000000000000, -1.000000000000000000, 0.000000000000000000 ) ) ;
#180 = CARTESIAN_POINT ( 'NONE',  ( 37.63139720814390188, 17.89625880699546912, 34.99999999999999289 ) ) ;
#181 = CARTESIAN_POINT ( 'NONE',  ( -1.734723475976813208E-15, -43.45299461620749781, 0.000000000000000000 ) ) ;
#182 = ORIENTED_EDGE ( 'NONE', *, *, #1008, .T. ) ;
#183 = VECTOR ( 'NONE', #5746, 1000.000000000000000 ) ;
#184 = FACE_OUTER_BOUND ( 'NONE', #7891, .T. ) ;
#185 = ORIENTED_EDGE ( 'NONE', *, *, #7076, .F. ) ;
#186 = CARTESIAN_POINT ( 'NONE',  ( -19.23020887378379129, -20.39213210111259400, 10.09999999999999964 ) ) ;
#187 = CARTESIAN_POINT ( 'NONE',  ( -17.10000000000000497, -29.00000000000000000, 19.00000000000000355 ) ) ;
#188 = ORIENTED_EDGE ( 'NONE', *, *, #2871, .F. ) ;
#189 = CARTESIAN_POINT ( 'NONE',  ( 46.03787180435961801, -19.59981292466219216, 10.09999999999999964 ) ) ;
#190 = AXIS2_PLACEMENT_3D ( 'NONE', #7506, #7596, #1461 ) ;
#191 = DIRECTION ( 'NONE',  ( 0.8660254037844363761, -0.5000000000000039968, 0.000000000000000000 ) ) ;
#192 = VECTOR ( 'NONE', #2258, 999.9999999999998863 ) ;
#193 = FACE_BOUND ( 'NONE', #1536, .T. ) ;
#194 = ORIENTED_EDGE ( 'NONE', *, *, #7669, .F. ) ;
#195 = PLANE ( 'NONE',  #2022 ) ;
#196 = ORIENTED_EDGE ( 'NONE', *, *, #7056, .T. ) ;
#197 = AXIS2_PLACEMENT_3D ( 'NONE', #1229, #6692, #552 ) ;
#198 = DIRECTION ( 'NONE',  ( -0.000000000000000000, -0.000000000000000000, 1.000000000000000000 ) ) ;
#199 = VECTOR ( 'NONE', #1718, 1000.000000000000000 ) ;
#200 = ORIENTED_EDGE ( 'NONE', *, *, #797, .F. ) ;
#201 = DIRECTION ( 'NONE',  ( 0.4423126583253231270, 0.8968609213725313722, 0.000000000000000000 ) ) ;
#202 = DIRECTION ( 'NONE',  ( 0.000000000000000000, 0.000000000000000000, -1.000000000000000000 ) ) ;
#203 = CARTESIAN_POINT ( 'NONE',  ( 6.044999999999995488, 17.88326261765006109, 10.09999999999999964 ) ) ;
#204 = EDGE_CURVE ( 'NONE', #5474, #2267, #5046, .T. ) ;
#205 = VECTOR ( 'NONE', #3943, 1000.000000000000000 ) ;
#206 = EDGE_CURVE ( 'NONE', #7704, #3428, #324, .T. ) ;
#207 = CARTESIAN_POINT ( 'NONE',  ( -4.499999999999976019, 49.66987298107782323, 5.799999999999998046 ) ) ;
#208 = DIRECTION ( 'NONE',  ( -0.000000000000000000, -0.000000000000000000, -1.000000000000000000 ) ) ;
#209 = LINE ( 'NONE', #2948, #16 ) ;
#210 = EDGE_CURVE ( 'NONE', #6859, #8092, #1179, .T. ) ;
#211 = ORIENTED_EDGE ( 'NONE', *, *, #806, .T. ) ;
#212 = DIRECTION ( 'NONE',  ( 0.5000000000000051070, 0.8660254037844357100, 0.000000000000000000 ) ) ;
#213 = CYLINDRICAL_SURFACE ( 'NONE', #8664, 2.000000000000000000 ) ;
#214 = DIRECTION ( 'NONE',  ( 0.000000000000000000, 0.000000000000000000, 1.000000000000000000 ) ) ;
#215 = ORIENTED_EDGE ( 'NONE', *, *, #4121, .T. ) ;
#216 = CARTESIAN_POINT ( 'NONE',  ( 8.580561569927754206, -12.11673738234993714, 16.00000000000000000 ) ) ;
#217 = CIRCLE ( 'NONE', #4517, 3.999999999999885425 ) ;
#218 = VERTEX_POINT ( 'NONE', #5130 ) ;
#219 = EDGE_CURVE ( 'NONE', #5548, #5714, #8471, .T. ) ;
#220 = FACE_OUTER_BOUND ( 'NONE', #3384, .T. ) ;
#221 = VERTEX_POINT ( 'NONE', #4502 ) ;
#222 = DIRECTION ( 'NONE',  ( -0.8660254037844431485, -0.4999999999999920064, 0.000000000000000000 ) ) ;
#223 = CARTESIAN_POINT ( 'NONE',  ( 44.29806387481085039, -20.73915911672506596, 11.66666666666666785 ) ) ;
#224 = CARTESIAN_POINT ( 'NONE',  ( -28.49999999999999645, -3.141400665743015352, 35.00000000000000000 ) ) ;
#225 = EDGE_LOOP ( 'NONE', ( #2299, #4406, #5867, #1584 ) ) ;
#226 = DIRECTION ( 'NONE',  ( -0.8660254037844385966, 0.4999999999999999445, -0.000000000000000000 ) ) ;
#227 = ORIENTED_EDGE ( 'NONE', *, *, #8436, .F. ) ;
#228 = EDGE_CURVE ( 'NONE', #7713, #8785, #8574, .T. ) ;
#229 = ADVANCED_FACE ( 'NONE', ( #2432 ), #5354, .F. ) ;
#230 = CARTESIAN_POINT ( 'NONE',  ( -2.439025348532253279, 5.571992812967145881, 10.09999999999999964 ) ) ;
#231 = LINE ( 'NONE', #7683, #8675 ) ;
#232 = AXIS2_PLACEMENT_3D ( 'NONE', #4678, #7536, #40 ) ;
#233 = EDGE_LOOP ( 'NONE', ( #3217, #7708, #7050, #2573 ) ) ;
#234 = DIRECTION ( 'NONE',  ( -1.000000000000000000, 0.000000000000000000, 0.000000000000000000 ) ) ;
#235 = EDGE_CURVE ( 'NONE', #262, #7129, #742, .T. ) ;
#236 = VECTOR ( 'NONE', #2771, 1000.000000000000000 ) ;
#237 = CARTESIAN_POINT ( 'NONE',  ( 15.86867390121923016, -25.92935667042204528, 0.000000000000000000 ) ) ;
#238 = CARTESIAN_POINT ( 'NONE',  ( 0.000000000000000000, -114.9999999999999289, 19.00000000000000355 ) ) ;
#239 = ORIENTED_EDGE ( 'NONE', *, *, #5100, .F. ) ;
#240 = CARTESIAN_POINT ( 'NONE',  ( -22.90000000000000213, -37.81970556111442505, 12.00000000000000711 ) ) ;
#241 = ADVANCED_FACE ( 'NONE', ( #5840 ), #5309, .F. ) ;
#242 = CARTESIAN_POINT ( 'NONE',  ( 36.33454062992122147, -18.20647552145642933, 5.000000000000000000 ) ) ;
#243 = DIRECTION ( 'NONE',  ( -1.000000000000000000, -1.040834085586085203E-14, 0.000000000000000000 ) ) ;
#244 = ORIENTED_EDGE ( 'NONE', *, *, #1950, .F. ) ;
#245 = CARTESIAN_POINT ( 'NONE',  ( -47.63139720814413636, -22.16060927159027472, -0.000000000000000000 ) ) ;
#246 = DIRECTION ( 'NONE',  ( 0.8660254037844363761, -0.5000000000000039968, 0.000000000000000000 ) ) ;
#247 = CIRCLE ( 'NONE', #4545, 1.499999999999998890 ) ;
#248 = B_SPLINE_SURFACE_WITH_KNOTS ( 'NONE', 3, 3, ( 
 ( #2941, #7783, #8365, #2223 ),
 ( #1561, #4292, #328, #7019 ),
 ( #2399, #871, #6433, #284 ),
 ( #3019, #4961, #7828, #7061 ),
 ( #3569, #5049, #7150, #3612 ),
 ( #1644, #5132, #2268, #245 ),
 ( #4426, #4247, #5675, #1005 ),
 ( #3068, #4333, #7737, #920 ),
 ( #8409, #3656, #6977, #6393 ),
 ( #4384, #6301, #156, #2900 ),
 ( #1138, #3288, #6020, #1727 ),
 ( #5935, #5842, #3975, #8576 ),
 ( #8761, #5312, #5984, #1096 ),
 ( #2532, #7865, #7367, #3874 ),
 ( #8668, #8043, #5269, #1858 ),
 ( #8620, #6519, #3836, #3923 ),
 ( #4642, #7998, #4591, #6699 ) ),
 .UNSPECIFIED., .F., .F., .F.,
 ( 4, 1, 1, 1, 2, 1, 1, 1, 2, 1, 1, 1, 4 ),
 ( 4, 4 ),
 ( 0.000000000000000000, 0.02416282657140350967, 0.04832565314280701935, 0.07248847971421053249, 0.09665130628561403869, 0.2983256531428071234, 0.5000000000000002220, 0.7016743468571932096, 0.9033486937143860862, 0.9275115202857895369, 0.9516743468571929876, 0.9758371734285964383, 1.000000000000000000 ),
 ( 0.000000000000000000, 1.000000000000000000 ),
 .UNSPECIFIED. ) ;
#249 = DIRECTION ( 'NONE',  ( -1.000000000000000000, 0.000000000000000000, -0.000000000000000000 ) ) ;
#250 = EDGE_CURVE ( 'NONE', #3584, #2325, #8666, .T. ) ;
#251 = ORIENTED_EDGE ( 'NONE', *, *, #4719, .F. ) ;
#252 = CARTESIAN_POINT ( 'NONE',  ( -6.045000000000004370, -0.6737384941803912231, 0.000000000000000000 ) ) ;
#253 = CARTESIAN_POINT ( 'NONE',  ( -28.50000000000000000, 25.85859933425698642, 16.00000000000000355 ) ) ;
#254 = CARTESIAN_POINT ( 'NONE',  ( 40.51814855409239158, -23.39316397477016451, 23.33333333333333570 ) ) ;
#255 = LINE ( 'NONE', #3624, #5947 ) ;
#256 = EDGE_CURVE ( 'NONE', #821, #2671, #3973, .T. ) ;
#257 = DIRECTION ( 'NONE',  ( 0.000000000000000000, 0.000000000000000000, 1.000000000000000000 ) ) ;
#258 = ORIENTED_EDGE ( 'NONE', *, *, #1203, .T. ) ;
#259 = EDGE_CURVE ( 'NONE', #290, #24, #7225, .T. ) ;
#260 = CARTESIAN_POINT ( 'NONE',  ( -37.49749386159341213, -30.29458401361710429, 9.263698235655843050 ) ) ;
#261 = EDGE_CURVE ( 'NONE', #8531, #6778, #4251, .T. ) ;
#262 = VERTEX_POINT ( 'NONE', #1277 ) ;
#263 = CARTESIAN_POINT ( 'NONE',  ( -11.80224001808351453, 14.88326261767710967, 4.000000000000000000 ) ) ;
#264 = EDGE_LOOP ( 'NONE', ( #2050, #8017 ) ) ;
#265 = CARTESIAN_POINT ( 'NONE',  ( 44.44970123973306642, -21.63678716474957398, 11.00000000000000000 ) ) ;
#266 = CARTESIAN_POINT ( 'NONE',  ( 40.96473054147737258, 9.470465668042088225, 23.33333333333333570 ) ) ;
#267 = DIRECTION ( 'NONE',  ( 1.000000000000000000, 0.000000000000000000, -0.000000000000000000 ) ) ;
#268 = VERTEX_POINT ( 'NONE', #4639 ) ;
#269 = CARTESIAN_POINT ( 'NONE',  ( -19.29764992882473251, 36.51936874512504971, 0.000000000000000000 ) ) ;
#270 = VERTEX_POINT ( 'NONE', #511 ) ;
#271 = EDGE_CURVE ( 'NONE', #1357, #5542, #6517, .T. ) ;
#272 = LINE ( 'NONE', #7093, #100 ) ;
#273 = DIRECTION ( 'NONE',  ( 0.02653932133217758171, -0.9996477701786902204, 0.000000000000000000 ) ) ;
#274 = ORIENTED_EDGE ( 'NONE', *, *, #5101, .T. ) ;
#275 = CARTESIAN_POINT ( 'NONE',  ( -28.49999999999999645, -2.141400665743007359, 16.00000000000000355 ) ) ;
#276 = DIRECTION ( 'NONE',  ( -0.000000000000000000, 0.000000000000000000, -1.000000000000000000 ) ) ;
#277 = EDGE_CURVE ( 'NONE', #3929, #5512, #3833, .T. ) ;
#278 = PLANE ( 'NONE',  #3484 ) ;
#279 = ORIENTED_EDGE ( 'NONE', *, *, #3129, .T. ) ;
#280 = DIRECTION ( 'NONE',  ( -0.000000000000000000, -0.000000000000000000, -1.000000000000000000 ) ) ;
#281 = CARTESIAN_POINT ( 'NONE',  ( -14.17817460259215778, 17.88326261765006109, 16.00000000000000000 ) ) ;
#282 = DIRECTION ( 'NONE',  ( -1.000000000000000000, -4.496403249731883200E-15, 0.000000000000000000 ) ) ;
#283 = ORIENTED_EDGE ( 'NONE', *, *, #5980, .T. ) ;
#284 = CARTESIAN_POINT ( 'NONE',  ( -46.89715452186766953, -25.56328918846641685, 0.000000000000000000 ) ) ;
#285 = CARTESIAN_POINT ( 'NONE',  ( 16.62868678534967870, -41.36787826186964168, 12.21997119009850508 ) ) ;
#286 = AXIS2_PLACEMENT_3D ( 'NONE', #3992, #5332, #1969 ) ;
#287 = EDGE_LOOP ( 'NONE', ( #7479, #7009, #2872, #3072 ) ) ;
#288 = B_SPLINE_CURVE_WITH_KNOTS ( 'NONE', 3,
 ( #7167, #6493, #3218, #7974, #7293, #8553, #1160, #1022, #3760, #8594, #2457, #5820, #5956, #3946 ),
 .UNSPECIFIED., .F., .F.,
 ( 4, 2, 2, 2, 2, 2, 4 ),
 ( 2.226047020892568994E-15, 0.0004093234714029430048, 0.0008186469428036600342, 0.001227970414204377064, 0.001637293885605093985, 0.002455940828406528043, 0.003274587771207961885 ),
 .UNSPECIFIED. ) ;
#289 = DIRECTION ( 'NONE',  ( -0.000000000000000000, 1.000000000000000000, -0.000000000000000000 ) ) ;
#290 = VERTEX_POINT ( 'NONE', #8040 ) ;
#291 = DIRECTION ( 'NONE',  ( 0.000000000000000000, 0.000000000000000000, -1.000000000000000000 ) ) ;
#292 = AXIS2_PLACEMENT_3D ( 'NONE', #6234, #5515, #708 ) ;
#293 = CARTESIAN_POINT ( 'NONE',  ( -12.32203622912169294, 25.11378369362475027, 16.00000000000000355 ) ) ;
#294 = AXIS2_PLACEMENT_3D ( 'NONE', #1878, #4081, #6181 ) ;
#295 = FILL_AREA_STYLE ('',( #6363 ) ) ;
#296 = CARTESIAN_POINT ( 'NONE',  ( -23.50000000000000355, -114.9999999999999289, 18.40000000000000213 ) ) ;
#297 = VERTEX_POINT ( 'NONE', #1186 ) ;
#298 = VECTOR ( 'NONE', #3779, 1000.000000000000000 ) ;
#299 = DIRECTION ( 'NONE',  ( -0.8660254037844385966, 0.5000000000000001110, 0.000000000000000000 ) ) ;
#300 = ORIENTED_EDGE ( 'NONE', *, *, #1164, .T. ) ;
#301 = CIRCLE ( 'NONE', #1170, 2.000000000000000000 ) ;
#302 = CARTESIAN_POINT ( 'NONE',  ( 37.69648999361442776, -29.81920571062276082, 10.35636890842240909 ) ) ;
#303 = ORIENTED_EDGE ( 'NONE', *, *, #3990, .F. ) ;
#304 = FACE_OUTER_BOUND ( 'NONE', #3184, .T. ) ;
#305 = CARTESIAN_POINT ( 'NONE',  ( -38.05106172828543265, 16.54980429983895718, 12.50000000000000000 ) ) ;
#306 = VECTOR ( 'NONE', #1442, 1000.000000000000000 ) ;
#307 = EDGE_CURVE ( 'NONE', #7032, #3002, #7365, .T. ) ;
#308 = LINE ( 'NONE', #6723, #3346 ) ;
#309 = EDGE_LOOP ( 'NONE', ( #8098, #6989, #7133, #4018, #4695, #894, #188, #6713, #4868, #3582, #8523, #5652, #1023, #6015, #3195, #5230, #2398, #1278, #1036, #8563, #5916, #3628, #3961, #5415, #3727, #3028 ) ) ;
#310 = CIRCLE ( 'NONE', #8051, 3.999999999999996447 ) ;
#311 = CARTESIAN_POINT ( 'NONE',  ( -14.17817460259215778, 25.85859933425698642, 0.000000000000000000 ) ) ;
#312 = ADVANCED_FACE ( 'NONE', ( #7950 ), #6563, .F. ) ;
#313 = VERTEX_POINT ( 'NONE', #3920 ) ;
#314 = AXIS2_PLACEMENT_3D ( 'NONE', #4034, #620, #2864 ) ;
#315 = CARTESIAN_POINT ( 'NONE',  ( 6.813517330843284370, 43.36821034571447342, 23.33333333333333570 ) ) ;
#316 = CYLINDRICAL_SURFACE ( 'NONE', #3236, 2.000000000000003553 ) ;
#317 = ORIENTED_EDGE ( 'NONE', *, *, #5037, .T. ) ;
#318 = CARTESIAN_POINT ( 'NONE',  ( 15.50000000000000000, 17.88326261765006109, 16.00000000000000000 ) ) ;
#319 = DIRECTION ( 'NONE',  ( -1.000000000000000000, -0.000000000000000000, -0.000000000000000000 ) ) ;
#320 = CARTESIAN_POINT ( 'NONE',  ( 4.500000000000021316, 49.66987298107782323, 4.199999999999999289 ) ) ;
#321 = VERTEX_POINT ( 'NONE', #5982 ) ;
#322 = CARTESIAN_POINT ( 'NONE',  ( -23.20548992574039815, -37.62300486070208905, 12.06160994220180882 ) ) ;
#323 = CARTESIAN_POINT ( 'NONE',  ( 7.499999999999971578, 50.66987298107782323, 11.00000000000000000 ) ) ;
#324 = LINE ( 'NONE', #1434, #3469 ) ;
#325 = CIRCLE ( 'NONE', #8491, 1.000000000000000888 ) ;
#326 = EDGE_CURVE ( 'NONE', #8788, #3053, #3872, .T. ) ;
#327 = ORIENTED_EDGE ( 'NONE', *, *, #2075, .T. ) ;
#328 = CARTESIAN_POINT ( 'NONE',  ( -43.55034400294242403, -24.69179201507221677, 11.66666666666667140 ) ) ;
#329 = ADVANCED_FACE ( 'NONE', ( #6607, #6018 ), #1810, .T. ) ;
#330 = DIRECTION ( 'NONE',  ( 0.8660254037844387076, -0.4999999999999999445, 0.000000000000000000 ) ) ;
#331 = AXIS2_PLACEMENT_3D ( 'NONE', #3303, #1386, #4120 ) ;
#332 = CIRCLE ( 'NONE', #3489, 1.000000000000000888 ) ;
#333 = VECTOR ( 'NONE', #5801, 1000.000000000000000 ) ;
#334 = FACE_OUTER_BOUND ( 'NONE', #3848, .T. ) ;
#335 = ORIENTED_EDGE ( 'NONE', *, *, #7798, .T. ) ;
#336 = EDGE_CURVE ( 'NONE', #5702, #6791, #7413, .T. ) ;
#337 = CARTESIAN_POINT ( 'NONE',  ( -41.63139720814444189, -29.23205080756848773, 4.999999999999996447 ) ) ;
#338 = EDGE_CURVE ( 'NONE', #1929, #8502, #8308, .T. ) ;
#339 = DIRECTION ( 'NONE',  ( 0.2379154757154496869, 0.1373605639486770169, -0.9615239476408232733 ) ) ;
#340 = EDGE_CURVE ( 'NONE', #1957, #4020, #8170, .T. ) ;
#341 = CARTESIAN_POINT ( 'NONE',  ( -2.071488159577431265, -45.98590094833473074, 23.33333333333338544 ) ) ;
#342 = CARTESIAN_POINT ( 'NONE',  ( 32.11917989942260476, -2.742840745465485064, 0.000000000000000000 ) ) ;
#343 = ORIENTED_EDGE ( 'NONE', *, *, #122, .F. ) ;
#344 = CARTESIAN_POINT ( 'NONE',  ( -16.95519572359843608, -41.24771177307125924, 12.01281586010347091 ) ) ;
#345 = ORIENTED_EDGE ( 'NONE', *, *, #8049, .F. ) ;
#346 = LINE ( 'NONE', #1705, #8683 ) ;
#347 = ORIENTED_EDGE ( 'NONE', *, *, #7439, .F. ) ;
#348 = CARTESIAN_POINT ( 'NONE',  ( -23.50000000000000355, -29.00000000000000000, -0.000000000000000000 ) ) ;
#349 = DIRECTION ( 'NONE',  ( 0.5000000000000039968, 0.8660254037844363761, 0.000000000000000000 ) ) ;
#350 = CARTESIAN_POINT ( 'NONE',  ( 26.62704633623978978, -22.35329712445543748, 10.09999999999999964 ) ) ;
#351 = ORIENTED_EDGE ( 'NONE', *, *, #7568, .T. ) ;
#352 = VECTOR ( 'NONE', #1104, 1000.000000000000000 ) ;
#353 = DIRECTION ( 'NONE',  ( -0.000000000000000000, 1.000000000000000000, -0.000000000000000000 ) ) ;
#354 = ORIENTED_EDGE ( 'NONE', *, *, #1938, .T. ) ;
#355 = EDGE_CURVE ( 'NONE', #1909, #4015, #2167, .T. ) ;
#356 = CARTESIAN_POINT ( 'NONE',  ( 4.624048011533922420, 52.33030463579513025, -0.000000000000000000 ) ) ;
#357 = DIRECTION ( 'NONE',  ( 0.8660254037844384856, -0.5000000000000002220, 0.000000000000000000 ) ) ;
#358 = ORIENTED_EDGE ( 'NONE', *, *, #7841, .F. ) ;
#359 = CARTESIAN_POINT ( 'NONE',  ( -41.56185691933844595, -9.613715481249377248, 2.299999999999999822 ) ) ;
#360 = MECHANICAL_DESIGN_GEOMETRIC_PRESENTATION_REPRESENTATION (  '', ( #5383 ), #3080 ) ;
#361 = VECTOR ( 'NONE', #5981, 1000.000000000000000 ) ;
#362 = DIRECTION ( 'NONE',  ( 0.8660254037844383745, -0.5000000000000005551, 0.000000000000000000 ) ) ;
#363 = CIRCLE ( 'NONE', #8528, 2.000000000000000000 ) ;
#364 = CIRCLE ( 'NONE', #516, 2.400000000000000355 ) ;
#365 = PLANE ( 'NONE',  #1195 ) ;
#366 = EDGE_LOOP ( 'NONE', ( #2257, #2412, #4616, #8184, #779, #6536, #6252, #3548, #4810 ) ) ;
#367 = FACE_OUTER_BOUND ( 'NONE', #3322, .T. ) ;
#368 = EDGE_CURVE ( 'NONE', #1369, #6219, #7, .T. ) ;
#369 = VECTOR ( 'NONE', #1947, 999.9999999999998863 ) ;
#370 = CARTESIAN_POINT ( 'NONE',  ( 12.94227870587920037, -36.10007460160268522, 27.31370849898443609 ) ) ;
#371 = AXIS2_PLACEMENT_3D ( 'NONE', #4115, #4068, #4655 ) ;
#372 = CARTESIAN_POINT ( 'NONE',  ( -46.13139720814437084, -21.43782217350850061, 4.999999999999998224 ) ) ;
#373 = EDGE_CURVE ( 'NONE', #2154, #2897, #8851, .T. ) ;
#374 = ORIENTED_EDGE ( 'NONE', *, *, #3783, .F. ) ;
#375 = CARTESIAN_POINT ( 'NONE',  ( 11.19775998195004796, 14.88326261781343973, 4.000000000000000000 ) ) ;
#376 = DIRECTION ( 'NONE',  ( 0.8660254037844362651, -0.5000000000000039968, 0.000000000000000000 ) ) ;
#377 = VERTEX_POINT ( 'NONE', #2031 ) ;
#378 = AXIS2_PLACEMENT_3D ( 'NONE', #857, #4903, #5704 ) ;
#379 = AXIS2_PLACEMENT_3D ( 'NONE', #3294, #6707, #3205 ) ;
#380 = DIRECTION ( 'NONE',  ( 1.095216215801691104E-16, 1.000000000000000000, 0.000000000000000000 ) ) ;
#381 = AXIS2_PLACEMENT_3D ( 'NONE', #4079, #6803, #663 ) ;
#382 = FACE_OUTER_BOUND ( 'NONE', #1978, .T. ) ;
#383 = AXIS2_PLACEMENT_3D ( 'NONE', #7792, #5684, #7157 ) ;
#384 = ORIENTED_EDGE ( 'NONE', *, *, #8481, .F. ) ;
#385 = CARTESIAN_POINT ( 'NONE',  ( -36.82236888802432873, 29.89159361570194307, 11.66666666666667140 ) ) ;
#386 = DIRECTION ( 'NONE',  ( -2.197316402903917367E-14, -1.000000000000000000, 0.000000000000000000 ) ) ;
#387 = DIRECTION ( 'NONE',  ( -0.000000000000000000, -0.000000000000000000, -1.000000000000000000 ) ) ;
#388 = EDGE_CURVE ( 'NONE', #4771, #8216, #4724, .T. ) ;
#389 = CARTESIAN_POINT ( 'NONE',  ( 23.50000000000000355, -32.27417035836263892, -70.99999999999992895 ) ) ;
#390 = VERTEX_POINT ( 'NONE', #7453 ) ;
#391 = CARTESIAN_POINT ( 'NONE',  ( -4.534491344824957093E-15, 50.31013747335034481, 11.00000000000000000 ) ) ;
#392 = ADVANCED_FACE ( 'NONE', ( #1368 ), #2128, .F. ) ;
#393 = DIRECTION ( 'NONE',  ( -0.000000000000000000, -0.000000000000000000, -1.000000000000000000 ) ) ;
#394 = ORIENTED_EDGE ( 'NONE', *, *, #8476, .F. ) ;
#395 = DIRECTION ( 'NONE',  ( -1.000000000000000000, 0.000000000000000000, 0.000000000000000000 ) ) ;
#396 = VERTEX_POINT ( 'NONE', #3374 ) ;
#397 = CARTESIAN_POINT ( 'NONE',  ( 44.98462628367168037, -17.32649025558215783, 9.263698235653718527 ) ) ;
#398 = CARTESIAN_POINT ( 'NONE',  ( 43.80856875062662681, -23.93628870189934688, 11.66666666666665897 ) ) ;
#399 = LINE ( 'NONE', #3130, #7647 ) ;
#400 = ORIENTED_EDGE ( 'NONE', *, *, #6289, .T. ) ;
#401 = FACE_OUTER_BOUND ( 'NONE', #2044, .T. ) ;
#402 = B_SPLINE_CURVE_WITH_KNOTS ( 'NONE', 3,
 ( #5216, #1721, #5976, #3060 ),
 .UNSPECIFIED., .F., .F.,
 ( 4, 4 ),
 ( 0.002106032798809145436, 0.01158318039345025349 ),
 .UNSPECIFIED. ) ;
#403 = EDGE_LOOP ( 'NONE', ( #7070, #7947, #7910, #8003 ) ) ;
#404 = CARTESIAN_POINT ( 'NONE',  ( 22.14903193740534704, 38.36324865405197926, 11.66666666666669094 ) ) ;
#405 = FACE_OUTER_BOUND ( 'NONE', #615, .T. ) ;
#406 = ORIENTED_EDGE ( 'NONE', *, *, #5258, .F. ) ;
#407 = CARTESIAN_POINT ( 'NONE',  ( 17.10000000000000497, -41.16833712241425758, 12.00000000000000178 ) ) ;
#408 = LINE ( 'NONE', #7945, #1779 ) ;
#409 = DIRECTION ( 'NONE',  ( 0.4999999999999919509, 0.8660254037844432595, 0.000000000000000000 ) ) ;
#410 = ORIENTED_EDGE ( 'NONE', *, *, #2866, .F. ) ;
#411 = EDGE_CURVE ( 'NONE', #802, #2712, #7498, .T. ) ;
#412 = CARTESIAN_POINT ( 'NONE',  ( -9.904972040171024616, -12.23429779838367359, 12.00000000000000000 ) ) ;
#413 = CYLINDRICAL_SURFACE ( 'NONE', #8526, 1.999999999999998224 ) ;
#414 = CARTESIAN_POINT ( 'NONE',  ( 23.50000000000000355, -114.9999999999999289, 0.000000000000000000 ) ) ;
#415 = EDGE_LOOP ( 'NONE', ( #485, #1267, #818, #3360 ) ) ;
#416 = CARTESIAN_POINT ( 'NONE',  ( 3.022500000000027054, -5.235123565876921958, 18.09999999999999787 ) ) ;
#417 = PLANE ( 'NONE',  #5396 ) ;
#418 = ORIENTED_EDGE ( 'NONE', *, *, #1000, .F. ) ;
#419 = CARTESIAN_POINT ( 'NONE',  ( 20.12620908988082746, -3.141400665743017129, 30.99999999999999645 ) ) ;
#420 = CARTESIAN_POINT ( 'NONE',  ( 14.71171412856897476, -15.47397686687295959, 4.000000000000000000 ) ) ;
#421 = EDGE_CURVE ( 'NONE', #2094, #1021, #4012, .T. ) ;
#422 = EDGE_LOOP ( 'NONE', ( #3119, #6772, #1222, #3448 ) ) ;
#423 = EDGE_CURVE ( 'NONE', #2607, #7366, #7591, .T. ) ;
#424 = CARTESIAN_POINT ( 'NONE',  ( 38.16565829136300891, 28.93535121240287111, 10.09999999999999787 ) ) ;
#425 = ORIENTED_EDGE ( 'NONE', *, *, #1589, .T. ) ;
#426 = CARTESIAN_POINT ( 'NONE',  ( -36.72708518556226664, 22.24860209777270370, 34.99999999999999289 ) ) ;
#427 = FACE_OUTER_BOUND ( 'NONE', #1526, .T. ) ;
#428 = CARTESIAN_POINT ( 'NONE',  ( -1.310119419433834587, -53.39577177537482555, 0.000000000000000000 ) ) ;
#429 = ORIENTED_EDGE ( 'NONE', *, *, #3008, .T. ) ;
#430 = DIRECTION ( 'NONE',  ( -1.000000000000000000, 0.000000000000000000, 0.000000000000000000 ) ) ;
#431 = EDGE_LOOP ( 'NONE', ( #4571, #2066, #3422, #5532 ) ) ;
#432 = CARTESIAN_POINT ( 'NONE',  ( -18.29764992882473251, 38.25141955269392469, 4.000000000000000000 ) ) ;
#433 = PLANE ( 'NONE',  #2352 ) ;
#434 = CIRCLE ( 'NONE', #3737, 1.200000000051049120 ) ;
#435 = ORIENTED_EDGE ( 'NONE', *, *, #8705, .F. ) ;
#436 = CARTESIAN_POINT ( 'NONE',  ( -43.56985711980882314, -25.15506873667523635, 11.00000000000000000 ) ) ;
#437 = ADVANCED_FACE ( 'NONE', ( #6064 ), #685, .F. ) ;
#438 = EDGE_LOOP ( 'NONE', ( #4882, #2306, #8855, #6159 ) ) ;
#439 = CARTESIAN_POINT ( 'NONE',  ( 44.76473365931620663, -17.51050836907960218, 10.03332242089788018 ) ) ;
#440 = CARTESIAN_POINT ( 'NONE',  ( 32.11917989942260476, -8.742840745465484176, 21.45846853312237101 ) ) ;
#441 = AXIS2_PLACEMENT_3D ( 'NONE', #820, #1672, #948 ) ;
#442 = CARTESIAN_POINT ( 'NONE',  ( 4.500000000000021316, 49.66987298107782323, 4.999999999999998224 ) ) ;
#443 = ORIENTED_EDGE ( 'NONE', *, *, #7923, .F. ) ;
#444 = DIRECTION ( 'NONE',  ( -0.000000000000000000, -0.000000000000000000, -1.000000000000000000 ) ) ;
#445 = VERTEX_POINT ( 'NONE', #6114 ) ;
#446 = CARTESIAN_POINT ( 'NONE',  ( 31.48005753324376599, 25.27797492528454271, 35.00000000000000000 ) ) ;
#447 = AXIS2_PLACEMENT_3D ( 'NONE', #7532, #1402, #4353 ) ;
#448 = LINE ( 'NONE', #1756, #2373 ) ;
#449 = EDGE_CURVE ( 'NONE', #5568, #4267, #6156, .T. ) ;
#450 = ORIENTED_EDGE ( 'NONE', *, *, #3625, .F. ) ;
#451 = LINE ( 'NONE', #1890, #4789 ) ;
#452 = EDGE_CURVE ( 'NONE', #8223, #4741, #1456, .T. ) ;
#453 = CARTESIAN_POINT ( 'NONE',  ( -4.534491344824957093E-15, 50.31013747335034481, 11.00000000000000000 ) ) ;
#454 = VECTOR ( 'NONE', #8820, 1000.000000000000000 ) ;
#455 = CARTESIAN_POINT ( 'NONE',  ( -4.499999999999976019, 40.66987298107783033, 5.799999999999998046 ) ) ;
#456 = ORIENTED_EDGE ( 'NONE', *, *, #650, .T. ) ;
#457 = LINE ( 'NONE', #7901, #1312 ) ;
#458 = CIRCLE ( 'NONE', #6477, 2.999999999999999112 ) ;
#459 = LINE ( 'NONE', #5266, #800 ) ;
#460 = DIRECTION ( 'NONE',  ( 1.000000000000000000, 0.000000000000000000, -0.000000000000000000 ) ) ;
#461 = ORIENTED_EDGE ( 'NONE', *, *, #8440, .F. ) ;
#462 = CARTESIAN_POINT ( 'NONE',  ( -37.63139720814414346, 21.72649730810373825, 0.000000000000000000 ) ) ;
#463 = DIRECTION ( 'NONE',  ( -0.000000000000000000, -0.000000000000000000, -1.000000000000000000 ) ) ;
#464 = ORIENTED_EDGE ( 'NONE', *, *, #8317, .T. ) ;
#465 = DIRECTION ( 'NONE',  ( -0.000000000000000000, -0.000000000000000000, -1.000000000000000000 ) ) ;
#466 = DIRECTION ( 'NONE',  ( -0.000000000000000000, 1.000000000000000000, -0.000000000000000000 ) ) ;
#467 = ORIENTED_EDGE ( 'NONE', *, *, #8481, .T. ) ;
#468 = CIRCLE ( 'NONE', #4348, 3.340420853704232584 ) ;
#469 = DIRECTION ( 'NONE',  ( 1.000000000000000000, 0.000000000000000000, 0.000000000000000000 ) ) ;
#470 = ORIENTED_EDGE ( 'NONE', *, *, #5763, .F. ) ;
#471 = CARTESIAN_POINT ( 'NONE',  ( -13.34571620803298231, 43.44584536016630949, 11.66666666666667140 ) ) ;
#472 = EDGE_CURVE ( 'NONE', #1004, #6157, #7551, .T. ) ;
#473 = LINE ( 'NONE', #2408, #5745 ) ;
#474 = EDGE_CURVE ( 'NONE', #2671, #7765, #8800, .T. ) ;
#475 = CARTESIAN_POINT ( 'NONE',  ( -1.174850287149756589, -49.90747779242934712, 11.66666666666664298 ) ) ;
#476 = AXIS2_PLACEMENT_3D ( 'NONE', #4682, #1, #6867 ) ;
#477 = ORIENTED_EDGE ( 'NONE', *, *, #6209, .F. ) ;
#478 = VECTOR ( 'NONE', #559, 1000.000000000000114 ) ;
#479 = DIRECTION ( 'NONE',  ( -0.3148441726117346406, -0.9491433753508646820, 0.000000000000000000 ) ) ;
#480 = EDGE_LOOP ( 'NONE', ( #6554, #6278, #2995, #7353, #7983, #174 ) ) ;
#481 = DIRECTION ( 'NONE',  ( 0.000000000000000000, 0.000000000000000000, 1.000000000000000000 ) ) ;
#482 = CARTESIAN_POINT ( 'NONE',  ( 20.12620908988083102, 17.88326261765006109, 10.09999999999999787 ) ) ;
#483 = EDGE_CURVE ( 'NONE', #8253, #3002, #1322, .T. ) ;
#484 = AXIS2_PLACEMENT_3D ( 'NONE', #1315, #634, #3459 ) ;
#485 = ORIENTED_EDGE ( 'NONE', *, *, #8842, .T. ) ;
#486 = CARTESIAN_POINT ( 'NONE',  ( -43.32543937663686506, -25.46892618138468123, 10.99999999999999289 ) ) ;
#487 = EDGE_CURVE ( 'NONE', #6737, #2552, #4053, .T. ) ;
#488 = VERTEX_POINT ( 'NONE', #8267 ) ;
#489 = CARTESIAN_POINT ( 'NONE',  ( 44.48854006528701888, -19.33461762007911844, 11.00000000000000000 ) ) ;
#490 = DIRECTION ( 'NONE',  ( 1.000000000000000000, 0.000000000000000000, 0.000000000000000000 ) ) ;
#491 = VECTOR ( 'NONE', #1193, 1000.000000000000000 ) ;
#492 = EDGE_CURVE ( 'NONE', #791, #584, #6919, .T. ) ;
#493 = DIRECTION ( 'NONE',  ( 0.000000000000000000, -1.000000000000000000, 0.000000000000000000 ) ) ;
#494 = ORIENTED_EDGE ( 'NONE', *, *, #8210, .F. ) ;
#495 = LINE ( 'NONE', #7260, #1173 ) ;
#496 = ORIENTED_EDGE ( 'NONE', *, *, #7720, .T. ) ;
#497 = CARTESIAN_POINT ( 'NONE',  ( 0.9043120225818981339, 42.93088982653839736, 34.99999999999999289 ) ) ;
#498 = DIRECTION ( 'NONE',  ( 0.000000000000000000, 0.000000000000000000, -1.000000000000000000 ) ) ;
#499 = ORIENTED_EDGE ( 'NONE', *, *, #5941, .F. ) ;
#500 = DIRECTION ( 'NONE',  ( 0.000000000000000000, 1.000000000000000000, 0.000000000000000000 ) ) ;
#501 = DIRECTION ( 'NONE',  ( -1.000000000000000000, 0.000000000000000000, 0.000000000000000000 ) ) ;
#502 = CARTESIAN_POINT ( 'NONE',  ( 17.14963164645766369, -29.00000000000000000, 0.000000000000000000 ) ) ;
#503 = EDGE_CURVE ( 'NONE', #7124, #6802, #641, .T. ) ;
#504 = ORIENTED_EDGE ( 'NONE', *, *, #1790, .T. ) ;
#505 = CARTESIAN_POINT ( 'NONE',  ( -45.05996863671554564, -17.35513098562107004, 8.999999999999996447 ) ) ;
#506 = EDGE_CURVE ( 'NONE', #3155, #743, #7727, .T. ) ;
#507 = EDGE_CURVE ( 'NONE', #178, #3807, #6380, .T. ) ;
#508 = CARTESIAN_POINT ( 'NONE',  ( -27.49999999999999645, -3.141400665743015352, 35.00000000000000000 ) ) ;
#509 = AXIS2_PLACEMENT_3D ( 'NONE', #1926, #4669, #2278 ) ;
#510 = CIRCLE ( 'NONE', #6383, 3.063716784310706043 ) ;
#511 = CARTESIAN_POINT ( 'NONE',  ( 7.997759981897481829, -9.116737382323046646, 16.00000000000000355 ) ) ;
#512 = ORIENTED_EDGE ( 'NONE', *, *, #3329, .T. ) ;
#513 = CARTESIAN_POINT ( 'NONE',  ( 38.16565829136300891, 25.18882062048294301, 4.000000000000000000 ) ) ;
#514 = ORIENTED_EDGE ( 'NONE', *, *, #5761, .T. ) ;
#515 = CARTESIAN_POINT ( 'NONE',  ( 2.599137793708154565, -53.13902344739649664, 0.000000000000000000 ) ) ;
#516 = AXIS2_PLACEMENT_3D ( 'NONE', #5271, #632, #5522 ) ;
#517 = CARTESIAN_POINT ( 'NONE',  ( 6.044999999999995488, 49.66987298107782323, 0.000000000000000000 ) ) ;
#518 = ORIENTED_EDGE ( 'NONE', *, *, #1938, .F. ) ;
#519 = VECTOR ( 'NONE', #2294, 1000.000000000000000 ) ;
#520 = CARTESIAN_POINT ( 'NONE',  ( 41.16537180435956600, -28.03923048454154809, 4.999999999999998224 ) ) ;
#521 = VERTEX_POINT ( 'NONE', #4231 ) ;
#522 = CARTESIAN_POINT ( 'NONE',  ( -46.29165124598853254, 26.72649730810373825, 0.000000000000000000 ) ) ;
#523 = B_SPLINE_CURVE_WITH_KNOTS ( 'NONE', 3,
 ( #1444, #4133, #89, #1356, #6860, #8158, #1309, #2654, #8881, #5519, #1266, #2743, #4803, #2018 ),
 .UNSPECIFIED., .F., .F.,
 ( 4, 2, 2, 2, 2, 2, 4 ),
 ( 6.992893892674702526E-18, 0.0004093234714003986534, 0.0008186469428007902595, 0.001227970414201181920, 0.001637293885601573580, 0.002455940828402359069, 0.003274587771203144558 ),
 .UNSPECIFIED. ) ;
#524 = PLANE ( 'NONE',  #4110 ) ;
#525 = CARTESIAN_POINT ( 'NONE',  ( 17.14963164645766369, -29.00000000000000000, 0.000000000000000000 ) ) ;
#526 = AXIS2_PLACEMENT_3D ( 'NONE', #7954, #3875, #7191 ) ;
#527 = ORIENTED_EDGE ( 'NONE', *, *, #7561, .F. ) ;
#528 = VECTOR ( 'NONE', #1578, 1000.000000000000000 ) ;
#529 = DIRECTION ( 'NONE',  ( 0.8660254037844364872, -0.5000000000000038858, 1.110223024625156294E-16 ) ) ;
#530 = EDGE_LOOP ( 'NONE', ( #2958, #575, #2310, #3651 ) ) ;
#531 = AXIS2_PLACEMENT_3D ( 'NONE', #5918, #5120, #7812 ) ;
#532 = ADVANCED_FACE ( 'NONE', ( #858 ), #5618, .F. ) ;
#533 = APPLICATION_PROTOCOL_DEFINITION ( 'draft international standard', 'automotive_design', 1998, #7979 ) ;
#534 = DIRECTION ( 'NONE',  ( 0.5000000000000002220, 0.8660254037844384856, -0.000000000000000000 ) ) ;
#535 = VERTEX_POINT ( 'NONE', #187 ) ;
#536 = CARTESIAN_POINT ( 'NONE',  ( -21.88688724951295939, -12.63640024522943150, 18.09999999999999787 ) ) ;
#537 = ORIENTED_EDGE ( 'NONE', *, *, #3532, .T. ) ;
#538 = DIRECTION ( 'NONE',  ( 0.000000000000000000, 0.000000000000000000, 1.000000000000000000 ) ) ;
#539 = LINE ( 'NONE', #3268, #2823 ) ;
#540 = EDGE_CURVE ( 'NONE', #6594, #1334, #3730, .T. ) ;
#541 = ADVANCED_FACE ( 'NONE', ( #4318 ), #316, .F. ) ;
#542 = DIRECTION ( 'NONE',  ( 0.000000000000000000, -1.000000000000000000, 0.000000000000000000 ) ) ;
#543 = ORIENTED_EDGE ( 'NONE', *, *, #5915, .T. ) ;
#544 = ADVANCED_FACE ( 'NONE', ( #4371 ), #905, .T. ) ;
#545 = LINE ( 'NONE', #3273, #1328 ) ;
#546 = ORIENTED_EDGE ( 'NONE', *, *, #7244, .T. ) ;
#547 = CARTESIAN_POINT ( 'NONE',  ( 43.73285094040499388, 29.68542455182725348, 0.000000000000000000 ) ) ;
#548 = DIRECTION ( 'NONE',  ( -1.000000000000000000, 0.000000000000000000, 0.000000000000000000 ) ) ;
#549 = ORIENTED_EDGE ( 'NONE', *, *, #1433, .T. ) ;
#550 = CARTESIAN_POINT ( 'NONE',  ( -18.43380524184102498, -38.08886323023229892, 19.00000000000000355 ) ) ;
#551 = DIRECTION ( 'NONE',  ( 0.4999999999999901190, -0.8660254037844443697, 0.000000000000000000 ) ) ;
#552 = DIRECTION ( 'NONE',  ( 1.000000000000000000, -6.938893903907234689E-15, 0.000000000000000000 ) ) ;
#553 = ORIENTED_EDGE ( 'NONE', *, *, #1719, .T. ) ;
#554 = DIRECTION ( 'NONE',  ( 0.5000000000000001110, 0.8660254037844385966, 0.000000000000000000 ) ) ;
#555 = EDGE_CURVE ( 'NONE', #6072, #3595, #231, .T. ) ;
#556 = CARTESIAN_POINT ( 'NONE',  ( -35.78311253585457763, 24.47800753011462405, 12.50000000000000000 ) ) ;
#557 = DIRECTION ( 'NONE',  ( 0.000000000000000000, 0.000000000000000000, -1.000000000000000000 ) ) ;
#558 = VERTEX_POINT ( 'NONE', #2969 ) ;
#559 = DIRECTION ( 'NONE',  ( -0.5000000000000079936, 0.8660254037844339337, 0.000000000000000000 ) ) ;
#560 = VERTEX_POINT ( 'NONE', #6963 ) ;
#561 = DIRECTION ( 'NONE',  ( 1.000000000000000000, 0.000000000000000000, 0.000000000000000000 ) ) ;
#562 = LINE ( 'NONE', #730, #5767 ) ;
#563 = VERTEX_POINT ( 'NONE', #5787 ) ;
#564 = CARTESIAN_POINT ( 'NONE',  ( 4.500000000000021316, 50.66987298107784454, 4.999999999999998224 ) ) ;
#565 = VERTEX_POINT ( 'NONE', #1550 ) ;
#566 = CARTESIAN_POINT ( 'NONE',  ( -45.58703510243383761, 27.83248258690842292, 0.000000000000000000 ) ) ;
#567 = LINE ( 'NONE', #6663, #1809 ) ;
#568 = CARTESIAN_POINT ( 'NONE',  ( -31.48005753324383704, -25.27797492528431889, 34.99999999999999289 ) ) ;
#569 = ORIENTED_EDGE ( 'NONE', *, *, #7841, .T. ) ;
#570 = DIRECTION ( 'NONE',  ( -5.981805089575197183E-16, 0.000000000000000000, -1.000000000000000000 ) ) ;
#571 = PLANE ( 'NONE',  #1051 ) ;
#572 = DIRECTION ( 'NONE',  ( -0.000000000000000000, 1.000000000000000000, -0.000000000000000000 ) ) ;
#573 = CARTESIAN_POINT ( 'NONE',  ( -29.64338071280383602, -10.13444907972475484, -1.499999999999999556 ) ) ;
#574 = LINE ( 'NONE', #6043, #4690 ) ;
#575 = ORIENTED_EDGE ( 'NONE', *, *, #4157, .T. ) ;
#576 = CARTESIAN_POINT ( 'NONE',  ( 6.044999999999998153, 32.73634711715676104, 18.09999999999999787 ) ) ;
#577 = DIRECTION ( 'NONE',  ( 1.000000000000000000, 0.000000000000000000, -0.000000000000000000 ) ) ;
#578 = PLANE ( 'NONE',  #1914 ) ;
#579 = VERTEX_POINT ( 'NONE', #8396 ) ;
#580 = CARTESIAN_POINT ( 'NONE',  ( -5.980413684630415005, 47.93201089997914011, 10.95797945191029399 ) ) ;
#581 = ORIENTED_EDGE ( 'NONE', *, *, #3222, .F. ) ;
#582 = VECTOR ( 'NONE', #2354, 1000.000000000000000 ) ;
#583 = CARTESIAN_POINT ( 'NONE',  ( -24.40952427225795418, 25.85859933425698642, 14.49999999999999467 ) ) ;
#584 = VERTEX_POINT ( 'NONE', #823 ) ;
#585 = CARTESIAN_POINT ( 'NONE',  ( 40.27525222053100862, -28.11801345389006812, 11.00000000000000178 ) ) ;
#586 = EDGE_CURVE ( 'NONE', #3122, #2325, #5705, .T. ) ;
#587 = VECTOR ( 'NONE', #6092, 1000.000000000000000 ) ;
#588 = AXIS2_PLACEMENT_3D ( 'NONE', #6743, #8457, #561 ) ;
#589 = CARTESIAN_POINT ( 'NONE',  ( -8.580561569927754206, -23.72845661736633360, 30.99999999999999645 ) ) ;
#590 = CARTESIAN_POINT ( 'NONE',  ( -43.70298551693152689, 4.224486752532996547, 12.50000000000000000 ) ) ;
#591 = VERTEX_POINT ( 'NONE', #5033 ) ;
#592 = CARTESIAN_POINT ( 'NONE',  ( -2.749999999401525397, -4.763139719777771397, 9.000000000000000000 ) ) ;
#593 = VECTOR ( 'NONE', #8532, 1000.000000000000000 ) ;
#594 = ORIENTED_EDGE ( 'NONE', *, *, #5177, .F. ) ;
#595 = CYLINDRICAL_SURFACE ( 'NONE', #4693, 2.000000000000000000 ) ;
#596 = DIRECTION ( 'NONE',  ( -1.000000000000000000, 0.000000000000000000, 0.000000000000000000 ) ) ;
#597 = ORIENTED_EDGE ( 'NONE', *, *, #3786, .T. ) ;
#598 = CARTESIAN_POINT ( 'NONE',  ( -29.64338071280383602, -10.13444907972475484, 0.000000000000000000 ) ) ;
#599 = ORIENTED_EDGE ( 'NONE', *, *, #1431, .F. ) ;
#600 = CARTESIAN_POINT ( 'NONE',  ( 14.14227870593024861, -36.10007460160268522, 12.00000000000000000 ) ) ;
#601 = CIRCLE ( 'NONE', #2313, 1.999999999999998224 ) ;
#602 = LINE ( 'NONE', #1330, #6922 ) ;
#603 = ORIENTED_EDGE ( 'NONE', *, *, #1667, .T. ) ;
#604 = EDGE_CURVE ( 'NONE', #3604, #3586, #6391, .T. ) ;
#605 = CARTESIAN_POINT ( 'NONE',  ( -41.56185691933844595, -9.613715481249377248, 2.299999999999999822 ) ) ;
#606 = ORIENTED_EDGE ( 'NONE', *, *, #3254, .F. ) ;
#607 = LINE ( 'NONE', #8141, #6833 ) ;
#608 = DIRECTION ( 'NONE',  ( 0.000000000000000000, -0.000000000000000000, -1.000000000000000000 ) ) ;
#609 = LINE ( 'NONE', #4700, #6331 ) ;
#610 = ORIENTED_EDGE ( 'NONE', *, *, #259, .F. ) ;
#611 = CARTESIAN_POINT ( 'NONE',  ( -15.49999999999999645, -6.506203797966179536, 10.09999999999999964 ) ) ;
#612 = ADVANCED_FACE ( 'NONE', ( #7139 ), #3693, .T. ) ;
#613 = EDGE_CURVE ( 'NONE', #2026, #5788, #3007, .T. ) ;
#614 = CARTESIAN_POINT ( 'NONE',  ( -3.605974651467714232, -4.898254318786716688, 10.09999999999999964 ) ) ;
#615 = EDGE_LOOP ( 'NONE', ( #8810, #5738, #3339, #3553 ) ) ;
#616 = ADVANCED_FACE ( 'NONE', ( #2339 ), #3557, .F. ) ;
#617 = DIRECTION ( 'NONE',  ( -0.8660254037844340447, -0.5000000000000081046, 0.000000000000000000 ) ) ;
#618 = AXIS2_PLACEMENT_3D ( 'NONE', #8083, #6777, #8795 ) ;
#619 = ORIENTED_EDGE ( 'NONE', *, *, #3436, .F. ) ;
#620 = DIRECTION ( 'NONE',  ( -0.000000000000000000, -0.000000000000000000, -1.000000000000000000 ) ) ;
#621 = CARTESIAN_POINT ( 'NONE',  ( -28.49999999999999645, -3.141400665743015352, 16.00000000000000355 ) ) ;
#622 = DIRECTION ( 'NONE',  ( 0.000000000000000000, 0.000000000000000000, -1.000000000000000000 ) ) ;
#623 = VERTEX_POINT ( 'NONE', #2385 ) ;
#624 = AXIS2_PLACEMENT_3D ( 'NONE', #7395, #622, #7436 ) ;
#625 = CARTESIAN_POINT ( 'NONE',  ( -16.50000000000000355, -32.27417035836263892, 12.00000000000000711 ) ) ;
#626 = ADVANCED_FACE ( 'NONE', ( #5121 ), #2210, .F. ) ;
#627 = EDGE_LOOP ( 'NONE', ( #4216, #7769, #8575, #384, #5747, #3983, #3400, #7814, #6603 ) ) ;
#628 = VECTOR ( 'NONE', #6874, 1000.000000000000000 ) ;
#629 = CARTESIAN_POINT ( 'NONE',  ( -3.022500000000023057, -5.235123565876915741, 18.09999999999999787 ) ) ;
#630 = EDGE_LOOP ( 'NONE', ( #597, #7961, #2863, #1110 ) ) ;
#631 = CARTESIAN_POINT ( 'NONE',  ( 15.72356672685348222, -33.85622107339584375, 22.08601764442490989 ) ) ;
#632 = DIRECTION ( 'NONE',  ( -0.8660254037844432595, -0.4999999999999919509, 0.000000000000000000 ) ) ;
#633 = VECTOR ( 'NONE', #2427, 1000.000000000000000 ) ;
#634 = DIRECTION ( 'NONE',  ( -0.000000000000000000, -0.000000000000000000, 1.000000000000000000 ) ) ;
#635 = PLANE ( 'NONE',  #618 ) ;
#636 = VERTEX_POINT ( 'NONE', #7007 ) ;
#637 = CARTESIAN_POINT ( 'NONE',  ( -21.88688724951295939, -12.63640024522943150, 18.09999999999999787 ) ) ;
#638 = EDGE_CURVE ( 'NONE', #3419, #1334, #8077, .T. ) ;
#639 = ORIENTED_EDGE ( 'NONE', *, *, #4274, .T. ) ;
#640 = CARTESIAN_POINT ( 'NONE',  ( 20.12620908988083102, 17.88326261765006109, 16.00000000000000355 ) ) ;
#641 = LINE ( 'NONE', #2256, #3964 ) ;
#642 = ORIENTED_EDGE ( 'NONE', *, *, #4932, .T. ) ;
#643 = DIRECTION ( 'NONE',  ( 1.000000000000000000, 0.000000000000000000, 0.000000000000000000 ) ) ;
#644 = VERTEX_POINT ( 'NONE', #3864 ) ;
#645 = LINE ( 'NONE', #1372, #7607 ) ;
#646 = CARTESIAN_POINT ( 'NONE',  ( -9.707022081916605316, -29.10007460160269588, 30.99999999999999645 ) ) ;
#647 = EDGE_LOOP ( 'NONE', ( #7399, #8849, #6597, #8709 ) ) ;
#648 = ADVANCED_FACE ( 'NONE', ( #3960 ), #1224, .T. ) ;
#649 = AXIS2_PLACEMENT_3D ( 'NONE', #693, #1287, #1333 ) ;
#650 = EDGE_CURVE ( 'NONE', #2963, #6585, #363, .T. ) ;
#651 = LINE ( 'NONE', #7600, #2685 ) ;
#652 = EDGE_LOOP ( 'NONE', ( #5197, #4179, #4134 ) ) ;
#653 = DIRECTION ( 'NONE',  ( -2.775557561562891351E-16, 1.000000000000000000, 1.110223024625156540E-16 ) ) ;
#654 = CYLINDRICAL_SURFACE ( 'NONE', #7688, 1.000000000018832935 ) ;
#655 = CARTESIAN_POINT ( 'NONE',  ( -44.72017534088824675, -28.82043108098578088, 0.000000000000000000 ) ) ;
#656 = VECTOR ( 'NONE', #3669, 1000.000000000000114 ) ;
#657 = ORIENTED_EDGE ( 'NONE', *, *, #3613, .F. ) ;
#658 = AXIS2_PLACEMENT_3D ( 'NONE', #7759, #5610, #4273 ) ;
#659 = LINE ( 'NONE', #3534, #2322 ) ;
#660 = VECTOR ( 'NONE', #6447, 1000.000000000000000 ) ;
#661 = ORIENTED_EDGE ( 'NONE', *, *, #988, .F. ) ;
#662 = VECTOR ( 'NONE', #2142, 1000.000000000000000 ) ;
#663 = DIRECTION ( 'NONE',  ( 0.000000000000000000, 0.000000000000000000, 1.000000000000000000 ) ) ;
#664 = EDGE_LOOP ( 'NONE', ( #8370, #6994 ) ) ;
#665 = DIRECTION ( 'NONE',  ( -1.000000000000000000, 0.000000000000000000, 5.981805089575197183E-16 ) ) ;
#666 = LINE ( 'NONE', #6138, #7234 ) ;
#667 = EDGE_CURVE ( 'NONE', #7079, #7969, #3095, .T. ) ;
#668 = VECTOR ( 'NONE', #5533, 999.9999999999998863 ) ;
#669 = ADVANCED_FACE ( 'NONE', ( #8565 ), #3231, .T. ) ;
#670 = CARTESIAN_POINT ( 'NONE',  ( -17.49999999999999645, -4.506203797966179536, 10.09999999999999964 ) ) ;
#671 = ORIENTED_EDGE ( 'NONE', *, *, #5361, .F. ) ;
#672 = CARTESIAN_POINT ( 'NONE',  ( -7.061339743725397966, 47.53909149850566251, 10.25733249009940273 ) ) ;
#673 = ORIENTED_EDGE ( 'NONE', *, *, #7634, .T. ) ;
#674 = VECTOR ( 'NONE', #123, 1000.000000000000000 ) ;
#675 = LINE ( 'NONE', #2117, #2241 ) ;
#676 = ORIENTED_EDGE ( 'NONE', *, *, #487, .F. ) ;
#677 = CARTESIAN_POINT ( 'NONE',  ( 40.96285796081682662, -27.67617688186245317, 10.99999999999998224 ) ) ;
#678 = LINE ( 'NONE', #3924, #83 ) ;
#679 = LINE ( 'NONE', #1065, #3780 ) ;
#680 = CARTESIAN_POINT ( 'NONE',  ( 0.000000000000000000, -32.27417035836263892, 12.00000000000000711 ) ) ;
#681 = ORIENTED_EDGE ( 'NONE', *, *, #2480, .T. ) ;
#682 = DIRECTION ( 'NONE',  ( 0.000000000000000000, 0.000000000000000000, -1.000000000000000000 ) ) ;
#683 = ORIENTED_EDGE ( 'NONE', *, *, #7428, .T. ) ;
#684 = DIRECTION ( 'NONE',  ( -1.000000000000000000, 0.000000000000000000, 0.000000000000000000 ) ) ;
#685 = CYLINDRICAL_SURFACE ( 'NONE', #7826, 0.8000000000000009326 ) ;
#686 = ORIENTED_EDGE ( 'NONE', *, *, #1027, .F. ) ;
#687 = DIRECTION ( 'NONE',  ( -0.000000000000000000, -0.000000000000000000, 1.000000000000000000 ) ) ;
#688 = VERTEX_POINT ( 'NONE', #7942 ) ;
#689 = DIRECTION ( 'NONE',  ( -0.5477729972065670250, -0.8366270038262777486, 0.000000000000000000 ) ) ;
#690 = DIRECTION ( 'NONE',  ( 0.000000000000000000, 1.000000000000000000, 0.000000000000000000 ) ) ;
#691 = ORIENTED_EDGE ( 'NONE', *, *, #5008, .T. ) ;
#692 = ORIENTED_EDGE ( 'NONE', *, *, #3020, .T. ) ;
#693 = CARTESIAN_POINT ( 'NONE',  ( -8.580561569927754206, -12.11673738234993714, 16.00000000000000000 ) ) ;
#694 = ORIENTED_EDGE ( 'NONE', *, *, #6691, .T. ) ;
#695 = CARTESIAN_POINT ( 'NONE',  ( 16.50000000000000355, -40.67896403710116005, 14.53333333333333144 ) ) ;
#696 = DIRECTION ( 'NONE',  ( -0.000000000000000000, -0.000000000000000000, -1.000000000000000000 ) ) ;
#697 = CARTESIAN_POINT ( 'NONE',  ( -8.602240018065977267, 14.88326261767710967, 25.05096679924108116 ) ) ;
#698 = ADVANCED_FACE ( 'NONE', ( #1175 ), #2519, .F. ) ;
#699 = ORIENTED_EDGE ( 'NONE', *, *, #7576, .T. ) ;
#700 = EDGE_CURVE ( 'NONE', #6045, #3584, #2668, .T. ) ;
#701 = CARTESIAN_POINT ( 'NONE',  ( -18.29764992882473251, 38.25141955269392469, 16.49999999999999645 ) ) ;
#702 = LINE ( 'NONE', #7389, #4829 ) ;
#703 = PLANE ( 'NONE',  #3391 ) ;
#704 = CARTESIAN_POINT ( 'NONE',  ( -19.71436924320452988, 35.37879050691519467, 12.50000000000000000 ) ) ;
#705 = EDGE_LOOP ( 'NONE', ( #6949, #947, #7180, #8878, #4196, #8383, #5024, #891 ) ) ;
#706 = DIRECTION ( 'NONE',  ( -1.000000000000000000, 0.000000000000000000, 0.000000000000000000 ) ) ;
#707 = DIRECTION ( 'NONE',  ( 0.000000000000000000, -0.000000000000000000, 1.000000000000000000 ) ) ;
#708 = DIRECTION ( 'NONE',  ( -0.8259346719138377368, 0.5637658359022663657, 0.000000000000000000 ) ) ;
#709 = ORIENTED_EDGE ( 'NONE', *, *, #3281, .T. ) ;
#710 = DIRECTION ( 'NONE',  ( 0.8660254037844364872, -0.5000000000000038858, 1.110223024625156294E-16 ) ) ;
#711 = ADVANCED_FACE ( 'NONE', ( #7302 ), #8702, .T. ) ;
#712 = EDGE_LOOP ( 'NONE', ( #3318, #7696, #2774, #6725 ) ) ;
#713 = CARTESIAN_POINT ( 'NONE',  ( -7.534788411628334930E-15, 48.45299461620748360, 17.50000000000000000 ) ) ;
#714 = ORIENTED_EDGE ( 'NONE', *, *, #2207, .F. ) ;
#715 = CARTESIAN_POINT ( 'NONE',  ( -17.10000000000000497, -38.85893604565572446, 19.00000000000000355 ) ) ;
#716 = DIRECTION ( 'NONE',  ( 0.000000000000000000, -1.000000000000000000, 0.000000000000000000 ) ) ;
#717 = CARTESIAN_POINT ( 'NONE',  ( -2.350388680475209213, 49.76683712641016655, 11.00000000000000711 ) ) ;
#718 = CARTESIAN_POINT ( 'NONE',  ( 14.66760724610477418, 37.94555364585769297, 2.299999999999999822 ) ) ;
#719 = ORIENTED_EDGE ( 'NONE', *, *, #58, .F. ) ;
#720 = CARTESIAN_POINT ( 'NONE',  ( 14.39775998193531592, 14.88326261767695158, 25.05096679924108116 ) ) ;
#721 = ADVANCED_FACE ( 'NONE', ( #3771 ), #8027, .T. ) ;
#722 = ORIENTED_EDGE ( 'NONE', *, *, #6838, .F. ) ;
#723 = EDGE_CURVE ( 'NONE', #4949, #6688, #448, .T. ) ;
#724 = CARTESIAN_POINT ( 'NONE',  ( 1.248484576876122736E-15, 49.66987298107782323, 5.000000000000000000 ) ) ;
#725 = DIRECTION ( 'NONE',  ( -0.4999999999999920064, 0.8660254037844432595, 0.000000000000000000 ) ) ;
#726 = CIRCLE ( 'NONE', #172, 0.5999999999999998668 ) ;
#727 = ORIENTED_EDGE ( 'NONE', *, *, #4063, .T. ) ;
#728 = FACE_OUTER_BOUND ( 'NONE', #3800, .T. ) ;
#729 = CARTESIAN_POINT ( 'NONE',  ( 17.10000000000000497, -114.9999999999999289, 18.39999999999999503 ) ) ;
#730 = CARTESIAN_POINT ( 'NONE',  ( 40.13139720814400846, -31.83012701892236862, 11.00000000000000000 ) ) ;
#731 = EDGE_LOOP ( 'NONE', ( #5150, #4664, #5413, #5686 ) ) ;
#732 = VECTOR ( 'NONE', #8085, 1000.000000000000000 ) ;
#733 = ORIENTED_EDGE ( 'NONE', *, *, #1950, .T. ) ;
#734 = VECTOR ( 'NONE', #975, 1000.000000000000000 ) ;
#735 = CYLINDRICAL_SURFACE ( 'NONE', #3076, 2.000000000000000000 ) ;
#736 = ORIENTED_EDGE ( 'NONE', *, *, #3439, .T. ) ;
#737 = CARTESIAN_POINT ( 'NONE',  ( -22.63380415962476988, -37.97339380121223229, 12.00000000000000711 ) ) ;
#738 = AXIS2_PLACEMENT_3D ( 'NONE', #36, #8249, #3451 ) ;
#739 = LINE ( 'NONE', #3481, #6395 ) ;
#740 = B_SPLINE_CURVE_WITH_KNOTS ( 'NONE', 3,
 ( #453, #8256, #4681, #717, #8126, #7404, #2748, #8844, #7489 ),
 .UNSPECIFIED., .F., .F.,
 ( 4, 1, 1, 1, 2, 4 ),
 ( 0.000000000000000000, 0.001207020541124672035, 0.002414041082249354913, 0.003621061623374026948, 0.004828082164498704622, 0.005891907964721923921 ),
 .UNSPECIFIED. ) ;
#741 = DIRECTION ( 'NONE',  ( 0.000000000000000000, 0.000000000000000000, -1.000000000000000000 ) ) ;
#742 = CIRCLE ( 'NONE', #3895, 0.7999999999999970468 ) ;
#743 = VERTEX_POINT ( 'NONE', #7985 ) ;
#744 = B_SPLINE_CURVE_WITH_KNOTS ( 'NONE', 3,
 ( #3344, #8142, #2000, #4737, #8865, #5455, #8187, #2046, #4785, #1381 ),
 .UNSPECIFIED., .F., .F.,
 ( 4, 2, 2, 2, 4 ),
 ( 0.000000000000000000, 0.0002455346332512395834, 0.0004910692665024791667, 0.0007366038997537187501, 0.0009821385330049583334 ),
 .UNSPECIFIED. ) ;
#745 = VECTOR ( 'NONE', #2005, 1000.000000000000227 ) ;
#746 = AXIS2_PLACEMENT_3D ( 'NONE', #5609, #2199, #7758 ) ;
#747 = ADVANCED_FACE ( 'NONE', ( #405 ), #2469, .T. ) ;
#748 = CYLINDRICAL_SURFACE ( 'NONE', #3754, 1.000000000000000888 ) ;
#749 = CARTESIAN_POINT ( 'NONE',  ( 13.59587200499385595, 14.88326261765000780, 16.00000000000000355 ) ) ;
#750 = CARTESIAN_POINT ( 'NONE',  ( 41.13139720874249861, -30.09807621031689706, 11.00000000000000000 ) ) ;
#751 = ADVANCED_FACE ( 'NONE', ( #1845 ), #3821, .F. ) ;
#752 = LINE ( 'NONE', #253, #4897 ) ;
#753 = ORIENTED_EDGE ( 'NONE', *, *, #5361, .T. ) ;
#754 = CARTESIAN_POINT ( 'NONE',  ( 34.91923691444258537, -23.29236378375750149, 34.99999999999994316 ) ) ;
#755 = CARTESIAN_POINT ( 'NONE',  ( 27.49999999999998934, -3.141400665743015352, 16.00000000000000355 ) ) ;
#756 = CARTESIAN_POINT ( 'NONE',  ( 15.50000000000000000, 17.88326261765006109, 10.09999999999999964 ) ) ;
#757 = VERTEX_POINT ( 'NONE', #8607 ) ;
#758 = B_SPLINE_CURVE_WITH_KNOTS ( 'NONE', 3,
 ( #2564, #1226, #1177, #5161, #7987, #2426, #6507, #1037, #8609 ),
 .UNSPECIFIED., .F., .F.,
 ( 4, 2, 1, 1, 1, 4 ),
 ( 0.002294796120341391788, 0.003357699197022757931, 0.004563672815827023513, 0.005769646434631289095, 0.006975620053435554677, 0.008181593672239818524 ),
 .UNSPECIFIED. ) ;
#759 = ADVANCED_FACE ( 'NONE', ( #5208 ), #1798, .F. ) ;
#760 = CARTESIAN_POINT ( 'NONE',  ( 16.50000000000000355, -39.40329487089169902, 18.39999999999999503 ) ) ;
#761 = EDGE_CURVE ( 'NONE', #1004, #7032, #4244, .T. ) ;
#762 = VECTOR ( 'NONE', #8272, 1000.000000000000000 ) ;
#763 = ORIENTED_EDGE ( 'NONE', *, *, #6799, .T. ) ;
#764 = CARTESIAN_POINT ( 'NONE',  ( 13.59587200499385595, 14.88326261765000780, 0.000000000000000000 ) ) ;
#765 = ORIENTED_EDGE ( 'NONE', *, *, #2287, .T. ) ;
#766 = CARTESIAN_POINT ( 'NONE',  ( 18.43380524184109959, -38.08886323023224918, 18.99999999999999289 ) ) ;
#767 = DIRECTION ( 'NONE',  ( -0.000000000000000000, -0.000000000000000000, -1.000000000000000000 ) ) ;
#768 = EDGE_CURVE ( 'NONE', #6615, #4580, #4958, .T. ) ;
#769 = VECTOR ( 'NONE', #96, 1000.000000000000000 ) ;
#770 = CARTESIAN_POINT ( 'NONE',  ( 0.000000000000000000, -29.00000000000000000, 19.00000000000000355 ) ) ;
#771 = ORIENTED_EDGE ( 'NONE', *, *, #8177, .T. ) ;
#772 = FACE_OUTER_BOUND ( 'NONE', #168, .T. ) ;
#773 = AXIS2_PLACEMENT_3D ( 'NONE', #7513, #5500, #3480 ) ;
#774 = AXIS2_PLACEMENT_3D ( 'NONE', #2844, #2081, #4860 ) ;
#775 = ORIENTED_EDGE ( 'NONE', *, *, #7833, .T. ) ;
#776 = DIRECTION ( 'NONE',  ( -0.5000000000000039968, -0.8660254037844363761, 0.000000000000000000 ) ) ;
#777 = CARTESIAN_POINT ( 'NONE',  ( -38.05106172828543265, 16.54980429983895718, 12.50000000000000000 ) ) ;
#778 = AXIS2_PLACEMENT_3D ( 'NONE', #4704, #3802, #6040 ) ;
#779 = ORIENTED_EDGE ( 'NONE', *, *, #1047, .T. ) ;
#780 = DIRECTION ( 'NONE',  ( -0.5000000000000039968, -0.8660254037844363761, 0.000000000000000000 ) ) ;
#781 = CARTESIAN_POINT ( 'NONE',  ( 10.19775998189764898, 14.88326261767695158, 6.000000000000000000 ) ) ;
#782 = VECTOR ( 'NONE', #7403, 1000.000000000000000 ) ;
#783 = EDGE_CURVE ( 'NONE', #7924, #4132, #523, .T. ) ;
#784 = EDGE_CURVE ( 'NONE', #3431, #1796, #4042, .T. ) ;
#785 = CARTESIAN_POINT ( 'NONE',  ( 17.14963164645766369, -29.00000000000000000, 30.99999999999999645 ) ) ;
#786 = ORIENTED_EDGE ( 'NONE', *, *, #2479, .T. ) ;
#787 = DIRECTION ( 'NONE',  ( -0.000000000000000000, 1.000000000000000000, -0.000000000000000000 ) ) ;
#788 = ORIENTED_EDGE ( 'NONE', *, *, #120, .F. ) ;
#789 = ADVANCED_FACE ( 'NONE', ( #6770 ), #3361, .T. ) ;
#790 = DIRECTION ( 'NONE',  ( -0.000000000000000000, -0.000000000000000000, -1.000000000000000000 ) ) ;
#791 = VERTEX_POINT ( 'NONE', #3503 ) ;
#792 = FACE_OUTER_BOUND ( 'NONE', #366, .T. ) ;
#793 = PLANE ( 'NONE',  #3815 ) ;
#794 = DIRECTION ( 'NONE',  ( 0.000000000000000000, -0.000000000000000000, 1.000000000000000000 ) ) ;
#795 = VERTEX_POINT ( 'NONE', #8838 ) ;
#796 = CARTESIAN_POINT ( 'NONE',  ( -26.14708080932900813, 35.16810406380066212, 12.50000000000000000 ) ) ;
#797 = EDGE_CURVE ( 'NONE', #6878, #5015, #3453, .T. ) ;
#798 = CARTESIAN_POINT ( 'NONE',  ( 36.82236888802420793, 29.89159361570210294, 11.66666666666666785 ) ) ;
#799 = CARTESIAN_POINT ( 'NONE',  ( 24.90938724951298511, -7.401276679352508658, 18.09999999999999787 ) ) ;
#800 = VECTOR ( 'NONE', #3192, 1000.000000000000000 ) ;
#801 = AXIS2_PLACEMENT_3D ( 'NONE', #2424, #4449, #357 ) ;
#802 = VERTEX_POINT ( 'NONE', #1979 ) ;
#803 = FACE_BOUND ( 'NONE', #5564, .T. ) ;
#804 = DIRECTION ( 'NONE',  ( 1.000000000000000000, 1.334402673828313586E-16, 0.000000000000000000 ) ) ;
#805 = VECTOR ( 'NONE', #6774, 1000.000000000000114 ) ;
#806 = EDGE_CURVE ( 'NONE', #841, #8760, #2704, .T. ) ;
#807 = DIRECTION ( 'NONE',  ( -1.000000000000000000, 0.000000000000000000, 0.000000000000000000 ) ) ;
#808 = VERTEX_POINT ( 'NONE', #583 ) ;
#809 = FACE_OUTER_BOUND ( 'NONE', #8722, .T. ) ;
#810 = ORIENTED_EDGE ( 'NONE', *, *, #2795, .T. ) ;
#811 = CARTESIAN_POINT ( 'NONE',  ( -18.29764992882473251, 38.25141955269392469, 4.000000000000000000 ) ) ;
#812 = ORIENTED_EDGE ( 'NONE', *, *, #58, .T. ) ;
#813 = LINE ( 'NONE', #7039, #5892 ) ;
#814 = CARTESIAN_POINT ( 'NONE',  ( 40.96473054147730153, 19.31770896186040432, 23.33333333333333215 ) ) ;
#815 = EDGE_CURVE ( 'NONE', #7578, #1677, #4714, .T. ) ;
#816 = EDGE_CURVE ( 'NONE', #2376, #1656, #1405, .T. ) ;
#817 = CARTESIAN_POINT ( 'NONE',  ( -42.78289081426766671, -3.385604543132454847, 10.90759455207650852 ) ) ;
#818 = ORIENTED_EDGE ( 'NONE', *, *, #6704, .F. ) ;
#819 = AXIS2_PLACEMENT_3D ( 'NONE', #4925, #1524, #7027 ) ;
#820 = CARTESIAN_POINT ( 'NONE',  ( 26.62704633623977912, -22.35329712445542683, 11.59999999999999964 ) ) ;
#821 = VERTEX_POINT ( 'NONE', #6053 ) ;
#822 = LINE ( 'NONE', #5617, #8116 ) ;
#823 = CARTESIAN_POINT ( 'NONE',  ( -23.50000000000000355, -32.27417035836263892, 0.000000000000000000 ) ) ;
#824 = ORIENTED_EDGE ( 'NONE', *, *, #4477, .T. ) ;
#825 = CYLINDRICAL_SURFACE ( 'NONE', #5206, 3.200000000017535928 ) ;
#826 = CARTESIAN_POINT ( 'NONE',  ( -23.50000000000000355, -37.27534673587851444, 12.60000000000000675 ) ) ;
#827 = B_SPLINE_SURFACE_WITH_KNOTS ( 'NONE', 3, 3, ( 
 ( #8387, #8343, #7000, #984 ),
 ( #7807, #1665, #7849, #2248 ),
 ( #8515, #4986, #1708, #4362 ),
 ( #3550, #5698, #3042, #2200 ),
 ( #2286, #7086, #2331, #945 ),
 ( #180, #814, #3683, #6450 ),
 ( #6414, #6284, #2379, #4941 ),
 ( #7040, #266, #851, #5111 ),
 ( #7674, #5730, #1540, #8468 ),
 ( #3588, #6326, #2921, #5653 ),
 ( #7719, #1581, #4309, #898 ),
 ( #3636, #6374, #223, #2960 ),
 ( #8067, #6497, #2510, #1217 ),
 ( #2460, #8646, #7933, #1789 ),
 ( #7170, #7256, #398, #1748 ),
 ( #1839, #7977, #5292, #3126 ),
 ( #6634, #1879, #7344, #1119 ) ),
 .UNSPECIFIED., .F., .F., .F.,
 ( 4, 1, 1, 1, 2, 1, 1, 1, 2, 1, 1, 1, 4 ),
 ( 4, 4 ),
 ( 0.000000000000000000, 0.02416282657140348886, 0.04832565314280697771, 0.07248847971421043535, 0.09665130628561391379, 0.2983256531428069569, 0.4999999999999999445, 0.7016743468571929876, 0.9033486937143860862, 0.9275115202857895369, 0.9516743468571930986, 0.9758371734285965493, 1.000000000000000000 ),
 ( 0.000000000000000000, 1.000000000000000000 ),
 .UNSPECIFIED. ) ;
#828 = CARTESIAN_POINT ( 'NONE',  ( -7.500000001196981181, -1.000802005530960627E-15, 11.00000000000000000 ) ) ;
#829 = ORIENTED_EDGE ( 'NONE', *, *, #2012, .F. ) ;
#830 = CARTESIAN_POINT ( 'NONE',  ( -14.65369224550881100, 44.56293940082807836, 0.000000000000000000 ) ) ;
#831 = ORIENTED_EDGE ( 'NONE', *, *, #1480, .F. ) ;
#832 = CARTESIAN_POINT ( 'NONE',  ( 6.044999999999995488, 18.38326261767710434, 4.000000000000000000 ) ) ;
#833 = ORIENTED_EDGE ( 'NONE', *, *, #3279, .F. ) ;
#834 = CARTESIAN_POINT ( 'NONE',  ( 15.49999999999999645, -7.259372140063334200, 10.09999999999999964 ) ) ;
#835 = DIRECTION ( 'NONE',  ( -0.9330356158564642177, 0.3597840179098403812, 0.000000000000000000 ) ) ;
#836 = CARTESIAN_POINT ( 'NONE',  ( -18.29764992882473251, 38.25141955269392469, 0.000000000000000000 ) ) ;
#837 = ORIENTED_EDGE ( 'NONE', *, *, #6289, .F. ) ;
#838 = CARTESIAN_POINT ( 'NONE',  ( 17.49999999999999645, -7.259372140063334200, 16.00000000000000000 ) ) ;
#839 = CARTESIAN_POINT ( 'NONE',  ( 37.85710825642971855, 25.42338403978123651, 23.33333333333330728 ) ) ;
#840 = CARTESIAN_POINT ( 'NONE',  ( 38.16565829136300891, -2.183157863060336545, 4.000000000000000000 ) ) ;
#841 = VERTEX_POINT ( 'NONE', #8790 ) ;
#842 = CARTESIAN_POINT ( 'NONE',  ( 40.10967058561712406, -27.99366909568917094, 11.66666666666666785 ) ) ;
#843 = DIRECTION ( 'NONE',  ( 1.000000000000000000, 1.196361017915039486E-16, 0.000000000000000000 ) ) ;
#844 = DIRECTION ( 'NONE',  ( 0.000000000000000000, 0.000000000000000000, -1.000000000000000000 ) ) ;
#845 = EDGE_LOOP ( 'NONE', ( #4144, #676, #3018, #5313 ) ) ;
#846 = DIRECTION ( 'NONE',  ( -0.000000000000000000, -0.000000000000000000, -1.000000000000000000 ) ) ;
#847 = VERTEX_POINT ( 'NONE', #6239 ) ;
#848 = CARTESIAN_POINT ( 'NONE',  ( 2.750000000598513239, 4.763139721851017860, 9.000000000000000000 ) ) ;
#849 = EDGE_LOOP ( 'NONE', ( #6937, #1901, #855, #194, #8482, #2616 ) ) ;
#850 = DIRECTION ( 'NONE',  ( 0.000000000000000000, 0.000000000000000000, -1.000000000000000000 ) ) ;
#851 = CARTESIAN_POINT ( 'NONE',  ( 44.29806387481077223, 10.16519341222905837, 11.66666666666666785 ) ) ;
#852 = DIRECTION ( 'NONE',  ( -0.000000000000000000, -0.000000000000000000, 1.000000000000000000 ) ) ;
#853 = EDGE_LOOP ( 'NONE', ( #2108, #1603 ) ) ;
#854 = DIRECTION ( 'NONE',  ( 1.000000000000000000, 0.000000000000000000, -0.000000000000000000 ) ) ;
#855 = ORIENTED_EDGE ( 'NONE', *, *, #6042, .F. ) ;
#856 = ADVANCED_FACE ( 'NONE', ( #7401 ), #4172, .F. ) ;
#857 = CARTESIAN_POINT ( 'NONE',  ( -22.90000000000000213, -29.00000000000000000, 18.40000000000000213 ) ) ;
#858 = FACE_OUTER_BOUND ( 'NONE', #3466, .T. ) ;
#859 = EDGE_LOOP ( 'NONE', ( #8012, #537, #7661, #8744, #1915, #2513 ) ) ;
#860 = LINE ( 'NONE', #1552, #7650 ) ;
#861 = EDGE_CURVE ( 'NONE', #6123, #321, #2677, .T. ) ;
#862 = CARTESIAN_POINT ( 'NONE',  ( -6.045000000000004370, 49.66987298107782323, 0.000000000000000000 ) ) ;
#863 = LINE ( 'NONE', #4909, #1625 ) ;
#864 = ORIENTED_EDGE ( 'NONE', *, *, #7126, .F. ) ;
#865 = DIRECTION ( 'NONE',  ( 0.000000000000000000, 0.000000000000000000, 1.000000000000000000 ) ) ;
#866 = ORIENTED_EDGE ( 'NONE', *, *, #4659, .F. ) ;
#867 = VECTOR ( 'NONE', #6944, 1000.000000000000000 ) ;
#868 = EDGE_CURVE ( 'NONE', #5035, #7715, #675, .T. ) ;
#869 = LINE ( 'NONE', #1002, #6955 ) ;
#870 = ORIENTED_EDGE ( 'NONE', *, *, #8533, .F. ) ;
#871 = CARTESIAN_POINT ( 'NONE',  ( -40.71998297938527145, -22.30928821533263218, 23.33333333333333570 ) ) ;
#872 = DIRECTION ( 'NONE',  ( 0.8660254037844385966, -0.5000000000000001110, 0.000000000000000000 ) ) ;
#873 = PLANE ( 'NONE',  #2610 ) ;
#874 = AXIS2_PLACEMENT_3D ( 'NONE', #4195, #6626, #7288 ) ;
#875 = CIRCLE ( 'NONE', #6452, 2.000000000000001776 ) ;
#876 = ORIENTED_EDGE ( 'NONE', *, *, #153, .T. ) ;
#877 = EDGE_CURVE ( 'NONE', #8785, #6081, #3408, .T. ) ;
#878 = CARTESIAN_POINT ( 'NONE',  ( -12.80224001811209789, -9.116737382349995755, 4.000000000000000000 ) ) ;
#879 = CIRCLE ( 'NONE', #8469, 0.8000000000000009326 ) ;
#880 = LINE ( 'NONE', #5096, #3395 ) ;
#881 = CARTESIAN_POINT ( 'NONE',  ( 23.61034914383633421, -6.651276679352503329, 10.09999999999999964 ) ) ;
#882 = ORIENTED_EDGE ( 'NONE', *, *, #3000, .T. ) ;
#883 = CARTESIAN_POINT ( 'NONE',  ( 37.63139720814433531, -21.72649730810337232, 35.00000000000000000 ) ) ;
#884 = LINE ( 'NONE', #5643, #2372 ) ;
#885 = VECTOR ( 'NONE', #164, 1000.000000000000000 ) ;
#886 = AXIS2_PLACEMENT_3D ( 'NONE', #8551, #3036, #7877 ) ;
#887 = AXIS2_PLACEMENT_3D ( 'NONE', #2911, #8376, #1571 ) ;
#888 = ADVANCED_FACE ( 'NONE', ( #6144 ), #2068, .T. ) ;
#889 = DIRECTION ( 'NONE',  ( -1.000000000000000000, 0.000000000000000000, 0.000000000000000000 ) ) ;
#890 = EDGE_CURVE ( 'NONE', #2137, #5499, #2791, .T. ) ;
#891 = ORIENTED_EDGE ( 'NONE', *, *, #4208, .T. ) ;
#892 = CARTESIAN_POINT ( 'NONE',  ( -37.55996863551823139, -30.34551204169638794, 9.000000000002787104 ) ) ;
#893 = EDGE_CURVE ( 'NONE', #2420, #5369, #1619, .T. ) ;
#894 = ORIENTED_EDGE ( 'NONE', *, *, #2314, .T. ) ;
#895 = CARTESIAN_POINT ( 'NONE',  ( 20.12620908988082746, -3.433909871841002012E-15, 10.09999999999999964 ) ) ;
#896 = ORIENTED_EDGE ( 'NONE', *, *, #8697, .F. ) ;
#897 = CYLINDRICAL_SURFACE ( 'NONE', #1478, 1.200000000051049120 ) ;
#898 = CARTESIAN_POINT ( 'NONE',  ( 47.63139720814412925, -18.10319407817825876, -0.000000000000000000 ) ) ;
#899 = EDGE_CURVE ( 'NONE', #321, #5277, #3383, .T. ) ;
#900 = DIRECTION ( 'NONE',  ( 0.000000000000000000, 0.000000000000000000, -1.000000000000000000 ) ) ;
#901 = ORIENTED_EDGE ( 'NONE', *, *, #6706, .F. ) ;
#902 = DIRECTION ( 'NONE',  ( -0.000000000000000000, -0.000000000000000000, -1.000000000000000000 ) ) ;
#903 = ORIENTED_EDGE ( 'NONE', *, *, #6991, .T. ) ;
#904 = CARTESIAN_POINT ( 'NONE',  ( -8.580561569927755983, -23.72845661736633360, 12.00000000000000000 ) ) ;
#905 = PLANE ( 'NONE',  #3671 ) ;
#906 = ORIENTED_EDGE ( 'NONE', *, *, #4586, .T. ) ;
#907 = DIRECTION ( 'NONE',  ( -0.000000000000000000, 0.000000000000000000, 1.000000000000000000 ) ) ;
#908 = AXIS2_PLACEMENT_3D ( 'NONE', #6329, #8303, #5654 ) ;
#909 = CARTESIAN_POINT ( 'NONE',  ( 20.12620908988082746, -5.259372140063334200, 10.09999999999999964 ) ) ;
#910 = VECTOR ( 'NONE', #5707, 1000.000000000000000 ) ;
#911 = PLANE ( 'NONE',  #3187 ) ;
#912 = ADVANCED_FACE ( 'NONE', ( #3547 ), #5066, .F. ) ;
#913 = ORIENTED_EDGE ( 'NONE', *, *, #8864, .T. ) ;
#914 = FACE_OUTER_BOUND ( 'NONE', #8791, .T. ) ;
#915 = VECTOR ( 'NONE', #8211, 1000.000000000000000 ) ;
#916 = DIRECTION ( 'NONE',  ( 0.000000000000000000, 0.000000000000000000, 1.000000000000000000 ) ) ;
#917 = CARTESIAN_POINT ( 'NONE',  ( 17.49999999999999645, -5.259372140063334200, 16.00000000000000000 ) ) ;
#918 = VECTOR ( 'NONE', #2793, 999.9999999999998863 ) ;
#919 = ORIENTED_EDGE ( 'NONE', *, *, #2287, .F. ) ;
#920 = CARTESIAN_POINT ( 'NONE',  ( -47.63139720814413636, -10.85992115641603739, 0.000000000000000000 ) ) ;
#921 = CARTESIAN_POINT ( 'NONE',  ( 43.56985711980891551, -25.15506873667505872, 11.00000000000000000 ) ) ;
#922 = CARTESIAN_POINT ( 'NONE',  ( 20.12620908988082746, -3.141400665743017129, 30.99999999999999645 ) ) ;
#923 = ADVANCED_FACE ( 'NONE', ( #4938 ), #4890, .T. ) ;
#924 = VECTOR ( 'NONE', #3151, 1000.000000000000000 ) ;
#925 = EDGE_LOOP ( 'NONE', ( #5175, #6694, #2781, #8140, #6879, #4891, #3709, #5041 ) ) ;
#926 = EDGE_CURVE ( 'NONE', #1263, #8253, #1661, .T. ) ;
#927 = DIRECTION ( 'NONE',  ( -0.000000000000000000, -0.000000000000000000, 1.000000000000000000 ) ) ;
#928 = VERTEX_POINT ( 'NONE', #5651 ) ;
#929 = DIRECTION ( 'NONE',  ( -1.000000000000000000, 0.000000000000000000, -0.000000000000000000 ) ) ;
#930 = DIRECTION ( 'NONE',  ( -0.000000000000000000, -0.000000000000000000, -1.000000000000000000 ) ) ;
#931 = VERTEX_POINT ( 'NONE', #5727 ) ;
#932 = CARTESIAN_POINT ( 'NONE',  ( -27.50000000000000000, 24.85859933425698642, 16.00000000000000355 ) ) ;
#933 = DIRECTION ( 'NONE',  ( -0.000000000000000000, -1.000000000000000000, 0.000000000000000000 ) ) ;
#934 = EDGE_CURVE ( 'NONE', #1346, #6446, #7716, .T. ) ;
#935 = DIRECTION ( 'NONE',  ( 0.000000000000000000, 0.000000000000000000, -1.000000000000000000 ) ) ;
#936 = ORIENTED_EDGE ( 'NONE', *, *, #784, .T. ) ;
#937 = DIRECTION ( 'NONE',  ( 0.9781352566858384501, 0.2079697565227427714, 0.000000000000000000 ) ) ;
#938 = AXIS2_PLACEMENT_3D ( 'NONE', #1573, #843, #7075 ) ;
#939 = CIRCLE ( 'NONE', #2227, 1.000000000018832935 ) ;
#940 = VERTEX_POINT ( 'NONE', #8298 ) ;
#941 = EDGE_CURVE ( 'NONE', #563, #565, #4108, .T. ) ;
#942 = PLANE ( 'NONE',  #7964 ) ;
#943 = ORIENTED_EDGE ( 'NONE', *, *, #1959, .F. ) ;
#944 = DIRECTION ( 'NONE',  ( 0.000000000000000000, 0.000000000000000000, -1.000000000000000000 ) ) ;
#945 = CARTESIAN_POINT ( 'NONE',  ( 47.57475725421116408, 23.03104761839536252, 0.000000000000000000 ) ) ;
#946 = LINE ( 'NONE', #3686, #2923 ) ;
#947 = ORIENTED_EDGE ( 'NONE', *, *, #6835, .T. ) ;
#948 = DIRECTION ( 'NONE',  ( 0.8660254037844357100, -0.5000000000000049960, 0.000000000000000000 ) ) ;
#949 = AXIS2_PLACEMENT_3D ( 'NONE', #6291, #992, #6461 ) ;
#950 = VERTEX_POINT ( 'NONE', #5567 ) ;
#951 = LINE ( 'NONE', #904, #1397 ) ;
#952 = DIRECTION ( 'NONE',  ( 0.000000000000000000, 0.000000000000000000, -1.000000000000000000 ) ) ;
#953 = EDGE_LOOP ( 'NONE', ( #599, #1955 ) ) ;
#954 = CARTESIAN_POINT ( 'NONE',  ( 41.66565829136303023, -2.183157863060337878, 7.500000000000062172 ) ) ;
#955 = AXIS2_PLACEMENT_3D ( 'NONE', #3528, #5550, #202 ) ;
#956 = DIRECTION ( 'NONE',  ( -1.000000000000000000, 0.000000000000000000, 0.000000000000000000 ) ) ;
#957 = CIRCLE ( 'NONE', #2111, 9.999999999999998224 ) ;
#958 = DIRECTION ( 'NONE',  ( 1.000000000000000000, 0.000000000000000000, -0.000000000000000000 ) ) ;
#959 = ORIENTED_EDGE ( 'NONE', *, *, #1907, .F. ) ;
#960 = VECTOR ( 'NONE', #4745, 1000.000000000000000 ) ;
#961 = VECTOR ( 'NONE', #6782, 1000.000000000000000 ) ;
#962 = CARTESIAN_POINT ( 'NONE',  ( -15.90705325501499878, -38.60007460160269943, 12.00000000000000000 ) ) ;
#963 = CARTESIAN_POINT ( 'NONE',  ( 46.03787180435961801, -19.59981292466219216, 10.09999999999999964 ) ) ;
#964 = CARTESIAN_POINT ( 'NONE',  ( -1.474514954580286030E-13, 32.73634711715673262, 18.09999999999999787 ) ) ;
#965 = ORIENTED_EDGE ( 'NONE', *, *, #6442, .T. ) ;
#966 = CARTESIAN_POINT ( 'NONE',  ( -8.602240018065977267, 14.88326261767710967, 25.05096679924108116 ) ) ;
#967 = CARTESIAN_POINT ( 'NONE',  ( 14.22923151169096556, -8.091954300746134976, 4.000000000000000000 ) ) ;
#968 = VECTOR ( 'NONE', #2986, 1000.000000000000000 ) ;
#969 = B_SPLINE_CURVE_WITH_KNOTS ( 'NONE', 3,
 ( #5862, #8596, #5243, #7976 ),
 .UNSPECIFIED., .F., .F.,
 ( 4, 4 ),
 ( 0.002106032798809140665, 0.01158318039124485443 ),
 .UNSPECIFIED. ) ;
#970 = ORIENTED_EDGE ( 'NONE', *, *, #1729, .F. ) ;
#971 = CYLINDRICAL_SURFACE ( 'NONE', #7373, 2.000000000000000000 ) ;
#972 = ORIENTED_EDGE ( 'NONE', *, *, #1449, .T. ) ;
#973 = CARTESIAN_POINT ( 'NONE',  ( -4.499999999999976019, 49.66987298107782323, 4.199999999999995737 ) ) ;
#974 = ADVANCED_FACE ( 'NONE', ( #6411, #6281, #7037, #220 ), #942, .F. ) ;
#975 = DIRECTION ( 'NONE',  ( 0.000000000000000000, 0.000000000000000000, -1.000000000000000000 ) ) ;
#976 = EDGE_CURVE ( 'NONE', #7601, #6578, #2197, .T. ) ;
#977 = CARTESIAN_POINT ( 'NONE',  ( 11.19775998191648192, 14.88326261767695158, 4.000000000000000000 ) ) ;
#978 = ORIENTED_EDGE ( 'NONE', *, *, #3660, .T. ) ;
#979 = CARTESIAN_POINT ( 'NONE',  ( 22.90000000000000213, -114.9999999999999289, 12.59999999999999964 ) ) ;
#980 = ORIENTED_EDGE ( 'NONE', *, *, #7001, .F. ) ;
#981 = CARTESIAN_POINT ( 'NONE',  ( 6.486868131917745291E-15, 18.38326261767710790, 4.000000000000000000 ) ) ;
#982 = VERTEX_POINT ( 'NONE', #2157 ) ;
#983 = DIRECTION ( 'NONE',  ( -1.000000000000000000, 0.000000000000000000, 0.000000000000000000 ) ) ;
#984 = CARTESIAN_POINT ( 'NONE',  ( 46.29165124598848990, 26.72649730810375956, 0.000000000000000000 ) ) ;
#985 = FACE_OUTER_BOUND ( 'NONE', #3664, .T. ) ;
#986 = ORIENTED_EDGE ( 'NONE', *, *, #2089, .F. ) ;
#987 = DIRECTION ( 'NONE',  ( -0.000000000000000000, -0.000000000000000000, -1.000000000000000000 ) ) ;
#988 = EDGE_CURVE ( 'NONE', #5788, #6072, #2918, .T. ) ;
#989 = ADVANCED_FACE ( 'NONE', ( #5607 ), #3679, .T. ) ;
#990 = ORIENTED_EDGE ( 'NONE', *, *, #307, .F. ) ;
#991 = DIRECTION ( 'NONE',  ( -1.000000000000000000, 0.000000000000000000, 0.000000000000000000 ) ) ;
#992 = DIRECTION ( 'NONE',  ( 0.000000000000000000, 0.000000000000000000, -1.000000000000000000 ) ) ;
#993 = ORIENTED_EDGE ( 'NONE', *, *, #6781, .F. ) ;
#994 = CARTESIAN_POINT ( 'NONE',  ( -28.50000000000000000, 0.5237981084160741041, 85.99999999999994316 ) ) ;
#995 = DIRECTION ( 'NONE',  ( -0.8660254037844381525, 0.5000000000000008882, 0.000000000000000000 ) ) ;
#996 = LINE ( 'NONE', #1804, #37 ) ;
#997 = ORIENTED_EDGE ( 'NONE', *, *, #4540, .T. ) ;
#998 = CARTESIAN_POINT ( 'NONE',  ( -37.45298551693169031, 15.58570268470066189, 0.000000000000000000 ) ) ;
#999 = EDGE_CURVE ( 'NONE', #4450, #7493, #3682, .T. ) ;
#1000 = EDGE_CURVE ( 'NONE', #6143, #2671, #1537, .T. ) ;
#1001 = ADVANCED_FACE ( 'NONE', ( #3720 ), #3632, .T. ) ;
#1002 = CARTESIAN_POINT ( 'NONE',  ( 28.35050823056319658, -16.36817355857836631, 18.09999999999999787 ) ) ;
#1003 = DIRECTION ( 'NONE',  ( 0.000000000000000000, 0.000000000000000000, -1.000000000000000000 ) ) ;
#1004 = VERTEX_POINT ( 'NONE', #8384 ) ;
#1005 = CARTESIAN_POINT ( 'NONE',  ( -47.63139720814413636, -18.10319407817828363, 0.000000000000000000 ) ) ;
#1006 = CARTESIAN_POINT ( 'NONE',  ( -23.75457023243858501, 36.05590513730067670, 12.50000000000000000 ) ) ;
#1007 = ORIENTED_EDGE ( 'NONE', *, *, #4978, .T. ) ;
#1008 = EDGE_CURVE ( 'NONE', #6416, #7214, #6824, .T. ) ;
#1009 = DIRECTION ( 'NONE',  ( 1.000000000000000000, 4.496403249731883200E-15, 0.000000000000000000 ) ) ;
#1010 = VERTEX_POINT ( 'NONE', #5107 ) ;
#1011 = DIRECTION ( 'NONE',  ( 0.4999999999999947820, -0.8660254037844417052, 0.000000000000000000 ) ) ;
#1012 = VECTOR ( 'NONE', #6441, 1000.000000000000000 ) ;
#1013 = DIRECTION ( 'NONE',  ( 0.000000000000000000, 1.000000000000000000, 0.000000000000000000 ) ) ;
#1014 = VECTOR ( 'NONE', #5885, 1000.000000000000000 ) ;
#1015 = CARTESIAN_POINT ( 'NONE',  ( -1.039581154865678814, -46.41918380948386158, 23.33333333333328596 ) ) ;
#1016 = CARTESIAN_POINT ( 'NONE',  ( -15.52378647908693132, 36.64992874329254136, 12.50000000000000000 ) ) ;
#1018 = VERTEX_POINT ( 'NONE', #4570 ) ;
#1017 = EDGE_CURVE ( 'NONE', #584, #2094, #346, .T. ) ;
#1019 = VECTOR ( 'NONE', #682, 1000.000000000000000 ) ;
#1020 = CARTESIAN_POINT ( 'NONE',  ( -16.62793106846020308, -41.36799416023170295, 12.22094239641465663 ) ) ;
#1021 = VERTEX_POINT ( 'NONE', #7929 ) ;
#1022 = CARTESIAN_POINT ( 'NONE',  ( -44.70175239996623162, -17.65142069736062425, 10.25375682862254756 ) ) ;
#1023 = ORIENTED_EDGE ( 'NONE', *, *, #5134, .T. ) ;
#1024 = DIRECTION ( 'NONE',  ( 0.000000000000000000, -0.000000000000000000, 1.000000000000000000 ) ) ;
#1025 = CYLINDRICAL_SURFACE ( 'NONE', #8246, 1.200000000051035354 ) ;
#1026 = VECTOR ( 'NONE', #4490, 1000.000000000000000 ) ;
#1027 = EDGE_CURVE ( 'NONE', #7997, #8346, #7880, .T. ) ;
#1028 = CARTESIAN_POINT ( 'NONE',  ( -9.859227261804676345, 33.37949395435406075, 11.50000000000004974 ) ) ;
#1029 = VERTEX_POINT ( 'NONE', #5149 ) ;
#1030 = EDGE_CURVE ( 'NONE', #8652, #1740, #1681, .T. ) ;
#1031 = AXIS2_PLACEMENT_3D ( 'NONE', #8101, #6756, #6129 ) ;
#1032 = LINE ( 'NONE', #8602, #6183 ) ;
#1033 = ORIENTED_EDGE ( 'NONE', *, *, #1825, .T. ) ;
#1034 = CARTESIAN_POINT ( 'NONE',  ( 2.599137793708152788, 53.13902344739652506, 0.000000000000000000 ) ) ;
#1035 = DIRECTION ( 'NONE',  ( 0.000000000000000000, 0.000000000000000000, -1.000000000000000000 ) ) ;
#1036 = ORIENTED_EDGE ( 'NONE', *, *, #899, .T. ) ;
#1037 = CARTESIAN_POINT ( 'NONE',  ( 0.3940173918712218670, 50.25539422098248821, 10.99999999999999645 ) ) ;
#1038 = CYLINDRICAL_SURFACE ( 'NONE', #2064, 1.000000000000000888 ) ;
#1039 = CARTESIAN_POINT ( 'NONE',  ( -8.580561569927754206, -10.97629017012735630, 12.00000000000000000 ) ) ;
#1040 = EDGE_LOOP ( 'NONE', ( #4802, #5566, #105, #5616 ) ) ;
#1041 = CARTESIAN_POINT ( 'NONE',  ( 9.640366921179685633, -8.091954300746134976, 27.31370849898443609 ) ) ;
#1042 = FACE_OUTER_BOUND ( 'NONE', #3817, .T. ) ;
#1043 = CARTESIAN_POINT ( 'NONE',  ( -43.43503632450040186, 5.224486752532991218, 12.50000000000000000 ) ) ;
#1044 = AXIS2_PLACEMENT_3D ( 'NONE', #7991, #5303, #8708 ) ;
#1045 = VERTEX_POINT ( 'NONE', #3897 ) ;
#1046 = FACE_OUTER_BOUND ( 'NONE', #5901, .T. ) ;
#1047 = EDGE_CURVE ( 'NONE', #5694, #4619, #5241, .T. ) ;
#1048 = FACE_OUTER_BOUND ( 'NONE', #4661, .T. ) ;
#1049 = EDGE_CURVE ( 'NONE', #644, #5844, #2877, .T. ) ;
#1050 = EDGE_CURVE ( 'NONE', #4267, #1866, #5969, .T. ) ;
#1051 = AXIS2_PLACEMENT_3D ( 'NONE', #8775, #5371, #7429 ) ;
#1052 = CARTESIAN_POINT ( 'NONE',  ( -45.26537180435990138, -20.93782217350849706, 4.999999999999998224 ) ) ;
#1053 = VECTOR ( 'NONE', #46, 1000.000000000000000 ) ;
#1054 = AXIS2_PLACEMENT_3D ( 'NONE', #3732, #3695, #4284 ) ;
#1055 = DIRECTION ( 'NONE',  ( 1.000000000000000000, 0.000000000000000000, 0.000000000000000000 ) ) ;
#1056 = EDGE_LOOP ( 'NONE', ( #4126, #2246, #4939, #5365, #4596, #6213, #4357, #211 ) ) ;
#1057 = CARTESIAN_POINT ( 'NONE',  ( -27.50000000000000000, 25.85859933425698642, 35.00000000000000000 ) ) ;
#1058 = PLANE ( 'NONE',  #6466 ) ;
#1059 = VECTOR ( 'NONE', #319, 1000.000000000000000 ) ;
#1060 = CARTESIAN_POINT ( 'NONE',  ( -0.4363323087062026540, -53.45299461620749781, 0.000000000000000000 ) ) ;
#1061 = CARTESIAN_POINT ( 'NONE',  ( 16.50000000000000355, -32.03553925944023462, 18.39999999999999503 ) ) ;
#1062 = ORIENTED_EDGE ( 'NONE', *, *, #7062, .F. ) ;
#1063 = EDGE_CURVE ( 'NONE', #4531, #118, #288, .T. ) ;
#1064 = FACE_OUTER_BOUND ( 'NONE', #6004, .T. ) ;
#1065 = CARTESIAN_POINT ( 'NONE',  ( -28.50000000000000000, 25.85859933425698642, 18.09999999999999787 ) ) ;
#1066 = VERTEX_POINT ( 'NONE', #3084 ) ;
#1067 = LINE ( 'NONE', #8018, #6396 ) ;
#1068 = ORIENTED_EDGE ( 'NONE', *, *, #8086, .F. ) ;
#1069 = CARTESIAN_POINT ( 'NONE',  ( 44.87145124104026905, -17.36990203357386520, 9.659810884863643921 ) ) ;
#1070 = DIRECTION ( 'NONE',  ( 0.5000000000000039968, -0.8660254037844363761, 0.000000000000000000 ) ) ;
#1071 = EDGE_CURVE ( 'NONE', #1843, #3092, #1252, .T. ) ;
#1072 = CARTESIAN_POINT ( 'NONE',  ( 4.500000000000021316, 49.66987298107782323, 4.999999999999998224 ) ) ;
#1073 = ORIENTED_EDGE ( 'NONE', *, *, #7902, .F. ) ;
#1074 = AXIS2_PLACEMENT_3D ( 'NONE', #3707, #289, #7915 ) ;
#1075 = DIRECTION ( 'NONE',  ( 0.4999999999999911182, -0.8660254037844438146, 0.000000000000000000 ) ) ;
#1076 = ORIENTED_EDGE ( 'NONE', *, *, #3847, .T. ) ;
#1077 = CARTESIAN_POINT ( 'NONE',  ( 13.34571620803287217, 43.44584536016634502, 11.66666666666665542 ) ) ;
#1078 = CARTESIAN_POINT ( 'NONE',  ( -23.09411046311704752, 37.94370621080066996, 12.50000000000000000 ) ) ;
#1079 = VERTEX_POINT ( 'NONE', #4481 ) ;
#1080 = FACE_OUTER_BOUND ( 'NONE', #6098, .T. ) ;
#1081 = EDGE_CURVE ( 'NONE', #4109, #5800, #1067, .T. ) ;
#1082 = VECTOR ( 'NONE', #8506, 999.9999999999998863 ) ;
#1083 = CIRCLE ( 'NONE', #6525, 0.5999999999999998668 ) ;
#1084 = CARTESIAN_POINT ( 'NONE',  ( 12.94227870587920037, -36.10007460160268522, 12.00000000000000000 ) ) ;
#1085 = AXIS2_PLACEMENT_3D ( 'NONE', #3909, #7352, #8078 ) ;
#1086 = DIRECTION ( 'NONE',  ( 0.000000000000000000, -1.000000000000000000, 0.000000000000000000 ) ) ;
#1088 = ORIENTED_EDGE ( 'NONE', *, *, #2386, .T. ) ;
#1087 = EDGE_CURVE ( 'NONE', #6045, #7853, #4617, .T. ) ;
#1089 = CARTESIAN_POINT ( 'NONE',  ( 11.09294674498501365, -31.10007460160269588, 12.00000000000001066 ) ) ;
#1090 = AXIS2_PLACEMENT_3D ( 'NONE', #6814, #7483, #7443 ) ;
#1091 = AXIS2_PLACEMENT_3D ( 'NONE', #4687, #7273, #7313 ) ;
#1092 = CARTESIAN_POINT ( 'NONE',  ( 25.32800823056312467, -21.60329712445542683, 18.09999999999999787 ) ) ;
#1093 = VECTOR ( 'NONE', #6883, 1000.000000000000000 ) ;
#1094 = DIRECTION ( 'NONE',  ( -1.196361017915039486E-16, 1.000000000000000000, -0.000000000000000000 ) ) ;
#1095 = ORIENTED_EDGE ( 'NONE', *, *, #6352, .F. ) ;
#1096 = CARTESIAN_POINT ( 'NONE',  ( -47.57475725421122092, 23.03104761839528791, 0.000000000000000000 ) ) ;
#1097 = DIRECTION ( 'NONE',  ( -0.6886969973763202857, 0.7250492712946070561, 0.000000000000000000 ) ) ;
#1098 = VERTEX_POINT ( 'NONE', #8240 ) ;
#1099 = CARTESIAN_POINT ( 'NONE',  ( 11.21568662505966429, -36.97761492408287864, 34.99999999999998579 ) ) ;
#1100 = VECTOR ( 'NONE', #5510, 1000.000000000000000 ) ;
#1101 = CARTESIAN_POINT ( 'NONE',  ( 11.74227870582815036, -36.10007460160268522, 27.31370849898443609 ) ) ;
#1102 = ORIENTED_EDGE ( 'NONE', *, *, #8189, .F. ) ;
#1103 = CIRCLE ( 'NONE', #6542, 0.8000000000000000444 ) ;
#1104 = DIRECTION ( 'NONE',  ( 0.3298193358821271404, 0.6257720016449453970, -0.7068441183426167340 ) ) ;
#1105 = CIRCLE ( 'NONE', #4264, 1.500000000000000222 ) ;
#1106 = ORIENTED_EDGE ( 'NONE', *, *, #4924, .T. ) ;
#1107 = CARTESIAN_POINT ( 'NONE',  ( -2.071488159577655086, 45.98590094833460284, 23.33333333333334636 ) ) ;
#1108 = LINE ( 'NONE', #4515, #734 ) ;
#1109 = CARTESIAN_POINT ( 'NONE',  ( -44.60025803500102626, 1.466623094547125472, 0.000000000000000000 ) ) ;
#1110 = ORIENTED_EDGE ( 'NONE', *, *, #2580, .T. ) ;
#1111 = CARTESIAN_POINT ( 'NONE',  ( 1.577357286238862894E-13, -48.45299461620748360, 17.50000000000000000 ) ) ;
#1112 = ORIENTED_EDGE ( 'NONE', *, *, #6848, .T. ) ;
#1113 = FACE_OUTER_BOUND ( 'NONE', #3163, .T. ) ;
#1114 = CARTESIAN_POINT ( 'NONE',  ( -34.05106172828569555, 23.47800753011462760, 0.000000000000000000 ) ) ;
#1115 = ORIENTED_EDGE ( 'NONE', *, *, #1063, .T. ) ;
#1116 = CARTESIAN_POINT ( 'NONE',  ( 37.47547573474472671, -30.22115744167813745, 9.524792425782655059 ) ) ;
#1117 = ORIENTED_EDGE ( 'NONE', *, *, #5737, .T. ) ;
#1118 = DIRECTION ( 'NONE',  ( -0.4423126583253230715, -0.8968609213725313722, 0.000000000000000000 ) ) ;
#1119 = CARTESIAN_POINT ( 'NONE',  ( 46.29165124598851833, -26.72649730810375246, 0.000000000000000000 ) ) ;
#1120 = CARTESIAN_POINT ( 'NONE',  ( 9.640366921179685633, -8.091954300746134976, 30.99999999999999645 ) ) ;
#1121 = ORIENTED_EDGE ( 'NONE', *, *, #3539, .T. ) ;
#1122 = LINE ( 'NONE', #4626, #4471 ) ;
#1123 = B_SPLINE_CURVE_WITH_KNOTS ( 'NONE', 3,
 ( #5547, #4696, #4019, #6164 ),
 .UNSPECIFIED., .F., .F.,
 ( 4, 4 ),
 ( 0.002106032798806201610, 0.01158318039345026737 ),
 .UNSPECIFIED. ) ;
#1124 = ORIENTED_EDGE ( 'NONE', *, *, #6706, .T. ) ;
#1125 = CARTESIAN_POINT ( 'NONE',  ( 28.68402912493117185, 30.74126447408302454, 23.33333333333329307 ) ) ;
#1126 = DIRECTION ( 'NONE',  ( -0.8660254037844432595, -0.4999999999999920064, -0.000000000000000000 ) ) ;
#1127 = ORIENTED_EDGE ( 'NONE', *, *, #2104, .T. ) ;
#1128 = DIRECTION ( 'NONE',  ( 0.000000000000000000, 0.000000000000000000, -1.000000000000000000 ) ) ;
#1129 = CARTESIAN_POINT ( 'NONE',  ( 4.500000000000021316, 40.66987298107783744, 5.799999999999998046 ) ) ;
#1130 = DIRECTION ( 'NONE',  ( 1.000000000000000000, 0.000000000000000000, 0.000000000000000000 ) ) ;
#1131 = ORIENTED_EDGE ( 'NONE', *, *, #3728, .T. ) ;
#1132 = CARTESIAN_POINT ( 'NONE',  ( -20.86195208424274483, 25.85859933425698642, 16.49999999999999645 ) ) ;
#1133 = ADVANCED_FACE ( 'NONE', ( #2733 ), #2696, .F. ) ;
#1134 = EDGE_CURVE ( 'NONE', #4043, #1776, #7545, .T. ) ;
#1135 = CARTESIAN_POINT ( 'NONE',  ( 22.90000000000000213, -114.9999999999999289, 18.39999999999999503 ) ) ;
#1136 = CARTESIAN_POINT ( 'NONE',  ( 43.88139720814402267, -25.33493649053911767, 11.00000000000000000 ) ) ;
#1137 = ORIENTED_EDGE ( 'NONE', *, *, #2183, .T. ) ;
#1138 = CARTESIAN_POINT ( 'NONE',  ( -37.63139720814415767, 14.62354207374278126, 34.99999999999999289 ) ) ;
#1139 = CARTESIAN_POINT ( 'NONE',  ( -24.50261221182715232, -8.105831711875108425, -1.499999999999999556 ) ) ;
#1140 = EDGE_LOOP ( 'NONE', ( #176, #5674, #4946, #4766 ) ) ;
#1141 = CARTESIAN_POINT ( 'NONE',  ( -14.65369224550881100, 44.56293940082807836, 4.212084633368285758 ) ) ;
#1142 = CARTESIAN_POINT ( 'NONE',  ( -2.439025348532253279, 5.571992812967145881, 10.09999999999999964 ) ) ;
#1143 = ORIENTED_EDGE ( 'NONE', *, *, #7992, .T. ) ;
#1144 = EDGE_CURVE ( 'NONE', #1722, #2851, #957, .T. ) ;
#1145 = PLANE ( 'NONE',  #5797 ) ;
#1146 = ORIENTED_EDGE ( 'NONE', *, *, #8182, .F. ) ;
#1147 = CARTESIAN_POINT ( 'NONE',  ( -43.15889115148549138, 25.36980824256332667, 11.66666666666666785 ) ) ;
#1148 = FACE_OUTER_BOUND ( 'NONE', #7913, .T. ) ;
#1149 = ADVANCED_FACE ( 'NONE', ( #6718, #2107 ), #1344, .T. ) ;
#1150 = CARTESIAN_POINT ( 'NONE',  ( -11.21568662505909408, -36.97761492408301365, 35.00000000000001421 ) ) ;
#1151 = EDGE_CURVE ( 'NONE', #6549, #7016, #29, .T. ) ;
#1152 = VERTEX_POINT ( 'NONE', #2007 ) ;
#1153 = DIRECTION ( 'NONE',  ( 0.000000000000000000, 1.000000000000000000, 0.000000000000000000 ) ) ;
#1154 = ORIENTED_EDGE ( 'NONE', *, *, #4540, .F. ) ;
#1155 = CARTESIAN_POINT ( 'NONE',  ( 10.19775998189764898, 14.88326261767695158, 6.000000000000000000 ) ) ;
#1156 = LINE ( 'NONE', #2639, #5922 ) ;
#1157 = AXIS2_PLACEMENT_3D ( 'NONE', #5585, #570, #4702 ) ;
#1158 = VECTOR ( 'NONE', #2009, 1000.000000000000000 ) ;
#1159 = ORIENTED_EDGE ( 'NONE', *, *, #7274, .F. ) ;
#1160 = CARTESIAN_POINT ( 'NONE',  ( -44.76633530968719299, -17.50746452547485177, 10.02771664459915790 ) ) ;
#1161 = ORIENTED_EDGE ( 'NONE', *, *, #5101, .F. ) ;
#1162 = CARTESIAN_POINT ( 'NONE',  ( -6.045000000000004370, 34.23634711715671131, 10.09999999999999964 ) ) ;
#1163 = DIRECTION ( 'NONE',  ( 0.000000000000000000, 0.000000000000000000, 1.000000000000000000 ) ) ;
#1164 = EDGE_CURVE ( 'NONE', #2607, #8847, #5333, .T. ) ;
#1165 = AXIS2_PLACEMENT_3D ( 'NONE', #4912, #4288, #2218 ) ;
#1166 = ADVANCED_FACE ( 'NONE', ( #6761 ), #1392, .F. ) ;
#1167 = CARTESIAN_POINT ( 'NONE',  ( 17.60072470878810336, -26.92935667042205949, 0.000000000000000000 ) ) ;
#1168 = EDGE_LOOP ( 'NONE', ( #347, #6812, #3368, #7136 ) ) ;
#1169 = CARTESIAN_POINT ( 'NONE',  ( 14.71171412856897476, -15.47397686687295959, 27.31370849898443609 ) ) ;
#1170 = AXIS2_PLACEMENT_3D ( 'NONE', #6273, #3488, #5685 ) ;
#1171 = ORIENTED_EDGE ( 'NONE', *, *, #540, .F. ) ;
#1172 = CARTESIAN_POINT ( 'NONE',  ( 16.50000000000000355, -32.27417035836263892, 12.59999999999999964 ) ) ;
#1173 = VECTOR ( 'NONE', #2382, 1000.000000000000000 ) ;
#1174 = B_SPLINE_CURVE_WITH_KNOTS ( 'NONE', 3,
 ( #2285, #766, #3505, #6241, #6413 ),
 .UNSPECIFIED., .F., .F.,
 ( 4, 1, 4 ),
 ( 0.000000000000000000, 0.004620433212988060527, 0.006697263122599672776 ),
 .UNSPECIFIED. ) ;
#1175 = FACE_OUTER_BOUND ( 'NONE', #2456, .T. ) ;
#1176 = VERTEX_POINT ( 'NONE', #1970 ) ;
#1177 = CARTESIAN_POINT ( 'NONE',  ( 4.877599220820513892, 48.55485794195396210, 10.99999999999999645 ) ) ;
#1178 = DIRECTION ( 'NONE',  ( 0.5000000000000029976, 0.8660254037844370423, 0.000000000000000000 ) ) ;
#1179 = CIRCLE ( 'NONE', #6187, 1.000000000000000888 ) ;
#1180 = VECTOR ( 'NONE', #3617, 1000.000000000000000 ) ;
#1181 = DIRECTION ( 'NONE',  ( -1.000000000000000000, 0.000000000000000000, 0.000000000000000000 ) ) ;
#1182 = ORIENTED_EDGE ( 'NONE', *, *, #6027, .F. ) ;
#1183 = DIRECTION ( 'NONE',  ( 0.000000000000000000, 0.000000000000000000, -1.000000000000000000 ) ) ;
#1184 = CIRCLE ( 'NONE', #4192, 9.999999999999998224 ) ;
#1185 = CARTESIAN_POINT ( 'NONE',  ( -1.561251128379127016E-14, 43.45299461620749071, 35.00000000000000000 ) ) ;
#1186 = CARTESIAN_POINT ( 'NONE',  ( -28.49999999999999645, -2.141400665743007359, 35.00000000000000000 ) ) ;
#1187 = ORIENTED_EDGE ( 'NONE', *, *, #5773, .F. ) ;
#1188 = DIRECTION ( 'NONE',  ( 0.000000000000000000, 0.000000000000000000, 1.000000000000000000 ) ) ;
#1189 = DIRECTION ( 'NONE',  ( -0.000000000000000000, -0.000000000000000000, 1.000000000000000000 ) ) ;
#1190 = ORIENTED_EDGE ( 'NONE', *, *, #4918, .F. ) ;
#1191 = CARTESIAN_POINT ( 'NONE',  ( 3.752738566853748736, -45.13535178903377698, 23.33333333333333570 ) ) ;
#1192 = EDGE_CURVE ( 'NONE', #3274, #1656, #4975, .T. ) ;
#1193 = DIRECTION ( 'NONE',  ( 1.000000000000000000, 0.000000000000000000, 0.000000000000000000 ) ) ;
#1194 = ORIENTED_EDGE ( 'NONE', *, *, #5761, .F. ) ;
#1195 = AXIS2_PLACEMENT_3D ( 'NONE', #3100, #3140, #5835 ) ;
#1196 = DIRECTION ( 'NONE',  ( 1.493941974368068244E-16, 1.000000000000000000, 0.000000000000000000 ) ) ;
#1197 = EDGE_CURVE ( 'NONE', #6513, #3889, #1103, .T. ) ;
#1198 = ORIENTED_EDGE ( 'NONE', *, *, #5817, .F. ) ;
#1199 = CARTESIAN_POINT ( 'NONE',  ( -28.68402912493135659, 30.74126447408277585, 23.33333333333333570 ) ) ;
#1200 = FACE_OUTER_BOUND ( 'NONE', #8622, .T. ) ;
#1201 = ADVANCED_FACE ( 'NONE', ( #6851 ), #1922, .F. ) ;
#1202 = CARTESIAN_POINT ( 'NONE',  ( -18.81569860407189410, -32.58974596215571751, 35.00000000000001421 ) ) ;
#1203 = EDGE_CURVE ( 'NONE', #7800, #3335, #1258, .T. ) ;
#1204 = CIRCLE ( 'NONE', #2780, 2.000000000000000000 ) ;
#1205 = ORIENTED_EDGE ( 'NONE', *, *, #806, .F. ) ;
#1206 = AXIS2_PLACEMENT_3D ( 'NONE', #6464, #8438, #7770 ) ;
#1207 = CARTESIAN_POINT ( 'NONE',  ( -35.78311253585457763, 24.47800753011462405, 12.50000000000000000 ) ) ;
#1208 = ORIENTED_EDGE ( 'NONE', *, *, #5763, .T. ) ;
#1209 = FACE_OUTER_BOUND ( 'NONE', #5881, .T. ) ;
#1210 = CARTESIAN_POINT ( 'NONE',  ( -21.36205965554816899, 36.94370621080066996, 12.50000000000000000 ) ) ;
#1211 = AXIS2_PLACEMENT_3D ( 'NONE', #4763, #1409, #6197 ) ;
#1212 = ORIENTED_EDGE ( 'NONE', *, *, #5054, .T. ) ;
#1213 = CARTESIAN_POINT ( 'NONE',  ( -13.09906232953370875, -39.48833066009201076, 12.00000000000000000 ) ) ;
#1214 = VECTOR ( 'NONE', #6816, 1000.000000000000000 ) ;
#1215 = EDGE_LOOP ( 'NONE', ( #7287, #2575 ) ) ;
#1216 = DIRECTION ( 'NONE',  ( -0.000000000000000000, -0.000000000000000000, -1.000000000000000000 ) ) ;
#1217 = CARTESIAN_POINT ( 'NONE',  ( 47.57475725421124935, -23.03104761839533765, 0.000000000000000000 ) ) ;
#1218 = EDGE_CURVE ( 'NONE', #8801, #7633, #5819, .T. ) ;
#1219 = FACE_OUTER_BOUND ( 'NONE', #6503, .T. ) ;
#1220 = ORIENTED_EDGE ( 'NONE', *, *, #2691, .T. ) ;
#1221 = CARTESIAN_POINT ( 'NONE',  ( 23.20442225175781559, -37.62391543031483820, 12.06071835421321303 ) ) ;
#1222 = ORIENTED_EDGE ( 'NONE', *, *, #8559, .T. ) ;
#1223 = FACE_OUTER_BOUND ( 'NONE', #6735, .T. ) ;
#1224 = CYLINDRICAL_SURFACE ( 'NONE', #5384, 3.200000000018833557 ) ;
#1225 = ORIENTED_EDGE ( 'NONE', *, *, #2265, .F. ) ;
#1226 = CARTESIAN_POINT ( 'NONE',  ( 5.188802908973409345, 48.37518440882607962, 10.99999999999999645 ) ) ;
#1227 = DIRECTION ( 'NONE',  ( -0.000000000000000000, -0.000000000000000000, -1.000000000000000000 ) ) ;
#1228 = CIRCLE ( 'NONE', #3226, 3.200000000018833557 ) ;
#1229 = CARTESIAN_POINT ( 'NONE',  ( 17.72356672685348045, -33.85622107339584375, 0.000000000000000000 ) ) ;
#1230 = ORIENTED_EDGE ( 'NONE', *, *, #452, .T. ) ;
#1231 = DIRECTION ( 'NONE',  ( 0.6211018600785876975, 0.7837298510372809890, 0.000000000000000000 ) ) ;
#1232 = CARTESIAN_POINT ( 'NONE',  ( 41.05860311233816873, -8.325866583873127169, 0.000000000000000000 ) ) ;
#1233 = VECTOR ( 'NONE', #4164, 1000.000000000000000 ) ;
#1234 = VECTOR ( 'NONE', #7995, 1000.000000000000000 ) ;
#1235 = DIRECTION ( 'NONE',  ( 0.000000000000000000, -1.000000000000000000, 0.000000000000000000 ) ) ;
#1236 = ORIENTED_EDGE ( 'NONE', *, *, #423, .T. ) ;
#1237 = CYLINDRICAL_SURFACE ( 'NONE', #5498, 0.5999999999999998668 ) ;
#1238 = EDGE_LOOP ( 'NONE', ( #7837, #4653, #467, #4472 ) ) ;
#1239 = CARTESIAN_POINT ( 'NONE',  ( 0.9043120225822263158, -42.93088982653840446, 34.99999999999996447 ) ) ;
#1240 = VECTOR ( 'NONE', #4091, 1000.000000000000000 ) ;
#1241 = LINE ( 'NONE', #7192, #3063 ) ;
#1242 = ORIENTED_EDGE ( 'NONE', *, *, #1373, .T. ) ;
#1243 = VECTOR ( 'NONE', #5487, 1000.000000000000000 ) ;
#1244 = PLANE ( 'NONE',  #7668 ) ;
#1245 = EDGE_LOOP ( 'NONE', ( #5139, #3295, #610, #5205 ) ) ;
#1246 = CARTESIAN_POINT ( 'NONE',  ( -23.81569860407203265, 41.25000000000002842, 0.000000000000000000 ) ) ;
#1247 = CARTESIAN_POINT ( 'NONE',  ( 11.19775998191648192, 14.88326261767695158, 6.000000000000000000 ) ) ;
#1248 = CARTESIAN_POINT ( 'NONE',  ( -43.00734919661018552, -30.16969536420488751, 0.000000000000000000 ) ) ;
#1249 = VECTOR ( 'NONE', #2942, 1000.000000000000000 ) ;
#1250 = ORIENTED_EDGE ( 'NONE', *, *, #4054, .F. ) ;
#1251 = VECTOR ( 'NONE', #4839, 1000.000000000000227 ) ;
#1252 = CIRCLE ( 'NONE', #1396, 0.8000000000000009326 ) ;
#1253 = CARTESIAN_POINT ( 'NONE',  ( 11.19775998191648192, 14.88326261767695158, 25.05096679924108116 ) ) ;
#1254 = AXIS2_PLACEMENT_3D ( 'NONE', #1989, #2618, #8799 ) ;
#1255 = EDGE_CURVE ( 'NONE', #795, #2651, #574, .T. ) ;
#1256 = DIRECTION ( 'NONE',  ( -1.000000000000000000, 0.000000000000000000, 0.000000000000000000 ) ) ;
#1257 = EDGE_LOOP ( 'NONE', ( #7269, #7646, #3778, #4549 ) ) ;
#1258 = LINE ( 'NONE', #4125, #2390 ) ;
#1259 = ORIENTED_EDGE ( 'NONE', *, *, #4764, .T. ) ;
#1260 = DIRECTION ( 'NONE',  ( 0.000000000000000000, 0.000000000000000000, -1.000000000000000000 ) ) ;
#1261 = PLANE ( 'NONE',  #2232 ) ;
#1262 = CARTESIAN_POINT ( 'NONE',  ( -34.00989778565062949, -8.450694429803208507, 12.50000000000000000 ) ) ;
#1263 = VERTEX_POINT ( 'NONE', #7432 ) ;
#1264 = LINE ( 'NONE', #5341, #2605 ) ;
#1265 = VERTEX_POINT ( 'NONE', #704 ) ;
#1266 = CARTESIAN_POINT ( 'NONE',  ( 6.454587959471988157, 47.71842198603783913, 10.77558145997725525 ) ) ;
#1267 = ORIENTED_EDGE ( 'NONE', *, *, #7624, .T. ) ;
#1268 = DIRECTION ( 'NONE',  ( -0.000000000000000000, -0.000000000000000000, -1.000000000000000000 ) ) ;
#1269 = CARTESIAN_POINT ( 'NONE',  ( -43.98505936612596656, -24.02926015827477713, 11.00000000000000178 ) ) ;
#1270 = EDGE_CURVE ( 'NONE', #8858, #8589, #8825, .T. ) ;
#1271 = LINE ( 'NONE', #3461, #5635 ) ;
#1272 = EDGE_CURVE ( 'NONE', #1357, #535, #3826, .T. ) ;
#1273 = ORIENTED_EDGE ( 'NONE', *, *, #2316, .F. ) ;
#1274 = FACE_BOUND ( 'NONE', #264, .T. ) ;
#1275 = EDGE_LOOP ( 'NONE', ( #4999, #965, #7567, #7583 ) ) ;
#1276 = LINE ( 'NONE', #8850, #6268 ) ;
#1277 = CARTESIAN_POINT ( 'NONE',  ( -45.73139720814437936, -22.13064249653605486, 4.999999999999998224 ) ) ;
#1278 = ORIENTED_EDGE ( 'NONE', *, *, #861, .T. ) ;
#1279 = DIRECTION ( 'NONE',  ( -0.8660254037844432595, -0.4999999999999918954, -0.000000000000000000 ) ) ;
#1280 = ORIENTED_EDGE ( 'NONE', *, *, #4587, .T. ) ;
#1281 = CARTESIAN_POINT ( 'NONE',  ( -3.571693674697842994E-15, -53.45299461620749071, 0.000000000000000000 ) ) ;
#1282 = EDGE_CURVE ( 'NONE', #2295, #7931, #3399, .T. ) ;
#1283 = DIRECTION ( 'NONE',  ( 0.000000000000000000, 0.000000000000000000, 1.000000000000000000 ) ) ;
#1284 = ADVANCED_FACE ( 'NONE', ( #6178 ), #2275, .F. ) ;
#1285 = ORIENTED_EDGE ( 'NONE', *, *, #3796, .T. ) ;
#1286 = EDGE_CURVE ( 'NONE', #5474, #8281, #4377, .T. ) ;
#1287 = DIRECTION ( 'NONE',  ( 1.000000000000000000, -1.493941974368068244E-16, 0.000000000000000000 ) ) ;
#1288 = ORIENTED_EDGE ( 'NONE', *, *, #153, .F. ) ;
#1289 = CARTESIAN_POINT ( 'NONE',  ( -22.14903193740537901, 38.36324865405187268, 11.66666666666666785 ) ) ;
#1290 = DIRECTION ( 'NONE',  ( -0.8660254037844432595, -0.4999999999999918954, -0.000000000000000000 ) ) ;
#1291 = CARTESIAN_POINT ( 'NONE',  ( -37.21199197462382813, -25.81764282717380254, 23.33333333333333570 ) ) ;
#1292 = EDGE_CURVE ( 'NONE', #6185, #3419, #7660, .T. ) ;
#1293 = ORIENTED_EDGE ( 'NONE', *, *, #7490, .T. ) ;
#1294 = DIRECTION ( 'NONE',  ( -1.000000000000000000, 0.000000000000000000, 0.000000000000000000 ) ) ;
#1295 = CYLINDRICAL_SURFACE ( 'NONE', #331, 0.8000000000000000444 ) ;
#1296 = DIRECTION ( 'NONE',  ( 0.000000000000000000, 0.000000000000000000, 1.000000000000000000 ) ) ;
#1297 = CARTESIAN_POINT ( 'NONE',  ( -28.50000000000000000, 25.85859933425698642, 16.00000000000000355 ) ) ;
#1298 = DIRECTION ( 'NONE',  ( 0.000000000000000000, 0.000000000000000000, -1.000000000000000000 ) ) ;
#1299 = ORIENTED_EDGE ( 'NONE', *, *, #151, .F. ) ;
#1300 = CYLINDRICAL_SURFACE ( 'NONE', #314, 1.999999999999998224 ) ;
#1301 = DIRECTION ( 'NONE',  ( 1.000000000000000000, 0.000000000000000000, 0.000000000000000000 ) ) ;
#1302 = EDGE_CURVE ( 'NONE', #6578, #3784, #4971, .T. ) ;
#1303 = CARTESIAN_POINT ( 'NONE',  ( 7.347572189194416126, -24.39837795362744899, 0.000000000000000000 ) ) ;
#1304 = ORIENTED_EDGE ( 'NONE', *, *, #2478, .T. ) ;
#1305 = AXIS2_PLACEMENT_3D ( 'NONE', #977, #8459, #3077 ) ;
#1306 = DIRECTION ( 'NONE',  ( -0.5000000000000002220, -0.8660254037844385966, 0.000000000000000000 ) ) ;
#1307 = ORIENTED_EDGE ( 'NONE', *, *, #4911, .T. ) ;
#1308 = CIRCLE ( 'NONE', #4027, 1.200000000051035354 ) ;
#1309 = CARTESIAN_POINT ( 'NONE',  ( 7.221258619929561640, 47.52251587525908860, 10.02771664459499057 ) ) ;
#1310 = ORIENTED_EDGE ( 'NONE', *, *, #340, .F. ) ;
#1311 = LINE ( 'NONE', #5390, #2494 ) ;
#1312 = VECTOR ( 'NONE', #1231, 1000.000000000000114 ) ;
#1313 = AXIS2_PLACEMENT_3D ( 'NONE', #6069, #8804, #689 ) ;
#1314 = EDGE_CURVE ( 'NONE', #5335, #1754, #8120, .T. ) ;
#1315 = CARTESIAN_POINT ( 'NONE',  ( -11.80224001808351453, 14.88326261767710967, 4.000000000000000000 ) ) ;
#1316 = EDGE_CURVE ( 'NONE', #1176, #8859, #1545, .T. ) ;
#1317 = LINE ( 'NONE', #680, #6928 ) ;
#1318 = ORIENTED_EDGE ( 'NONE', *, *, #7785, .T. ) ;
#1319 = DIRECTION ( 'NONE',  ( 0.000000000000000000, 0.000000000000000000, 1.000000000000000000 ) ) ;
#1320 = ORIENTED_EDGE ( 'NONE', *, *, #5785, .F. ) ;
#1321 = DIRECTION ( 'NONE',  ( 1.000000000000000000, 0.000000000000000000, 0.000000000000000000 ) ) ;
#1322 = LINE ( 'NONE', #4143, #6258 ) ;
#1323 = ORIENTED_EDGE ( 'NONE', *, *, #6590, .F. ) ;
#1324 = DIRECTION ( 'NONE',  ( -0.000000000000000000, -0.000000000000000000, 1.000000000000000000 ) ) ;
#1325 = VERTEX_POINT ( 'NONE', #7613 ) ;
#1326 = FACE_OUTER_BOUND ( 'NONE', #5127, .T. ) ;
#1327 = VECTOR ( 'NONE', #2229, 1000.000000000000000 ) ;
#1328 = VECTOR ( 'NONE', #4754, 1000.000000000000000 ) ;
#1329 = AXIS2_PLACEMENT_3D ( 'NONE', #7343, #1216, #6676 ) ;
#1330 = CARTESIAN_POINT ( 'NONE',  ( -34.05106172828569555, 23.47800753011462760, 12.50000000000000000 ) ) ;
#1331 = ORIENTED_EDGE ( 'NONE', *, *, #5037, .F. ) ;
#1332 = ADVANCED_FACE ( 'NONE', ( #6988 ), #2187, .F. ) ;
#1333 = DIRECTION ( 'NONE',  ( 1.493941974368068244E-16, 1.000000000000000000, 0.000000000000000000 ) ) ;
#1334 = VERTEX_POINT ( 'NONE', #4881 ) ;
#1335 = CARTESIAN_POINT ( 'NONE',  ( -4.842214120907355204E-15, 50.11966128287414790, 11.66666666666666785 ) ) ;
#1336 = FACE_OUTER_BOUND ( 'NONE', #4087, .T. ) ;
#1337 = EDGE_CURVE ( 'NONE', #521, #5483, #5597, .T. ) ;
#1338 = CARTESIAN_POINT ( 'NONE',  ( -23.81569860407204686, -41.25000000000003553, 0.000000000000000000 ) ) ;
#1339 = EDGE_LOOP ( 'NONE', ( #2099, #4414 ) ) ;
#1340 = VECTOR ( 'NONE', #5541, 1000.000000000000227 ) ;
#1341 = CYLINDRICAL_SURFACE ( 'NONE', #7044, 0.8000000000000000444 ) ;
#1342 = ORIENTED_EDGE ( 'NONE', *, *, #555, .F. ) ;
#1343 = AXIS2_PLACEMENT_3D ( 'NONE', #4790, #2693, #6670 ) ;
#1344 = PLANE ( 'NONE',  #4408 ) ;
#1345 = AXIS2_PLACEMENT_3D ( 'NONE', #181, #2962, #267 ) ;
#1346 = VERTEX_POINT ( 'NONE', #6309 ) ;
#1347 = LINE ( 'NONE', #4127, #3450 ) ;
#1348 = DIRECTION ( 'NONE',  ( 0.000000000000000000, 0.000000000000000000, 1.000000000000000000 ) ) ;
#1349 = CIRCLE ( 'NONE', #1054, 4.099999999999999645 ) ;
#1350 = CARTESIAN_POINT ( 'NONE',  ( 3.750000000598520788, 6.495190529419891057, 9.000000000000000000 ) ) ;
#1351 = ORIENTED_EDGE ( 'NONE', *, *, #6154, .F. ) ;
#1352 = VECTOR ( 'NONE', #8258, 1000.000000000000000 ) ;
#1353 = LINE ( 'NONE', #6005, #6327 ) ;
#1354 = VERTEX_POINT ( 'NONE', #2149 ) ;
#1355 = VECTOR ( 'NONE', #6689, 1000.000000000000000 ) ;
#1356 = CARTESIAN_POINT ( 'NONE',  ( 7.434552208890055525, 47.56529272603565772, 9.524792425781710037 ) ) ;
#1357 = VERTEX_POINT ( 'NONE', #167 ) ;
#1358 = CARTESIAN_POINT ( 'NONE',  ( -29.64954633623969471, -17.11817355857863632, 10.09999999999999964 ) ) ;
#1359 = PLANE ( 'NONE',  #7819 ) ;
#1360 = AXIS2_PLACEMENT_3D ( 'NONE', #4952, #2259, #956 ) ;
#1361 = DIRECTION ( 'NONE',  ( 0.000000000000000000, 0.000000000000000000, -1.000000000000000000 ) ) ;
#1362 = CARTESIAN_POINT ( 'NONE',  ( 14.66760724610477418, 37.94555364585769297, 2.299999999999999822 ) ) ;
#1363 = VERTEX_POINT ( 'NONE', #799 ) ;
#1364 = CARTESIAN_POINT ( 'NONE',  ( -19.88393864176969572, 35.03496094614806111, 16.49999999999999645 ) ) ;
#1365 = EDGE_LOOP ( 'NONE', ( #5865, #2140, #6925, #1870 ) ) ;
#1366 = EDGE_CURVE ( 'NONE', #7016, #7743, #8759, .T. ) ;
#1367 = CARTESIAN_POINT ( 'NONE',  ( 1.542399808671487644E-15, 40.56987298107782181, 2.600000000000000533 ) ) ;
#1368 = FACE_OUTER_BOUND ( 'NONE', #8424, .T. ) ;
#1369 = VERTEX_POINT ( 'NONE', #881 ) ;
#1370 = FACE_OUTER_BOUND ( 'NONE', #2563, .T. ) ;
#1371 = EDGE_LOOP ( 'NONE', ( #345, #4098, #2123, #9 ) ) ;
#1372 = CARTESIAN_POINT ( 'NONE',  ( -27.50000000000000000, 25.85859933425698642, 16.00000000000000355 ) ) ;
#1373 = EDGE_CURVE ( 'NONE', #5073, #5185, #8863, .T. ) ;
#1374 = DIRECTION ( 'NONE',  ( -0.8660254037844431485, -0.4999999999999920064, -0.000000000000000000 ) ) ;
#1375 = ORIENTED_EDGE ( 'NONE', *, *, #3160, .F. ) ;
#1376 = ORIENTED_EDGE ( 'NONE', *, *, #7487, .T. ) ;
#1377 = AXIS2_PLACEMENT_3D ( 'NONE', #5319, #5942, #7237 ) ;
#1378 = DIRECTION ( 'NONE',  ( -0.4999999999999921174, 0.8660254037844432595, 0.000000000000000000 ) ) ;
#1379 = ORIENTED_EDGE ( 'NONE', *, *, #7666, .T. ) ;
#1380 = DIRECTION ( 'NONE',  ( 0.8660254037844362651, -0.5000000000000039968, -0.000000000000000000 ) ) ;
#1381 = CARTESIAN_POINT ( 'NONE',  ( -23.50000000000000355, -35.36184298656430514, 18.40000000000000213 ) ) ;
#1382 = CARTESIAN_POINT ( 'NONE',  ( -18.64521915604302293, -5.794424520318418814, 12.50000000000000000 ) ) ;
#1383 = ORIENTED_EDGE ( 'NONE', *, *, #6028, .F. ) ;
#1384 = EDGE_CURVE ( 'NONE', #4325, #4421, #209, .T. ) ;
#1385 = VECTOR ( 'NONE', #7813, 1000.000000000000000 ) ;
#1386 = DIRECTION ( 'NONE',  ( -0.8660254037844433705, -0.4999999999999920064, -0.000000000000000000 ) ) ;
#1387 = DIRECTION ( 'NONE',  ( -0.000000000000000000, -0.000000000000000000, 1.000000000000000000 ) ) ;
#1388 = VECTOR ( 'NONE', #5476, 999.9999999999998863 ) ;
#1389 = CYLINDRICAL_SURFACE ( 'NONE', #7115, 2.000000000000001776 ) ;
#1390 = CARTESIAN_POINT ( 'NONE',  ( 40.24429721133534343, 23.63524431319180508, 23.33333333333333570 ) ) ;
#1391 = CIRCLE ( 'NONE', #2679, 9.999999999999994671 ) ;
#1392 = CYLINDRICAL_SURFACE ( 'NONE', #4263, 1.200000000051035354 ) ;
#1393 = ORIENTED_EDGE ( 'NONE', *, *, #4184, .T. ) ;
#1394 = CYLINDRICAL_SURFACE ( 'NONE', #6908, 1.000000000018832935 ) ;
#1395 = LINE ( 'NONE', #6764, #8241 ) ;
#1396 = AXIS2_PLACEMENT_3D ( 'NONE', #2553, #2415, #5289 ) ;
#1397 = VECTOR ( 'NONE', #8434, 1000.000000000000000 ) ;
#1398 = EDGE_CURVE ( 'NONE', #3957, #6419, #752, .T. ) ;
#1399 = EDGE_CURVE ( 'NONE', #7870, #4280, #301, .T. ) ;
#1400 = DIRECTION ( 'NONE',  ( 0.000000000000000000, 0.000000000000000000, -1.000000000000000000 ) ) ;
#1401 = ORIENTED_EDGE ( 'NONE', *, *, #1398, .T. ) ;
#1402 = DIRECTION ( 'NONE',  ( 1.000000000000000000, 0.000000000000000000, -0.000000000000000000 ) ) ;
#1403 = ORIENTED_EDGE ( 'NONE', *, *, #8102, .T. ) ;
#1404 = VECTOR ( 'NONE', #6358, 1000.000000000000000 ) ;
#1405 = LINE ( 'NONE', #764, #3811 ) ;
#1406 = VERTEX_POINT ( 'NONE', #5014 ) ;
#1407 = LINE ( 'NONE', #5435, #1355 ) ;
#1408 = FACE_OUTER_BOUND ( 'NONE', #1215, .T. ) ;
#1409 = DIRECTION ( 'NONE',  ( 0.000000000000000000, -0.000000000000000000, -1.000000000000000000 ) ) ;
#1410 = CARTESIAN_POINT ( 'NONE',  ( -23.50000000000001421, -35.99967756966903920, 16.46666666666667211 ) ) ;
#1411 = VERTEX_POINT ( 'NONE', #7793 ) ;
#1412 = DIRECTION ( 'NONE',  ( 1.000000000000000000, 1.734723475976805517E-15, 0.000000000000000000 ) ) ;
#1413 = VERTEX_POINT ( 'NONE', #1609 ) ;
#1414 = DIRECTION ( 'NONE',  ( -0.8660254037844392627, 0.4999999999999986677, 0.000000000000000000 ) ) ;
#1415 = CARTESIAN_POINT ( 'NONE',  ( -43.88139720814437084, -25.33493649053849950, 11.00000000000000000 ) ) ;
#1416 = ORIENTED_EDGE ( 'NONE', *, *, #8705, .T. ) ;
#1417 = DIRECTION ( 'NONE',  ( -0.000000000000000000, 0.000000000000000000, -1.000000000000000000 ) ) ;
#1418 = DIRECTION ( 'NONE',  ( -1.000000000000000000, 0.000000000000000000, -0.000000000000000000 ) ) ;
#1419 = LINE ( 'NONE', #8765, #7920 ) ;
#1420 = EDGE_CURVE ( 'NONE', #6334, #5977, #1884, .T. ) ;
#1421 = ORIENTED_EDGE ( 'NONE', *, *, #2728, .T. ) ;
#1422 = ORIENTED_EDGE ( 'NONE', *, *, #5490, .T. ) ;
#1423 = EDGE_CURVE ( 'NONE', #8092, #2192, #3536, .T. ) ;
#1424 = CARTESIAN_POINT ( 'NONE',  ( 42.95691275196078607, -2.183157863060338322, 4.000000000000000000 ) ) ;
#1425 = VERTEX_POINT ( 'NONE', #3208 ) ;
#1426 = CARTESIAN_POINT ( 'NONE',  ( -15.90705325501499878, -38.60007460160269943, 12.00000000000000000 ) ) ;
#1427 = CARTESIAN_POINT ( 'NONE',  ( 38.16565829136300891, -2.742840745465485064, 10.09999999999999787 ) ) ;
#1428 = CARTESIAN_POINT ( 'NONE',  ( -38.78921435738386947, -24.78691184400038239, 23.33333333333338189 ) ) ;
#1429 = ADVANCED_FACE ( 'NONE', ( #3074 ), #7839, .F. ) ;
#1430 = ORIENTED_EDGE ( 'NONE', *, *, #5785, .T. ) ;
#1431 = EDGE_CURVE ( 'NONE', #6348, #7095, #2311, .T. ) ;
#1432 = DIRECTION ( 'NONE',  ( -0.000000000000000000, -0.000000000000000000, -1.000000000000000000 ) ) ;
#1433 = EDGE_CURVE ( 'NONE', #6376, #7298, #7873, .T. ) ;
#1434 = CARTESIAN_POINT ( 'NONE',  ( -37.63139720814417899, 21.72649730810364233, 35.00000000000000000 ) ) ;
#1435 = CARTESIAN_POINT ( 'NONE',  ( 43.00734919661017841, 30.16969536420488396, 0.000000000000000000 ) ) ;
#1436 = DIRECTION ( 'NONE',  ( -1.000000000000000000, 0.000000000000000000, 0.000000000000000000 ) ) ;
#1437 = ORIENTED_EDGE ( 'NONE', *, *, #6577, .T. ) ;
#1438 = CARTESIAN_POINT ( 'NONE',  ( 42.63371846347666150, -25.97118909052976221, 11.66666666666665186 ) ) ;
#1439 = LINE ( 'NONE', #7435, #7097 ) ;
#1440 = DIRECTION ( 'NONE',  ( 0.000000000000000000, 0.000000000000000000, -1.000000000000000000 ) ) ;
#1441 = ORIENTED_EDGE ( 'NONE', *, *, #6799, .F. ) ;
#1442 = DIRECTION ( 'NONE',  ( -0.000000000000000000, -0.000000000000000000, -1.000000000000000000 ) ) ;
#1443 = VERTEX_POINT ( 'NONE', #4432 ) ;
#1444 = CARTESIAN_POINT ( 'NONE',  ( 7.499999998803009049, 47.70064302593653593, 9.000000000000007105 ) ) ;
#1445 = VERTEX_POINT ( 'NONE', #2365 ) ;
#1446 = LINE ( 'NONE', #6146, #7796 ) ;
#1447 = EDGE_CURVE ( 'NONE', #931, #3618, #7963, .T. ) ;
#1448 = DIRECTION ( 'NONE',  ( -1.000000000000000000, 0.000000000000000000, 0.000000000000000000 ) ) ;
#1449 = EDGE_CURVE ( 'NONE', #2083, #3891, #3752, .T. ) ;
#1450 = CARTESIAN_POINT ( 'NONE',  ( 13.59587200499385595, 17.70089615044631515, 4.000000000000000000 ) ) ;
#1451 = ORIENTED_EDGE ( 'NONE', *, *, #1000, .T. ) ;
#1452 = CARTESIAN_POINT ( 'NONE',  ( 27.49999999999998934, -3.141400665743015352, 35.00000000000000000 ) ) ;
#1453 = ORIENTED_EDGE ( 'NONE', *, *, #4567, .F. ) ;
#1454 = CARTESIAN_POINT ( 'NONE',  ( -28.50000000000000000, 18.24084142499060590, 30.50000000000000355 ) ) ;
#1455 = VECTOR ( 'NONE', #6579, 1000.000000000000000 ) ;
#1456 = LINE ( 'NONE', #2803, #7534 ) ;
#1457 = AXIS2_PLACEMENT_3D ( 'NONE', #8856, #5492, #2718 ) ;
#1458 = VERTEX_POINT ( 'NONE', #5141 ) ;
#1459 = DIRECTION ( 'NONE',  ( -1.000000000000000000, 0.000000000000000000, 0.000000000000000000 ) ) ;
#1460 = FACE_OUTER_BOUND ( 'NONE', #5485, .T. ) ;
#1461 = DIRECTION ( 'NONE',  ( -1.000000000000000000, 0.000000000000000000, -0.000000000000000000 ) ) ;
#1462 = ORIENTED_EDGE ( 'NONE', *, *, #6889, .F. ) ;
#1463 = AXIS2_PLACEMENT_3D ( 'NONE', #1762, #4499, #3 ) ;
#1464 = EDGE_CURVE ( 'NONE', #4503, #5700, #6484, .T. ) ;
#1465 = PLANE ( 'NONE',  #5323 ) ;
#1466 = VERTEX_POINT ( 'NONE', #3845 ) ;
#1467 = VECTOR ( 'NONE', #339, 1000.000000000000000 ) ;
#1468 = FACE_OUTER_BOUND ( 'NONE', #2458, .T. ) ;
#1469 = VERTEX_POINT ( 'NONE', #3115 ) ;
#1470 = DIRECTION ( 'NONE',  ( -0.5000000000000039968, -0.8660254037844363761, 0.000000000000000000 ) ) ;
#1471 = VECTOR ( 'NONE', #6947, 1000.000000000000000 ) ;
#1472 = DIRECTION ( 'NONE',  ( 1.000000000000000000, 0.000000000000000000, 0.000000000000000000 ) ) ;
#1473 = EDGE_CURVE ( 'NONE', #3807, #6762, #3030, .T. ) ;
#1474 = DIRECTION ( 'NONE',  ( -1.000000000000000000, 0.000000000000000000, 0.000000000000000000 ) ) ;
#1475 = EDGE_LOOP ( 'NONE', ( #1963, #1230, #694, #5958 ) ) ;
#1476 = AXIS2_PLACEMENT_3D ( 'NONE', #4075, #6173, #2694 ) ;
#1477 = ADVANCED_FACE ( 'NONE', ( #1148 ), #7918, .F. ) ;
#1478 = AXIS2_PLACEMENT_3D ( 'NONE', #2330, #4940, #3635 ) ;
#1479 = LINE ( 'NONE', #6133, #8767 ) ;
#1480 = EDGE_CURVE ( 'NONE', #6578, #940, #4474, .T. ) ;
#1481 = CARTESIAN_POINT ( 'NONE',  ( 0.000000000000000000, -12.11673738234993714, 10.09999999999999964 ) ) ;
#1482 = DIRECTION ( 'NONE',  ( -0.000000000000000000, 0.000000000000000000, -1.000000000000000000 ) ) ;
#1483 = EDGE_CURVE ( 'NONE', #50, #8652, #1108, .T. ) ;
#1484 = DIRECTION ( 'NONE',  ( -0.000000000000000000, -0.000000000000000000, -1.000000000000000000 ) ) ;
#1485 = ADVANCED_FACE ( 'NONE', ( #427 ), #1058, .T. ) ;
#1486 = ORIENTED_EDGE ( 'NONE', *, *, #7442, .F. ) ;
#1487 = CARTESIAN_POINT ( 'NONE',  ( 38.78921435738408263, -24.78691184400002712, 23.33333333333337123 ) ) ;
#1488 = CARTESIAN_POINT ( 'NONE',  ( -42.03139720814443336, -28.53923048454093347, 4.999999999999996447 ) ) ;
#1489 = LINE ( 'NONE', #4215, #867 ) ;
#1490 = ORIENTED_EDGE ( 'NONE', *, *, #7379, .T. ) ;
#1491 = PLANE ( 'NONE',  #4326 ) ;
#1492 = AXIS2_PLACEMENT_3D ( 'NONE', #6649, #1849, #7183 ) ;
#1493 = VERTEX_POINT ( 'NONE', #8545 ) ;
#1494 = DIRECTION ( 'NONE',  ( -0.5000000000000039968, -0.8660254037844364872, 0.000000000000000000 ) ) ;
#1495 = ORIENTED_EDGE ( 'NONE', *, *, #8603, .T. ) ;
#1496 = CARTESIAN_POINT ( 'NONE',  ( -23.91829779925079080, -7.875253274932837222, 10.09999999999999964 ) ) ;
#1497 = CARTESIAN_POINT ( 'NONE',  ( -28.50000000000000000, 0.5237834903704722267, 12.50000000000000000 ) ) ;
#1498 = VECTOR ( 'NONE', #6715, 1000.000000000000114 ) ;
#1499 = AXIS2_PLACEMENT_3D ( 'NONE', #2380, #7211, #8600 ) ;
#1500 = FACE_OUTER_BOUND ( 'NONE', #8861, .T. ) ;
#1501 = ORIENTED_EDGE ( 'NONE', *, *, #1971, .F. ) ;
#1502 = DIRECTION ( 'NONE',  ( 0.000000000000000000, -1.000000000000000000, 0.000000000000000000 ) ) ;
#1503 = AXIS2_PLACEMENT_3D ( 'NONE', #7455, #1417, #7502 ) ;
#1504 = ORIENTED_EDGE ( 'NONE', *, *, #4981, .F. ) ;
#1505 = DIRECTION ( 'NONE',  ( -0.000000000000000000, 1.000000000000000000, -0.000000000000000000 ) ) ;
#1506 = CARTESIAN_POINT ( 'NONE',  ( -18.64521915604302293, -5.794424520318418814, -1.499999999999999556 ) ) ;
#1507 = CIRCLE ( 'NONE', #6792, 2.000000000000000000 ) ;
#1508 = ORIENTED_EDGE ( 'NONE', *, *, #2977, .T. ) ;
#1509 = DIRECTION ( 'NONE',  ( 0.5000000000000051070, 0.8660254037844357100, 0.000000000000000000 ) ) ;
#1510 = FACE_OUTER_BOUND ( 'NONE', #7153, .T. ) ;
#1511 = DIRECTION ( 'NONE',  ( -0.000000000000000000, 1.000000000000000000, -0.000000000000000000 ) ) ;
#1512 = ORIENTED_EDGE ( 'NONE', *, *, #2125, .F. ) ;
#1513 = CARTESIAN_POINT ( 'NONE',  ( 6.044999999999994600, 17.88326261765006109, 4.000000000000000000 ) ) ;
#1514 = VERTEX_POINT ( 'NONE', #8504 ) ;
#1515 = PLANE ( 'NONE',  #7382 ) ;
#1516 = ORIENTED_EDGE ( 'NONE', *, *, #4876, .T. ) ;
#1517 = CARTESIAN_POINT ( 'NONE',  ( -9.707022081916605316, -31.10007460160269588, 12.00000000000001066 ) ) ;
#1518 = DIRECTION ( 'NONE',  ( 0.000000000000000000, 0.000000000000000000, 1.000000000000000000 ) ) ;
#1519 = LINE ( 'NONE', #203, #3473 ) ;
#1520 = ORIENTED_EDGE ( 'NONE', *, *, #4586, .F. ) ;
#1521 = VECTOR ( 'NONE', #8097, 1000.000000000000000 ) ;
#1522 = CYLINDRICAL_SURFACE ( 'NONE', #5948, 4.100165136718310954 ) ;
#1523 = CARTESIAN_POINT ( 'NONE',  ( 34.31431336363053219, 23.64161655865849809, 35.00000000000000000 ) ) ;
#1524 = DIRECTION ( 'NONE',  ( 0.000000000000000000, -0.000000000000000000, -1.000000000000000000 ) ) ;
#1525 = AXIS2_PLACEMENT_3D ( 'NONE', #1687, #7017, #5002 ) ;
#1526 = EDGE_LOOP ( 'NONE', ( #990, #514, #5430 ) ) ;
#1527 = CYLINDRICAL_SURFACE ( 'NONE', #2302, 1.000000000000000888 ) ;
#1528 = DIRECTION ( 'NONE',  ( 0.000000000000000000, 0.000000000000000000, 1.000000000000000000 ) ) ;
#1529 = AXIS2_PLACEMENT_3D ( 'NONE', #5960, #8021, #6677 ) ;
#1530 = LINE ( 'NONE', #8292, #8454 ) ;
#1532 = VERTEX_POINT ( 'NONE', #8584 ) ;
#1531 = EDGE_CURVE ( 'NONE', #8118, #3342, #473, .T. ) ;
#1533 = VECTOR ( 'NONE', #4983, 1000.000000000000000 ) ;
#1534 = LINE ( 'NONE', #5565, #2461 ) ;
#1535 = VECTOR ( 'NONE', #1764, 1000.000000000000000 ) ;
#1536 = EDGE_LOOP ( 'NONE', ( #3828, #6583 ) ) ;
#1537 = LINE ( 'NONE', #2245, #5110 ) ;
#1538 = ORIENTED_EDGE ( 'NONE', *, *, #2763, .F. ) ;
#1539 = CARTESIAN_POINT ( 'NONE',  ( 43.98505936612612288, -24.02926015827461015, 10.99999999999999289 ) ) ;
#1540 = CARTESIAN_POINT ( 'NONE',  ( 44.29806387481074381, 1.370431546021677605E-13, 11.66666666666667673 ) ) ;
#1541 = CIRCLE ( 'NONE', #5683, 3.200000000018833557 ) ;
#1542 = AXIS2_PLACEMENT_3D ( 'NONE', #3341, #2722, #4198 ) ;
#1543 = LINE ( 'NONE', #770, #769 ) ;
#1544 = ORIENTED_EDGE ( 'NONE', *, *, #5258, .T. ) ;
#1545 = CIRCLE ( 'NONE', #7398, 0.5999999999999998668 ) ;
#1546 = PLANE ( 'NONE',  #4181 ) ;
#1547 = CIRCLE ( 'NONE', #5263, 3.063716784310706043 ) ;
#1548 = ORIENTED_EDGE ( 'NONE', *, *, #2603, .F. ) ;
#1549 = DIRECTION ( 'NONE',  ( -0.2546397859767810523, -0.9670359762685662997, 0.000000000000000000 ) ) ;
#1550 = CARTESIAN_POINT ( 'NONE',  ( -43.70298551693152689, 4.224486752532996547, 0.000000000000000000 ) ) ;
#1551 = VERTEX_POINT ( 'NONE', #7242 ) ;
#1552 = CARTESIAN_POINT ( 'NONE',  ( -20.70224001811205028, -4.506203797966179536, 30.99999999999999645 ) ) ;
#1553 = CARTESIAN_POINT ( 'NONE',  ( 24.90938724951298511, -7.401276679352508658, 18.09999999999999787 ) ) ;
#1554 = ADVANCED_FACE ( 'NONE', ( #7119 ), #8679, .F. ) ;
#1555 = CARTESIAN_POINT ( 'NONE',  ( -6.045000000000004370, 18.38326261767711145, 4.000000000000000000 ) ) ;
#1556 = ORIENTED_EDGE ( 'NONE', *, *, #6722, .F. ) ;
#1557 = CARTESIAN_POINT ( 'NONE',  ( -23.42525995207044787, -37.42656186535123197, 12.27244858141695083 ) ) ;
#1558 = ORIENTED_EDGE ( 'NONE', *, *, #2740, .T. ) ;
#1559 = DIRECTION ( 'NONE',  ( 0.000000000000000000, 0.000000000000000000, -1.000000000000000000 ) ) ;
#1560 = ORIENTED_EDGE ( 'NONE', *, *, #1447, .F. ) ;
#1561 = CARTESIAN_POINT ( 'NONE',  ( -37.63139720814403688, -21.37813115667211150, 35.00000000000000711 ) ) ;
#1562 = CARTESIAN_POINT ( 'NONE',  ( 14.71171412856897476, -8.091954300746134976, 30.99999999999999645 ) ) ;
#1563 = ADVANCED_FACE ( 'NONE', ( #2545 ), #8630, .T. ) ;
#1564 = FACE_OUTER_BOUND ( 'NONE', #2967, .T. ) ;
#1565 = EDGE_CURVE ( 'NONE', #7375, #6826, #95, .T. ) ;
#1566 = EDGE_CURVE ( 'NONE', #5369, #8406, #3298, .T. ) ;
#1567 = CYLINDRICAL_SURFACE ( 'NONE', #2091, 1.200000000051049120 ) ;
#1568 = FACE_OUTER_BOUND ( 'NONE', #4722, .T. ) ;
#1569 = CARTESIAN_POINT ( 'NONE',  ( 23.41968249833415427, -35.30565992483071369, 18.71085148344802818 ) ) ;
#1570 = ORIENTED_EDGE ( 'NONE', *, *, #1790, .F. ) ;
#1571 = DIRECTION ( 'NONE',  ( 0.4662618439930429903, 0.8846467616151699742, 0.000000000000000000 ) ) ;
#1572 = EDGE_CURVE ( 'NONE', #270, #218, #5993, .T. ) ;
#1573 = CARTESIAN_POINT ( 'NONE',  ( 28.50000000000000000, 25.85859933425698642, 16.00000000000000355 ) ) ;
#1574 = DIRECTION ( 'NONE',  ( 0.000000000000000000, 0.000000000000000000, -1.000000000000000000 ) ) ;
#1575 = ORIENTED_EDGE ( 'NONE', *, *, #7605, .F. ) ;
#1576 = DIRECTION ( 'NONE',  ( -0.8660254037844385966, 0.5000000000000000000, 0.000000000000000000 ) ) ;
#1577 = ORIENTED_EDGE ( 'NONE', *, *, #4000, .F. ) ;
#1578 = DIRECTION ( 'NONE',  ( 1.706188113472160789E-16, 1.000000000000000000, 0.000000000000000000 ) ) ;
#1579 = ORIENTED_EDGE ( 'NONE', *, *, #5394, .T. ) ;
#1580 = CARTESIAN_POINT ( 'NONE',  ( -35.78311253585457763, 24.47800753011462405, 12.50000000000000000 ) ) ;
#1581 = CARTESIAN_POINT ( 'NONE',  ( 40.96473054147754311, -15.78342607522109731, 23.33333333333333570 ) ) ;
#1582 = ADVANCED_FACE ( 'NONE', ( #2683 ), #654, .F. ) ;
#1583 = CARTESIAN_POINT ( 'NONE',  ( 0.000000000000000000, 0.000000000000000000, 4.000000000000000000 ) ) ;
#1584 = ORIENTED_EDGE ( 'NONE', *, *, #8282, .T. ) ;
#1585 = CARTESIAN_POINT ( 'NONE',  ( 20.12620908988083102, 15.07512043176188854, 16.00000000000000000 ) ) ;
#1586 = ORIENTED_EDGE ( 'NONE', *, *, #7568, .F. ) ;
#1587 = FACE_OUTER_BOUND ( 'NONE', #7573, .T. ) ;
#1588 = CARTESIAN_POINT ( 'NONE',  ( 37.63139720814433531, -21.72649730810337587, 35.00000000000000000 ) ) ;
#1589 = EDGE_CURVE ( 'NONE', #6815, #623, #567, .T. ) ;
#1590 = ORIENTED_EDGE ( 'NONE', *, *, #5535, .T. ) ;
#1591 = DIRECTION ( 'NONE',  ( 0.3276022380442618065, -0.9448157352777264428, 0.000000000000000000 ) ) ;
#1592 = ADVANCED_FACE ( 'NONE', ( #6842, #7423, #6710, #2725 ), #524, .F. ) ;
#1593 = LINE ( 'NONE', #1679, #8180 ) ;
#1594 = DIRECTION ( 'NONE',  ( -0.000000000000000000, -0.000000000000000000, 1.000000000000000000 ) ) ;
#1595 = VERTEX_POINT ( 'NONE', #1960 ) ;
#1596 = LINE ( 'NONE', #7015, #6174 ) ;
#1597 = AXIS2_PLACEMENT_3D ( 'NONE', #173, #4885, #889 ) ;
#1598 = DIRECTION ( 'NONE',  ( -1.000000000000000000, 3.528681642006276099E-16, 0.000000000000000000 ) ) ;
#1599 = ORIENTED_EDGE ( 'NONE', *, *, #7735, .T. ) ;
#1600 = CARTESIAN_POINT ( 'NONE',  ( 7.178166107490244903E-15, -32.27417035836263892, 12.00000000000001243 ) ) ;
#1601 = FACE_BOUND ( 'NONE', #7622, .T. ) ;
#1602 = CARTESIAN_POINT ( 'NONE',  ( -19.71436924320452988, 35.37879050691519467, 16.49999999999999645 ) ) ;
#1603 = ORIENTED_EDGE ( 'NONE', *, *, #1071, .T. ) ;
#1604 = ADVANCED_FACE ( 'NONE', ( #1336 ), #3390, .F. ) ;
#1605 = DIRECTION ( 'NONE',  ( -0.000000000000000000, 0.000000000000000000, 1.000000000000000000 ) ) ;
#1606 = VECTOR ( 'NONE', #5295, 1000.000000000000000 ) ;
#1607 = ORIENTED_EDGE ( 'NONE', *, *, #4874, .T. ) ;
#1608 = DIRECTION ( 'NONE',  ( -0.8660254037844432595, -0.4999999999999922284, 1.110223024625156540E-16 ) ) ;
#1609 = CARTESIAN_POINT ( 'NONE',  ( -8.580561569927754206, -14.11673738234993714, 12.00000000000000000 ) ) ;
#1610 = ORIENTED_EDGE ( 'NONE', *, *, #8050, .T. ) ;
#1611 = DIRECTION ( 'NONE',  ( -1.000000000000000000, 0.000000000000000000, 0.000000000000000000 ) ) ;
#1612 = DIRECTION ( 'NONE',  ( -1.000000000000000000, 0.000000000000000000, 0.000000000000000000 ) ) ;
#1613 = CIRCLE ( 'NONE', #294, 4.100165136718310954 ) ;
#1614 = DIRECTION ( 'NONE',  ( -0.000000000000000000, -0.000000000000000000, 1.000000000000000000 ) ) ;
#1615 = ORIENTED_EDGE ( 'NONE', *, *, #4155, .F. ) ;
#1616 = CARTESIAN_POINT ( 'NONE',  ( -38.10549942728750494, -29.44839121909863877, 10.76457409362432038 ) ) ;
#1617 = B_SPLINE_SURFACE_WITH_KNOTS ( 'NONE', 3, 3, ( 
 ( #7871, #1735, #3885, #522 ),
 ( #6709, #8629, #1147, #2544 ),
 ( #426, #3114, #5322, #566 ),
 ( #6620, #5279, #2631, #1777 ),
 ( #8007, #1867, #1910, #4603 ),
 ( #4654, #6529, #5366, #3297 ),
 ( #7330, #7422, #385, #7376 ),
 ( #4514, #1199, #3844, #6031 ),
 ( #8724, #8770, #1289, #1246 ),
 ( #4698, #3934, #471, #5231 ),
 ( #8099, #3207, #6662, #8055 ),
 ( #3156, #1958, #5852, #6574 ),
 ( #2583, #8583, #3984, #7240 ),
 ( #5944, #1107, #2443, #3257 ),
 ( #5894, #8678, #5992, #5186 ),
 ( #7917, #2497, #7962, #1824 ),
 ( #4559, #7284, #1335, #6932 ) ),
 .UNSPECIFIED., .F., .F., .F.,
 ( 4, 1, 1, 1, 2, 1, 1, 1, 2, 1, 1, 1, 4 ),
 ( 4, 4 ),
 ( 0.000000000000000000, 0.02416282657140350620, 0.04832565314280701241, 0.07248847971421053249, 0.09665130628561405257, 0.2983256531428069569, 0.4999999999999998890, 0.7016743468571925435, 0.9033486937143854201, 0.9275115202857890928, 0.9516743468571926545, 0.9758371734285964383, 1.000000000000000000 ),
 ( 0.000000000000000000, 1.000000000000000000 ),
 .UNSPECIFIED. ) ;
#1618 = ORIENTED_EDGE ( 'NONE', *, *, #7341, .T. ) ;
#1619 = LINE ( 'NONE', #6950, #1533 ) ;
#1620 = EDGE_LOOP ( 'NONE', ( #1933, #5590, #2508, #4199 ) ) ;
#1621 = LINE ( 'NONE', #6999, #7047 ) ;
#1622 = CARTESIAN_POINT ( 'NONE',  ( -17.56534914383644619, -17.12152381110605859, 11.59999999999999964 ) ) ;
#1623 = DIRECTION ( 'NONE',  ( 0.000000000000000000, 0.000000000000000000, -1.000000000000000000 ) ) ;
#1624 = ORIENTED_EDGE ( 'NONE', *, *, #6427, .F. ) ;
#1625 = VECTOR ( 'NONE', #3603, 1000.000000000000000 ) ;
#1626 = LINE ( 'NONE', #4228, #1750 ) ;
#1627 = VERTEX_POINT ( 'NONE', #4605 ) ;
#1628 = CARTESIAN_POINT ( 'NONE',  ( 38.16565829136300891, 28.93535121240287111, 0.000000000000000000 ) ) ;
#1629 = CARTESIAN_POINT ( 'NONE',  ( -17.10000000000000497, -114.9999999999999289, 18.40000000000000213 ) ) ;
#1630 = VERTEX_POINT ( 'NONE', #6033 ) ;
#1631 = CARTESIAN_POINT ( 'NONE',  ( 3.022500000000027054, 5.235123565876921958, 18.09999999999999787 ) ) ;
#1632 = VECTOR ( 'NONE', #1840, 1000.000000000000000 ) ;
#1633 = CARTESIAN_POINT ( 'NONE',  ( -14.65369224550881100, 44.56293940082807836, 4.000000000000000000 ) ) ;
#1634 = VECTOR ( 'NONE', #1324, 1000.000000000000000 ) ;
#1635 = FACE_OUTER_BOUND ( 'NONE', #4252, .T. ) ;
#1636 = ORIENTED_EDGE ( 'NONE', *, *, #8145, .F. ) ;
#1637 = CARTESIAN_POINT ( 'NONE',  ( 9.997759981850528277, 18.38326261767710434, 4.000000000000000000 ) ) ;
#1638 = ADVANCED_FACE ( 'NONE', ( #7331 ), #6167, .F. ) ;
#1639 = VECTOR ( 'NONE', #5239, 1000.000000000000000 ) ;
#1640 = DIRECTION ( 'NONE',  ( -0.8660254037844432595, -0.4999999999999918954, -0.000000000000000000 ) ) ;
#1641 = DIRECTION ( 'NONE',  ( -1.493941974368068244E-16, -1.000000000000000000, 0.000000000000000000 ) ) ;
#1642 = CIRCLE ( 'NONE', #5215, 3.063716784310707819 ) ;
#1643 = ORIENTED_EDGE ( 'NONE', *, *, #4846, .F. ) ;
#1644 = CARTESIAN_POINT ( 'NONE',  ( -37.63139720814404399, -17.89625880699520621, 35.00000000000000000 ) ) ;
#1645 = EDGE_CURVE ( 'NONE', #5714, #5548, #3676, .T. ) ;
#1646 = CARTESIAN_POINT ( 'NONE',  ( 40.36537180435955463, -29.42487113059664594, 4.999999999999998224 ) ) ;
#1647 = ORIENTED_EDGE ( 'NONE', *, *, #3502, .F. ) ;
#1648 = CARTESIAN_POINT ( 'NONE',  ( -10.35859074135642643, -12.12909331178213179, 10.09999999999999964 ) ) ;
#1649 = VERTEX_POINT ( 'NONE', #7378 ) ;
#1650 = DIRECTION ( 'NONE',  ( -1.000000000000000000, 0.000000000000000000, 0.000000000000000000 ) ) ;
#1651 = CARTESIAN_POINT ( 'NONE',  ( -38.05106172828543265, 16.54980429983895718, 0.000000000000000000 ) ) ;
#1652 =( NAMED_UNIT ( * ) PLANE_ANGLE_UNIT ( ) SI_UNIT ( $, .RADIAN. ) );
#1653 = ADVANCED_FACE ( 'NONE', ( #1200 ), #8771, .T. ) ;
#1654 = ADVANCED_FACE ( 'NONE', ( #5367 ), #8812, .F. ) ;
#1655 = DIRECTION ( 'NONE',  ( 0.000000000000000000, 0.000000000000000000, -1.000000000000000000 ) ) ;
#1656 = VERTEX_POINT ( 'NONE', #6754 ) ;
#1657 = LINE ( 'NONE', #5770, #8212 ) ;
#1658 = CIRCLE ( 'NONE', #509, 10.00000000000000178 ) ;
#1659 = VECTOR ( 'NONE', #2852, 1000.000000000000000 ) ;
#1660 = EDGE_LOOP ( 'NONE', ( #6760, #283, #4103 ) ) ;
#1661 = LINE ( 'NONE', #4358, #660 ) ;
#1662 = ORIENTED_EDGE ( 'NONE', *, *, #3455, .T. ) ;
#1663 = DIRECTION ( 'NONE',  ( -2.775557561562891351E-16, 1.000000000000000000, 1.110223024625156540E-16 ) ) ;
#1664 = AXIS2_PLACEMENT_3D ( 'NONE', #3743, #4427, #5050 ) ;
#1665 = CARTESIAN_POINT ( 'NONE',  ( 40.59087060554310966, 23.03496158587234177, 23.33333333333333570 ) ) ;
#1666 = EDGE_CURVE ( 'NONE', #8593, #7426, #744, .T. ) ;
#1667 = EDGE_CURVE ( 'NONE', #2569, #2525, #3433, .T. ) ;
#1668 = ADVANCED_FACE ( 'NONE', ( #5501 ), #67, .F. ) ;
#1669 = EDGE_CURVE ( 'NONE', #1079, #6366, #4532, .T. ) ;
#1670 = DIRECTION ( 'NONE',  ( 0.5000000000000039968, 0.8660254037844363761, -0.000000000000000000 ) ) ;
#1671 = ORIENTED_EDGE ( 'NONE', *, *, #2012, .T. ) ;
#1672 = DIRECTION ( 'NONE',  ( -0.5000000000000039968, -0.8660254037844363761, 0.000000000000000000 ) ) ;
#1673 = AXIS2_PLACEMENT_3D ( 'NONE', #7768, #8350, #952 ) ;
#1674 = EDGE_LOOP ( 'NONE', ( #3941, #4851, #2928, #1624 ) ) ;
#1675 = CARTESIAN_POINT ( 'NONE',  ( 3.088742300403179541, 45.49690948377645583, 23.33333333333333570 ) ) ;
#1676 = DIRECTION ( 'NONE',  ( -1.000000000000000000, 0.000000000000000000, 0.000000000000000000 ) ) ;
#1677 = VERTEX_POINT ( 'NONE', #2855 ) ;
#1678 = CARTESIAN_POINT ( 'NONE',  ( -45.08139720814435947, -23.25647552145583674, 5.000000000000000000 ) ) ;
#1679 = CARTESIAN_POINT ( 'NONE',  ( -9.707022081916605316, -31.10007460160269588, 45.78333789394355335 ) ) ;
#1680 = EDGE_CURVE ( 'NONE', #5598, #3490, #5592, .T. ) ;
#1681 = CIRCLE ( 'NONE', #2828, 2.000000000000001776 ) ;
#1682 = FACE_OUTER_BOUND ( 'NONE', #2874, .T. ) ;
#1683 = ORIENTED_EDGE ( 'NONE', *, *, #8751, .F. ) ;
#1684 = CIRCLE ( 'NONE', #4116, 1.000000000000000888 ) ;
#1685 = LINE ( 'NONE', #3606, #4604 ) ;
#1686 = UNCERTAINTY_MEASURE_WITH_UNIT (LENGTH_MEASURE( 1.000000000000000082E-05 ), #8014, 'distance_accuracy_value', 'NONE');
#1687 = CARTESIAN_POINT ( 'NONE',  ( -27.49999999999999645, -2.141400665743015352, 16.00000000000000355 ) ) ;
#1688 = CARTESIAN_POINT ( 'NONE',  ( -6.045000000000004370, 17.88326261765006109, 10.09999999999999964 ) ) ;
#1689 = ORIENTED_EDGE ( 'NONE', *, *, #7244, .F. ) ;
#1690 = CARTESIAN_POINT ( 'NONE',  ( 5.499999998803010826, 50.66987298107782323, 11.00000000000000000 ) ) ;
#1691 = CARTESIAN_POINT ( 'NONE',  ( -42.86820722743215129, 0.4666230945471231406, 0.000000000000000000 ) ) ;
#1692 = EDGE_CURVE ( 'NONE', #8096, #7552, #8321, .T. ) ;
#1693 = EDGE_CURVE ( 'NONE', #8346, #8236, #8234, .T. ) ;
#1694 = PLANE ( 'NONE',  #5180 ) ;
#1695 = ORIENTED_EDGE ( 'NONE', *, *, #421, .T. ) ;
#1696 = CYLINDRICAL_SURFACE ( 'NONE', #5978, 3.999999999999996447 ) ;
#1697 = CARTESIAN_POINT ( 'NONE',  ( 12.94227870587920037, -36.10007460160268522, 12.00000000000000000 ) ) ;
#1698 = EDGE_CURVE ( 'NONE', #1066, #8777, #159, .T. ) ;
#1699 = CARTESIAN_POINT ( 'NONE',  ( -0.3016939369582378738, -43.27881154049157431, 34.99999999999999289 ) ) ;
#1700 = EDGE_CURVE ( 'NONE', #6762, #7275, #1391, .T. ) ;
#1701 = CARTESIAN_POINT ( 'NONE',  ( -29.51135802853535850, 29.34100498938873258, 16.50000000000000000 ) ) ;
#1702 = EDGE_LOOP ( 'NONE', ( #5202, #5955, #4513, #2251 ) ) ;
#1703 = CARTESIAN_POINT ( 'NONE',  ( -17.02378647908693310, 34.05185253193923245, 12.50000000000000000 ) ) ;
#1704 = ORIENTED_EDGE ( 'NONE', *, *, #2047, .T. ) ;
#1705 = CARTESIAN_POINT ( 'NONE',  ( -1.734723475976813208E-15, -32.27417035836263892, 0.000000000000000000 ) ) ;
#1706 = ORIENTED_EDGE ( 'NONE', *, *, #3299, .F. ) ;
#1707 = LINE ( 'NONE', #3173, #7306 ) ;
#1708 = CARTESIAN_POINT ( 'NONE',  ( 43.80856875062639944, 23.93628870189963820, 11.66666666666666607 ) ) ;
#1709 = FACE_OUTER_BOUND ( 'NONE', #8511, .T. ) ;
#1710 = VERTEX_POINT ( 'NONE', #921 ) ;
#1711 = CARTESIAN_POINT ( 'NONE',  ( -8.602240018065977267, 14.88326261767710967, 4.000000000000000000 ) ) ;
#1712 = EDGE_CURVE ( 'NONE', #7811, #7066, #5630, .T. ) ;
#1713 = ORIENTED_EDGE ( 'NONE', *, *, #8559, .F. ) ;
#1714 = EDGE_CURVE ( 'NONE', #7323, #743, #2181, .T. ) ;
#1715 = CARTESIAN_POINT ( 'NONE',  ( -34.05106172828569555, 23.47800753011462760, 12.50000000000000000 ) ) ;
#1716 = DIRECTION ( 'NONE',  ( -0.000000000000000000, 0.000000000000000000, -1.000000000000000000 ) ) ;
#1717 = ORIENTED_EDGE ( 'NONE', *, *, #2688, .T. ) ;
#1718 = DIRECTION ( 'NONE',  ( 0.000000000000000000, 0.000000000000000000, 1.000000000000000000 ) ) ;
#1719 = EDGE_CURVE ( 'NONE', #591, #2137, #7653, .T. ) ;
#1720 = PLANE ( 'NONE',  #8323 ) ;
#1721 = CARTESIAN_POINT ( 'NONE',  ( 45.91711149385843527, -17.85000264216294141, 5.999999999999998224 ) ) ;
#1722 = VERTEX_POINT ( 'NONE', #4962 ) ;
#1723 = CARTESIAN_POINT ( 'NONE',  ( -47.63139720814429978, -18.83974596215520236, 0.000000000000000000 ) ) ;
#1724 = DIRECTION ( 'NONE',  ( 0.000000000000000000, 0.000000000000000000, 1.000000000000000000 ) ) ;
#1725 = FACE_OUTER_BOUND ( 'NONE', #4498, .T. ) ;
#1726 = ORIENTED_EDGE ( 'NONE', *, *, #2316, .T. ) ;
#1727 = CARTESIAN_POINT ( 'NONE',  ( -47.63139720814414346, 18.10319407817825166, -0.000000000000000000 ) ) ;
#1728 = CARTESIAN_POINT ( 'NONE',  ( 16.81365772832136329, -41.31146670122227249, 12.06726049595518191 ) ) ;
#1729 = EDGE_CURVE ( 'NONE', #5053, #8010, #739, .T. ) ;
#1730 = LINE ( 'NONE', #1101, #2051 ) ;
#1731 = AXIS2_PLACEMENT_3D ( 'NONE', #7779, #4159, #7148 ) ;
#1732 = CARTESIAN_POINT ( 'NONE',  ( 21.83879702366976971, -19.58880009489606522, 0.000000000000000000 ) ) ;
#1733 = ADVANCED_FACE ( 'NONE', ( #8366, #1601, #4830, #3657 ), #4249, .F. ) ;
#1734 = ORIENTED_EDGE ( 'NONE', *, *, #5299, .T. ) ;
#1735 = CARTESIAN_POINT ( 'NONE',  ( -40.51814855409229210, 23.39316397477034215, 23.33333333333333570 ) ) ;
#1736 = CIRCLE ( 'NONE', #6886, 1.500000000000002442 ) ;
#1737 = DIRECTION ( 'NONE',  ( -1.095216215801691104E-16, -1.000000000000000000, 0.000000000000000000 ) ) ;
#1738 = CARTESIAN_POINT ( 'NONE',  ( -32.67204633624005794, -11.88304999270118500, 10.09999999999999964 ) ) ;
#1739 = LINE ( 'NONE', #8508, #1455 ) ;
#1740 = VERTEX_POINT ( 'NONE', #4293 ) ;
#1741 = CARTESIAN_POINT ( 'NONE',  ( 17.10000000000000497, -114.9999999999999289, 12.00000000000000178 ) ) ;
#1742 = EDGE_CURVE ( 'NONE', #3092, #2540, #8279, .T. ) ;
#1743 = ADVANCED_FACE ( 'NONE', ( #4201 ), #793, .T. ) ;
#1744 = ORIENTED_EDGE ( 'NONE', *, *, #6186, .T. ) ;
#1745 = CARTESIAN_POINT ( 'NONE',  ( 38.51806472620003063, -29.14661991776908678, 10.95728046632289221 ) ) ;
#1746 = ORIENTED_EDGE ( 'NONE', *, *, #368, .F. ) ;
#1747 = CARTESIAN_POINT ( 'NONE',  ( 44.90899653462191310, -17.34457541594412788, 9.528402357327887984 ) ) ;
#1748 = CARTESIAN_POINT ( 'NONE',  ( 46.89715452186779032, -25.56328918846642040, 0.000000000000000000 ) ) ;
#1749 = ADVANCED_FACE ( 'NONE', ( #2269 ), #3570, .F. ) ;
#1750 = VECTOR ( 'NONE', #6332, 1000.000000000000000 ) ;
#1751 = CARTESIAN_POINT ( 'NONE',  ( -41.78311253585378893, 21.01390591497600369, 5.000000000000000000 ) ) ;
#1752 = VERTEX_POINT ( 'NONE', #5005 ) ;
#1753 = CARTESIAN_POINT ( 'NONE',  ( -41.56185691933844595, -9.613715481249377248, 0.000000000000000000 ) ) ;
#1754 = VERTEX_POINT ( 'NONE', #7738 ) ;
#1755 = DIRECTION ( 'NONE',  ( 0.000000000000000000, 0.000000000000000000, -1.000000000000000000 ) ) ;
#1756 = CARTESIAN_POINT ( 'NONE',  ( -28.82424293300768525, 30.53112324549020329, 15.87033194758304511 ) ) ;
#1757 = ORIENTED_EDGE ( 'NONE', *, *, #3439, .F. ) ;
#1758 = DIRECTION ( 'NONE',  ( -0.000000000000000000, -0.000000000000000000, -1.000000000000000000 ) ) ;
#1759 = DIRECTION ( 'NONE',  ( -0.8660254037844433705, -0.4999999999999920064, -0.000000000000000000 ) ) ;
#1760 = LINE ( 'NONE', #2391, #2775 ) ;
#1761 = VERTEX_POINT ( 'NONE', #4551 ) ;
#1762 = CARTESIAN_POINT ( 'NONE',  ( 0.000000000000000000, 0.000000000000000000, 16.00000000000000355 ) ) ;
#1763 = CARTESIAN_POINT ( 'NONE',  ( -46.03787180435988091, -19.59981292466155622, 0.000000000000000000 ) ) ;
#1764 = DIRECTION ( 'NONE',  ( 0.000000000000000000, 0.000000000000000000, -1.000000000000000000 ) ) ;
#1765 = AXIS2_PLACEMENT_3D ( 'NONE', #3338, #4060, #8228 ) ;
#1766 = EDGE_LOOP ( 'NONE', ( #6399, #1285, #2273, #7678 ) ) ;
#1767 = DIRECTION ( 'NONE',  ( 0.000000000000000000, -0.000000000000000000, 1.000000000000000000 ) ) ;
#1768 = CYLINDRICAL_SURFACE ( 'NONE', #6099, 4.099999999999999645 ) ;
#1769 = ORIENTED_EDGE ( 'NONE', *, *, #861, .F. ) ;
#1770 = CARTESIAN_POINT ( 'NONE',  ( 0.3465733942079792240, -46.67020589906354644, 23.33333333333333570 ) ) ;
#1771 = PLANE ( 'NONE',  #8648 ) ;
#1772 = ORIENTED_EDGE ( 'NONE', *, *, #3966, .T. ) ;
#1773 = VECTOR ( 'NONE', #4530, 1000.000000000000000 ) ;
#1774 = VECTOR ( 'NONE', #2307, 1000.000000000000000 ) ;
#1775 = DIRECTION ( 'NONE',  ( 0.000000000000000000, 0.000000000000000000, 1.000000000000000000 ) ) ;
#1776 = VERTEX_POINT ( 'NONE', #3787 ) ;
#1777 = CARTESIAN_POINT ( 'NONE',  ( -44.72017534088823254, 28.82043108098577733, 0.000000000000000000 ) ) ;
#1778 = DIRECTION ( 'NONE',  ( 0.000000000000000000, 0.000000000000000000, -1.000000000000000000 ) ) ;
#1779 = VECTOR ( 'NONE', #1802, 1000.000000000000000 ) ;
#1780 = CARTESIAN_POINT ( 'NONE',  ( 39.99287180435956657, -30.07006005641602897, 10.09999999999999964 ) ) ;
#1781 = CYLINDRICAL_SURFACE ( 'NONE', #6451, 2.000000000000000000 ) ;
#1782 = ORIENTED_EDGE ( 'NONE', *, *, #6980, .T. ) ;
#1783 = PLANE ( 'NONE',  #886 ) ;
#1784 = CARTESIAN_POINT ( 'NONE',  ( -5.500000001196988286, 50.66987298107782323, 9.000000000000000000 ) ) ;
#1785 = EDGE_LOOP ( 'NONE', ( #5029, #196, #4314, #3640 ) ) ;
#1786 = CARTESIAN_POINT ( 'NONE',  ( 37.63745493678319320, -29.88714282337334538, 10.25375682862091509 ) ) ;
#1787 = VERTEX_POINT ( 'NONE', #8538 ) ;
#1788 = DIRECTION ( 'NONE',  ( -1.000000000000000000, 0.000000000000000000, 0.000000000000000000 ) ) ;
#1789 = CARTESIAN_POINT ( 'NONE',  ( 47.31931313459627830, -24.31859236641077970, 0.000000000000000000 ) ) ;
#1790 = EDGE_CURVE ( 'NONE', #4507, #4625, #7277, .T. ) ;
#1791 = DIRECTION ( 'NONE',  ( 1.000000000000000000, -5.204170427930416550E-15, 0.000000000000000000 ) ) ;
#1792 = ADVANCED_FACE ( 'NONE', ( #7108 ), #417, .F. ) ;
#1793 = ORIENTED_EDGE ( 'NONE', *, *, #8004, .T. ) ;
#1794 = VECTOR ( 'NONE', #3478, 1000.000000000000000 ) ;
#1795 = CARTESIAN_POINT ( 'NONE',  ( -21.02970073639360749, 37.51936874512504971, 12.50000000000000000 ) ) ;
#1796 = VERTEX_POINT ( 'NONE', #6476 ) ;
#1797 = CARTESIAN_POINT ( 'NONE',  ( 20.48236527073864721, 35.47649730810392299, 23.33333333333338189 ) ) ;
#1798 = CYLINDRICAL_SURFACE ( 'NONE', #8816, 2.400000000000000355 ) ;
#1799 = ORIENTED_EDGE ( 'NONE', *, *, #1531, .F. ) ;
#1800 = CARTESIAN_POINT ( 'NONE',  ( -10.80224001811209611, -9.116737382349995755, 4.000000000000000000 ) ) ;
#1801 = ADVANCED_FACE ( 'NONE', ( #1048 ), #5843, .F. ) ;
#1802 = DIRECTION ( 'NONE',  ( -0.000000000000000000, -1.000000000000000000, -0.000000000000000000 ) ) ;
#1803 = CIRCLE ( 'NONE', #6526, 2.000000000000000000 ) ;
#1804 = CARTESIAN_POINT ( 'NONE',  ( -34.44772910787709463, 18.24084142499060590, 30.50000000000000355 ) ) ;
#1805 = VERTEX_POINT ( 'NONE', #1006 ) ;
#1806 = LINE ( 'NONE', #8035, #298 ) ;
#1807 = VECTOR ( 'NONE', #8206, 999.9999999999998863 ) ;
#1808 = LINE ( 'NONE', #508, #7817 ) ;
#1809 = VECTOR ( 'NONE', #696, 1000.000000000000000 ) ;
#1810 = PLANE ( 'NONE',  #1091 ) ;
#1811 = EDGE_LOOP ( 'NONE', ( #2857, #5624 ) ) ;
#1812 = CARTESIAN_POINT ( 'NONE',  ( -28.35050823056304736, -16.36817355857862211, 11.59999999999999964 ) ) ;
#1813 = EDGE_CURVE ( 'NONE', #6219, #8205, #3147, .T. ) ;
#1814 = CARTESIAN_POINT ( 'NONE',  ( -8.580561569927755983, -23.72845661736633360, 12.00000000000000000 ) ) ;
#1815 = ORIENTED_EDGE ( 'NONE', *, *, #3531, .F. ) ;
#1816 = CARTESIAN_POINT ( 'NONE',  ( 8.137872642729671924, -50.30159703908913826, -0.000000000000000000 ) ) ;
#1817 = AXIS2_PLACEMENT_3D ( 'NONE', #6987, #3275, #1482 ) ;
#1818 = CARTESIAN_POINT ( 'NONE',  ( 13.78348506850107569, 17.88326261765006109, 10.09999999999999787 ) ) ;
#1819 = ORIENTED_EDGE ( 'NONE', *, *, #3998, .F. ) ;
#1820 = DIRECTION ( 'NONE',  ( 0.000000000000000000, -0.000000000000000000, -1.000000000000000000 ) ) ;
#1821 = AXIS2_PLACEMENT_3D ( 'NONE', #337, #1608, #1011 ) ;
#1822 = ORIENTED_EDGE ( 'NONE', *, *, #6590, .T. ) ;
#1823 = EDGE_CURVE ( 'NONE', #3922, #2029, #5965, .T. ) ;
#1824 = CARTESIAN_POINT ( 'NONE',  ( -0.4363323087061976580, 53.45299461620748360, -0.000000000000000000 ) ) ;
#1825 = EDGE_CURVE ( 'NONE', #144, #3869, #7594, .T. ) ;
#1826 = DIRECTION ( 'NONE',  ( 0.000000000000000000, -1.000000000000000000, 0.000000000000000000 ) ) ;
#1827 = EDGE_CURVE ( 'NONE', #2437, #7124, #3021, .T. ) ;
#1828 = CARTESIAN_POINT ( 'NONE',  ( -0.9043120225816008162, -42.93088982653836894, 34.99999999999992895 ) ) ;
#1829 = ORIENTED_EDGE ( 'NONE', *, *, #1719, .F. ) ;
#1830 = CARTESIAN_POINT ( 'NONE',  ( 42.95691275196078607, -2.183157863060338322, 0.000000000000000000 ) ) ;
#1831 = ORIENTED_EDGE ( 'NONE', *, *, #4567, .T. ) ;
#1832 = DIRECTION ( 'NONE',  ( 0.000000000000000000, 0.000000000000000000, 1.000000000000000000 ) ) ;
#1833 = LINE ( 'NONE', #3853, #53 ) ;
#1834 = ORIENTED_EDGE ( 'NONE', *, *, #8296, .T. ) ;
#1835 = ADVANCED_FACE ( 'NONE', ( #8577 ), #4466, .F. ) ;
#1836 = DIRECTION ( 'NONE',  ( -0.000000000000000000, -0.000000000000000000, -1.000000000000000000 ) ) ;
#1837 = ORIENTED_EDGE ( 'NONE', *, *, #3162, .T. ) ;
#1838 = CARTESIAN_POINT ( 'NONE',  ( 44.79976348358699312, -17.45220014630604410, 9.910718035950136340 ) ) ;
#1839 = CARTESIAN_POINT ( 'NONE',  ( 37.63139720814434241, -21.37813115667157504, 35.00000000000000000 ) ) ;
#1840 = DIRECTION ( 'NONE',  ( -0.000000000000000000, -0.000000000000000000, -1.000000000000000000 ) ) ;
#1841 = ORIENTED_EDGE ( 'NONE', *, *, #2337, .F. ) ;
#1842 = DIRECTION ( 'NONE',  ( -1.000000000000000000, 0.000000000000000000, 0.000000000000000000 ) ) ;
#1843 = VERTEX_POINT ( 'NONE', #1646 ) ;
#1844 = CARTESIAN_POINT ( 'NONE',  ( -41.70298551693151978, 4.224486752532996547, 12.50000000000000000 ) ) ;
#1845 = FACE_OUTER_BOUND ( 'NONE', #6292, .T. ) ;
#1846 = ORIENTED_EDGE ( 'NONE', *, *, #2568, .T. ) ;
#1847 = FACE_OUTER_BOUND ( 'NONE', #5190, .T. ) ;
#1848 = CARTESIAN_POINT ( 'NONE',  ( -38.98854006408751616, -28.86089706378237452, 11.00000000000000000 ) ) ;
#1849 = DIRECTION ( 'NONE',  ( 0.000000000000000000, -1.000000000000000000, 0.000000000000000000 ) ) ;
#1850 = ORIENTED_EDGE ( 'NONE', *, *, #423, .F. ) ;
#1851 = EDGE_CURVE ( 'NONE', #2815, #3741, #3386, .T. ) ;
#1852 = CARTESIAN_POINT ( 'NONE',  ( -11.80224001811209789, -9.116737382349995755, 16.00000000000000355 ) ) ;
#1853 = EDGE_CURVE ( 'NONE', #7743, #4482, #2435, .T. ) ;
#1854 = CARTESIAN_POINT ( 'NONE',  ( -16.50000000000000355, -41.31679862020584437, 12.60000000000000675 ) ) ;
#1855 = CARTESIAN_POINT ( 'NONE',  ( -6.045000000000004370, -0.6737384941803912231, 10.09999999999999964 ) ) ;
#1856 = ADVANCED_FACE ( 'NONE', ( #7909 ), #1768, .F. ) ;
#1857 = ORIENTED_EDGE ( 'NONE', *, *, #4729, .F. ) ;
#1858 = CARTESIAN_POINT ( 'NONE',  ( -46.89715452186771216, 25.56328918846640263, 0.000000000000000000 ) ) ;
#1859 = LINE ( 'NONE', #2746, #805 ) ;
#1860 = ORIENTED_EDGE ( 'NONE', *, *, #5248, .T. ) ;
#1861 = CARTESIAN_POINT ( 'NONE',  ( 8.580561569927752430, -23.72845661736633360, 30.99999999999999645 ) ) ;
#1862 = FACE_OUTER_BOUND ( 'NONE', #8232, .T. ) ;
#1863 = EDGE_LOOP ( 'NONE', ( #7372, #2914, #1490, #5649, #6378, #6343, #7631, #30, #6422, #5362, #603, #7038, #6767, #7475, #6124, #7899, #5078, #8487, #6432 ) ) ;
#1864 = CARTESIAN_POINT ( 'NONE',  ( 8.580561569927754206, -12.11673738234993714, 16.00000000000000000 ) ) ;
#1865 = EDGE_CURVE ( 'NONE', #6345, #1411, #2096, .T. ) ;
#1866 = VERTEX_POINT ( 'NONE', #4386 ) ;
#1867 = CARTESIAN_POINT ( 'NONE',  ( -37.85710825643000987, 25.42338403978090966, 23.33333333333332860 ) ) ;
#1868 = DIRECTION ( 'NONE',  ( 0.000000000000000000, -1.000000000000000000, 0.000000000000000000 ) ) ;
#1869 = CARTESIAN_POINT ( 'NONE',  ( -13.34571620803283665, -43.44584536016633791, 11.66666666666667318 ) ) ;
#1870 = ORIENTED_EDGE ( 'NONE', *, *, #4387, .F. ) ;
#1871 = CARTESIAN_POINT ( 'NONE',  ( 12.94227870587920037, -36.10007460160268522, 4.000000000000000000 ) ) ;
#1872 = ORIENTED_EDGE ( 'NONE', *, *, #506, .F. ) ;
#1873 = FACE_OUTER_BOUND ( 'NONE', #480, .T. ) ;
#1874 = CIRCLE ( 'NONE', #8746, 1.000000000000000888 ) ;
#1875 = ORIENTED_EDGE ( 'NONE', *, *, #5773, .T. ) ;
#1876 = DIRECTION ( 'NONE',  ( -0.000000000000000000, -0.000000000000000000, -1.000000000000000000 ) ) ;
#1877 = ORIENTED_EDGE ( 'NONE', *, *, #3539, .F. ) ;
#1878 = CARTESIAN_POINT ( 'NONE',  ( -11.80224001807287948, 14.88326261769778469, 0.000000000000000000 ) ) ;
#1879 = CARTESIAN_POINT ( 'NONE',  ( 40.51814855409239158, -23.39316397477016451, 23.33333333333333570 ) ) ;
#1880 = VECTOR ( 'NONE', #7694, 1000.000000000000000 ) ;
#1881 = DIRECTION ( 'NONE',  ( -0.000000000000000000, 0.000000000000000000, 1.000000000000000000 ) ) ;
#1882 = VERTEX_POINT ( 'NONE', #967 ) ;
#1883 = DIRECTION ( 'NONE',  ( -0.8660254037844434816, -0.4999999999999920064, 0.000000000000000000 ) ) ;
#1884 = CIRCLE ( 'NONE', #7314, 2.400000000000000355 ) ;
#1885 = EDGE_LOOP ( 'NONE', ( #2586, #8738 ) ) ;
#1886 = CARTESIAN_POINT ( 'NONE',  ( 8.809648422589070549, -11.24674282370767564, 16.00000000000000711 ) ) ;
#1887 = AXIS2_PLACEMENT_3D ( 'NONE', #8787, #5517, #2652 ) ;
#1888 = DIRECTION ( 'NONE',  ( -0.000000000000000000, -0.000000000000000000, -1.000000000000000000 ) ) ;
#1889 = EDGE_LOOP ( 'NONE', ( #4685, #5573, #7230, #3409 ) ) ;
#1890 = CARTESIAN_POINT ( 'NONE',  ( 36.98854006588523902, -30.01559760043257796, 9.000000000000000000 ) ) ;
#1891 = FACE_OUTER_BOUND ( 'NONE', #4635, .T. ) ;
#1892 = AXIS2_PLACEMENT_3D ( 'NONE', #8143, #2001, #5456 ) ;
#1893 = CARTESIAN_POINT ( 'NONE',  ( 6.486868131917745291E-15, 18.38326261767710790, 0.000000000000000000 ) ) ;
#1894 = ORIENTED_EDGE ( 'NONE', *, *, #6209, .T. ) ;
#1895 = PLANE ( 'NONE',  #8037 ) ;
#1896 = AXIS2_PLACEMENT_3D ( 'NONE', #2417, #3125, #1118 ) ;
#1897 = DIRECTION ( 'NONE',  ( -0.000000000000000000, -0.000000000000000000, -1.000000000000000000 ) ) ;
#1898 = DIRECTION ( 'NONE',  ( -1.000000000000000000, 0.000000000000000000, 0.000000000000000000 ) ) ;
#1899 = VERTEX_POINT ( 'NONE', #3705 ) ;
#1900 = DIRECTION ( 'NONE',  ( -0.000000000000000000, -0.000000000000000000, -1.000000000000000000 ) ) ;
#1901 = ORIENTED_EDGE ( 'NONE', *, *, #7355, .T. ) ;
#1902 = CARTESIAN_POINT ( 'NONE',  ( 4.624048011533925084, -52.33030463579513736, 0.000000000000000000 ) ) ;
#1903 = CARTESIAN_POINT ( 'NONE',  ( 40.13139720814400846, -31.83012701892236862, 9.000000000000000000 ) ) ;
#1904 = EDGE_CURVE ( 'NONE', #4080, #4203, #6434, .T. ) ;
#1905 = VERTEX_POINT ( 'NONE', #1691 ) ;
#1906 = CIRCLE ( 'NONE', #7340, 4.099999999999999645 ) ;
#1907 = EDGE_CURVE ( 'NONE', #396, #4227, #4677, .T. ) ;
#1908 = CARTESIAN_POINT ( 'NONE',  ( 20.12620908988082746, -5.259372140063334200, 30.99999999999999645 ) ) ;
#1909 = VERTEX_POINT ( 'NONE', #2533 ) ;
#1910 = CARTESIAN_POINT ( 'NONE',  ( -40.79497959841753385, 27.55440429580406203, 11.66666666666666430 ) ) ;
#1911 = DIRECTION ( 'NONE',  ( 0.000000000000000000, 0.000000000000000000, 1.000000000000000000 ) ) ;
#1912 = VECTOR ( 'NONE', #7250, 1000.000000000000000 ) ;
#1913 = CARTESIAN_POINT ( 'NONE',  ( 8.799647958782081503, 17.00200250841832172, 16.00000000000000355 ) ) ;
#1914 = AXIS2_PLACEMENT_3D ( 'NONE', #8737, #542, #6139 ) ;
#1915 = ORIENTED_EDGE ( 'NONE', *, *, #7903, .T. ) ;
#1916 = AXIS2_PLACEMENT_3D ( 'NONE', #8185, #1380, #4114 ) ;
#1917 = FACE_OUTER_BOUND ( 'NONE', #5626, .T. ) ;
#1918 = VECTOR ( 'NONE', #4186, 1000.000000000000000 ) ;
#1919 = DIRECTION ( 'NONE',  ( -0.000000000000000000, -0.000000000000000000, 1.000000000000000000 ) ) ;
#1920 = VECTOR ( 'NONE', #1967, 1000.000000000000000 ) ;
#1921 = ORIENTED_EDGE ( 'NONE', *, *, #8004, .F. ) ;
#1922 = PLANE ( 'NONE',  #3541 ) ;
#1923 = EDGE_CURVE ( 'NONE', #3807, #841, #1859, .T. ) ;
#1924 = ORIENTED_EDGE ( 'NONE', *, *, #340, .T. ) ;
#1925 = DIRECTION ( 'NONE',  ( -0.000000000000000000, -0.000000000000000000, -1.000000000000000000 ) ) ;
#1926 = CARTESIAN_POINT ( 'NONE',  ( -37.63139720814414346, 21.72649730810373825, 0.000000000000000000 ) ) ;
#1927 = EDGE_CURVE ( 'NONE', #4580, #6615, #364, .T. ) ;
#1928 = CARTESIAN_POINT ( 'NONE',  ( 38.98854006648888060, -28.86089706239586405, 11.00000000000000000 ) ) ;
#1929 = VERTEX_POINT ( 'NONE', #2021 ) ;
#1930 = CARTESIAN_POINT ( 'NONE',  ( -7.392949198197978689, 47.54476769620227117, 9.659810884864796776 ) ) ;
#1931 = ORIENTED_EDGE ( 'NONE', *, *, #7561, .T. ) ;
#1932 = DIRECTION ( 'NONE',  ( 0.5000000000000039968, 0.8660254037844363761, 0.000000000000000000 ) ) ;
#1933 = ORIENTED_EDGE ( 'NONE', *, *, #1680, .T. ) ;
#1934 = CYLINDRICAL_SURFACE ( 'NONE', #5783, 2.000000000000000000 ) ;
#1935 = EDGE_CURVE ( 'NONE', #688, #560, #2237, .T. ) ;
#1936 = ADVANCED_FACE ( 'NONE', ( #1408 ), #1359, .T. ) ;
#1937 = CARTESIAN_POINT ( 'NONE',  ( -44.48854006528695493, -19.69395707001359952, 11.00000000000000178 ) ) ;
#1938 = EDGE_CURVE ( 'NONE', #8065, #3559, #5480, .T. ) ;
#1939 = AXIS2_PLACEMENT_3D ( 'NONE', #564, #5229, #4601 ) ;
#1940 = FACE_OUTER_BOUND ( 'NONE', #3470, .T. ) ;
#1941 = ORIENTED_EDGE ( 'NONE', *, *, #3882, .F. ) ;
#1942 = CARTESIAN_POINT ( 'NONE',  ( 17.14963164645766369, -29.00000000000000000, 30.99999999999999645 ) ) ;
#1943 = ORIENTED_EDGE ( 'NONE', *, *, #8313, .T. ) ;
#1944 = DIRECTION ( 'NONE',  ( -0.8660254037844378194, -0.5000000000000014433, 0.000000000000000000 ) ) ;
#1945 = AXIS2_PLACEMENT_3D ( 'NONE', #3031, #933, #1528 ) ;
#1946 = VECTOR ( 'NONE', #1944, 1000.000000000000114 ) ;
#1947 = DIRECTION ( 'NONE',  ( 0.5000000000000039968, 0.8660254037844363761, 0.000000000000000000 ) ) ;
#1948 = VERTEX_POINT ( 'NONE', #4592 ) ;
#1949 = FACE_OUTER_BOUND ( 'NONE', #1475, .T. ) ;
#1950 = EDGE_CURVE ( 'NONE', #8096, #8858, #7099, .T. ) ;
#1951 = ORIENTED_EDGE ( 'NONE', *, *, #700, .F. ) ;
#1952 = CARTESIAN_POINT ( 'NONE',  ( 0.3016939369588718112, -43.27881154049157431, 35.00000000000000000 ) ) ;
#1953 = AXIS2_PLACEMENT_3D ( 'NONE', #4409, #5777, #6953 ) ;
#1954 = CARTESIAN_POINT ( 'NONE',  ( -11.80224001811209789, -9.116737382349995755, 4.000000000000000000 ) ) ;
#1955 = ORIENTED_EDGE ( 'NONE', *, *, #4843, .F. ) ;
#1956 = CARTESIAN_POINT ( 'NONE',  ( 16.50000000000000355, -32.27417035836263892, 0.000000000000000000 ) ) ;
#1957 = VERTEX_POINT ( 'NONE', #8209 ) ;
#1958 = CARTESIAN_POINT ( 'NONE',  ( -3.752738566853574209, 45.13535178903379119, 23.33333333333333215 ) ) ;
#1959 = EDGE_CURVE ( 'NONE', #4944, #2126, #8109, .T. ) ;
#1960 = CARTESIAN_POINT ( 'NONE',  ( 9.878561921568493887, -36.10007460160268522, 4.000000000000000000 ) ) ;
#1961 = AXIS2_PLACEMENT_3D ( 'NONE', #2030, #4099, #684 ) ;
#1962 = CARTESIAN_POINT ( 'NONE',  ( -43.15889115148544164, -25.36980824256343325, 11.66666666666666785 ) ) ;
#1963 = ORIENTED_EDGE ( 'NONE', *, *, #6589, .T. ) ;
#1964 = DIRECTION ( 'NONE',  ( -0.000000000000000000, -0.000000000000000000, -1.000000000000000000 ) ) ;
#1965 = CIRCLE ( 'NONE', #1961, 0.8000000000000003775 ) ;
#1966 = CARTESIAN_POINT ( 'NONE',  ( 0.000000000000000000, 0.000000000000000000, 0.000000000000000000 ) ) ;
#1967 = DIRECTION ( 'NONE',  ( 0.000000000000000000, 0.000000000000000000, -1.000000000000000000 ) ) ;
#1968 = EDGE_CURVE ( 'NONE', #6859, #8297, #4761, .T. ) ;
#1969 = DIRECTION ( 'NONE',  ( 1.334402673828313586E-16, 1.000000000000000000, 0.000000000000000000 ) ) ;
#1970 = CARTESIAN_POINT ( 'NONE',  ( 22.90000000000000213, -32.27417035836263892, 11.99999999999999822 ) ) ;
#1971 = EDGE_CURVE ( 'NONE', #6831, #3335, #678, .T. ) ;
#1972 = ORIENTED_EDGE ( 'NONE', *, *, #3022, .F. ) ;
#1973 = DIRECTION ( 'NONE',  ( -0.000000000000000000, 1.000000000000000000, 0.000000000000000000 ) ) ;
#1974 = LINE ( 'NONE', #6721, #7675 ) ;
#1975 = LINE ( 'NONE', #1303, #5163 ) ;
#1976 = ORIENTED_EDGE ( 'NONE', *, *, #3551, .F. ) ;
#1977 = CARTESIAN_POINT ( 'NONE',  ( -38.05106172828543265, 16.54980429983895718, 12.50000000000000000 ) ) ;
#1978 = EDGE_LOOP ( 'NONE', ( #4511, #4395, #8034, #7421 ) ) ;
#1979 = CARTESIAN_POINT ( 'NONE',  ( -11.15192553872102543, -13.41873196626567832, 12.00000000000000000 ) ) ;
#1980 = ORIENTED_EDGE ( 'NONE', *, *, #6789, .F. ) ;
#1981 = CARTESIAN_POINT ( 'NONE',  ( 43.32543937663696454, -25.46892618138450715, 11.00000000000000533 ) ) ;
#1982 = DIRECTION ( 'NONE',  ( 0.000000000000000000, 0.000000000000000000, -1.000000000000000000 ) ) ;
#1983 = LINE ( 'NONE', #6821, #4356 ) ;
#1984 = EDGE_CURVE ( 'NONE', #2414, #5818, #4248, .T. ) ;
#1985 = EDGE_LOOP ( 'NONE', ( #2894, #824, #876, #2219 ) ) ;
#1986 = PLANE ( 'NONE',  #6318 ) ;
#1987 = ORIENTED_EDGE ( 'NONE', *, *, #2085, .T. ) ;
#1988 = ADVANCED_FACE ( 'NONE', ( #8884 ), #5570, .F. ) ;
#1989 = CARTESIAN_POINT ( 'NONE',  ( 0.000000000000000000, 0.000000000000000000, 16.00000000000000355 ) ) ;
#1990 = DIRECTION ( 'NONE',  ( -1.000000000000000000, -0.000000000000000000, -0.000000000000000000 ) ) ;
#1991 = ORIENTED_EDGE ( 'NONE', *, *, #1218, .T. ) ;
#1992 = DIRECTION ( 'NONE',  ( -0.000000000000000000, 0.000000000000000000, 1.000000000000000000 ) ) ;
#1993 = ORIENTED_EDGE ( 'NONE', *, *, #326, .F. ) ;
#1994 = CARTESIAN_POINT ( 'NONE',  ( 22.90000000000000213, -37.81970556111439663, 11.99999999999999822 ) ) ;
#1995 = CARTESIAN_POINT ( 'NONE',  ( 37.55996863791227725, -30.34551204031502891, 9.000000000000000000 ) ) ;
#1996 = EDGE_LOOP ( 'NONE', ( #3945, #4033 ) ) ;
#1997 = CARTESIAN_POINT ( 'NONE',  ( -29.64338071280311837, -10.13444907972503195, 12.50000000000000000 ) ) ;
#1998 = EDGE_LOOP ( 'NONE', ( #3141, #8769, #1772, #2919 ) ) ;
#1999 = CARTESIAN_POINT ( 'NONE',  ( -37.46185691933844453, -9.613715481249377248, 2.299999999999999822 ) ) ;
#2000 = CARTESIAN_POINT ( 'NONE',  ( -23.04412410502905928, -35.43125334919223235, 18.98739383557335003 ) ) ;
#2001 = DIRECTION ( 'NONE',  ( 0.000000000000000000, 0.000000000000000000, -1.000000000000000000 ) ) ;
#2002 = EDGE_LOOP ( 'NONE', ( #4727, #8650, #6392, #4759 ) ) ;
#2003 = ADVANCED_FACE ( 'NONE', ( #3197 ), #7539, .F. ) ;
#2004 = FACE_OUTER_BOUND ( 'NONE', #2940, .T. ) ;
#2005 = DIRECTION ( 'NONE',  ( 0.8660254037844384856, -0.5000000000000001110, 0.000000000000000000 ) ) ;
#2006 = ORIENTED_EDGE ( 'NONE', *, *, #5407, .F. ) ;
#2007 = CARTESIAN_POINT ( 'NONE',  ( -12.83142457412086301, -5.938815006089813053, 30.99999999999999645 ) ) ;
#2008 = VERTEX_POINT ( 'NONE', #2120 ) ;
#2009 = DIRECTION ( 'NONE',  ( 0.000000000000000000, 0.000000000000000000, 1.000000000000000000 ) ) ;
#2010 = FACE_OUTER_BOUND ( 'NONE', #5022, .T. ) ;
#2011 = CARTESIAN_POINT ( 'NONE',  ( -18.86438724951293011, -17.87152381110634991, 18.09999999999999787 ) ) ;
#2013 = ORIENTED_EDGE ( 'NONE', *, *, #6982, .T. ) ;
#2012 = EDGE_CURVE ( 'NONE', #4866, #5294, #7236, .T. ) ;
#2014 = VECTOR ( 'NONE', #7842, 1000.000000000000000 ) ;
#2015 = CARTESIAN_POINT ( 'NONE',  ( -21.36205965554816899, 36.94370621080066996, 0.000000000000000000 ) ) ;
#2016 = ORIENTED_EDGE ( 'NONE', *, *, #3424, .T. ) ;
#2017 = EDGE_CURVE ( 'NONE', #8087, #7493, #6912, .T. ) ;
#2018 = CARTESIAN_POINT ( 'NONE',  ( 5.499999998803011714, 48.19551468524193893, 11.00000000000000533 ) ) ;
#2019 = ORIENTED_EDGE ( 'NONE', *, *, #1823, .F. ) ;
#2020 = CARTESIAN_POINT ( 'NONE',  ( 18.76760724610477382, 37.94555364585769297, 0.000000000000000000 ) ) ;
#2021 = CARTESIAN_POINT ( 'NONE',  ( -37.45298551693169031, 15.58570268470066189, 12.50000000000000000 ) ) ;
#2022 = AXIS2_PLACEMENT_3D ( 'NONE', #3565, #4422, #4955 ) ;
#2023 = AXIS2_PLACEMENT_3D ( 'NONE', #5448, #7595, #7554 ) ;
#2024 = LINE ( 'NONE', #44, #2640 ) ;
#2025 = PLANE ( 'NONE',  #5203 ) ;
#2026 = VERTEX_POINT ( 'NONE', #3506 ) ;
#2027 = LINE ( 'NONE', #3464, #6753 ) ;
#2028 = VECTOR ( 'NONE', #5656, 1000.000000000000000 ) ;
#2029 = VERTEX_POINT ( 'NONE', #6242 ) ;
#2030 = CARTESIAN_POINT ( 'NONE',  ( -4.499999999999976019, 50.66987298107783744, 4.999999999999996447 ) ) ;
#2031 = CARTESIAN_POINT ( 'NONE',  ( 15.49999999999999645, -7.259372140063333312, 30.99999999999999645 ) ) ;
#2032 = ORIENTED_EDGE ( 'NONE', *, *, #1316, .T. ) ;
#2033 = CARTESIAN_POINT ( 'NONE',  ( -8.580561569927755983, -23.72845661736633360, 16.00000000000000000 ) ) ;
#2034 = ADVANCED_FACE ( 'NONE', ( #92 ), #2837, .F. ) ;
#2035 = VERTEX_POINT ( 'NONE', #1497 ) ;
#2036 = PLANE ( 'NONE',  #7461 ) ;
#2037 = VECTOR ( 'NONE', #4836, 1000.000000000000000 ) ;
#2038 = CIRCLE ( 'NONE', #3175, 5.999999999999998224 ) ;
#2039 = VECTOR ( 'NONE', #1024, 1000.000000000000000 ) ;
#2040 = FACE_OUTER_BOUND ( 'NONE', #6805, .T. ) ;
#2041 = ORIENTED_EDGE ( 'NONE', *, *, #4599, .T. ) ;
#2042 = VERTEX_POINT ( 'NONE', #5026 ) ;
#2043 = DIRECTION ( 'NONE',  ( -0.8660254037844432595, -0.4999999999999919509, -0.000000000000000000 ) ) ;
#2044 = EDGE_LOOP ( 'NONE', ( #3189, #3333, #8391, #7315 ) ) ;
#2045 = LINE ( 'NONE', #3526, #2692 ) ;
#2046 = CARTESIAN_POINT ( 'NONE',  ( -23.48395217935588875, -35.31822054246803333, 18.56030719279613805 ) ) ;
#2047 = EDGE_CURVE ( 'NONE', #6802, #2607, #7385, .T. ) ;
#2048 = EDGE_CURVE ( 'NONE', #8502, #5053, #135, .T. ) ;
#2049 = CARTESIAN_POINT ( 'NONE',  ( 13.59587200499385595, 17.00200250848286743, 25.05096679924108116 ) ) ;
#2050 = ORIENTED_EDGE ( 'NONE', *, *, #5392, .F. ) ;
#2051 = VECTOR ( 'NONE', #5274, 1000.000000000000000 ) ;
#2052 = CARTESIAN_POINT ( 'NONE',  ( -20.23020887378361010, -18.66008129354404943, 10.09999999999999964 ) ) ;
#2053 = CARTESIAN_POINT ( 'NONE',  ( -17.49999999999999645, -6.506203797966179536, 30.99999999999999645 ) ) ;
#2054 = CYLINDRICAL_SURFACE ( 'NONE', #8686, 3.063716784310707819 ) ;
#2055 = CARTESIAN_POINT ( 'NONE',  ( 34.91923691444208799, 23.29236378375822980, 34.99999999999996447 ) ) ;
#2056 = CARTESIAN_POINT ( 'NONE',  ( -40.76537180435997954, -28.73205080756848773, 4.999999999999996447 ) ) ;
#2057 = CIRCLE ( 'NONE', #6784, 0.7999999999999994893 ) ;
#2058 = ORIENTED_EDGE ( 'NONE', *, *, #6073, .F. ) ;
#2059 = LINE ( 'NONE', #2698, #5318 ) ;
#2060 = DIRECTION ( 'NONE',  ( -0.3535533905932755627, -0.6123724356957975790, 0.7071067811865440200 ) ) ;
#2061 = AXIS2_PLACEMENT_3D ( 'NONE', #5079, #1591, #4906 ) ;
#2062 = CARTESIAN_POINT ( 'NONE',  ( -22.90000000000000213, -32.27417035836263892, 12.00000000000000711 ) ) ;
#2063 = EDGE_LOOP ( 'NONE', ( #7338, #6136, #6873, #7725, #7728, #4149, #709, #1726, #5769, #6109, #4229, #1430, #6964, #6443 ) ) ;
#2064 = AXIS2_PLACEMENT_3D ( 'NONE', #6647, #4632, #8657 ) ;
#2065 = DIRECTION ( 'NONE',  ( -0.09332404931032581286, 0.9956357877358184005, 0.000000000000000000 ) ) ;
#2066 = ORIENTED_EDGE ( 'NONE', *, *, #5052, .F. ) ;
#2067 = VECTOR ( 'NONE', #2745, 1000.000000000000114 ) ;
#2068 = PLANE ( 'NONE',  #232 ) ;
#2069 = ORIENTED_EDGE ( 'NONE', *, *, #1693, .T. ) ;
#2070 = LINE ( 'NONE', #4090, #918 ) ;
#2071 = DIRECTION ( 'NONE',  ( -0.000000000000000000, 0.000000000000000000, 1.000000000000000000 ) ) ;
#2072 = ADVANCED_FACE ( 'NONE', ( #5070 ), #3723, .F. ) ;
#2073 = AXIS2_PLACEMENT_3D ( 'NONE', #6569, #5887, #3111 ) ;
#2074 = CARTESIAN_POINT ( 'NONE',  ( -23.50000000000000355, -29.00000000000000000, 18.40000000000000213 ) ) ;
#2075 = EDGE_CURVE ( 'NONE', #7493, #4450, #3527, .T. ) ;
#2076 = CARTESIAN_POINT ( 'NONE',  ( -34.44772910787709463, 0.5237688723248732359, 12.50000000000000000 ) ) ;
#2077 = ORIENTED_EDGE ( 'NONE', *, *, #768, .F. ) ;
#2078 = CARTESIAN_POINT ( 'NONE',  ( 17.60072470878810336, -26.92935667042205949, 0.000000000000000000 ) ) ;
#2079 = EDGE_LOOP ( 'NONE', ( #5103, #7692, #5003, #2271, #2069, #8826 ) ) ;
#2080 = CARTESIAN_POINT ( 'NONE',  ( 6.044999999999998153, 32.73634711715676104, 11.59999999999999964 ) ) ;
#2081 = DIRECTION ( 'NONE',  ( -0.8660254037844387076, 0.4999999999999999445, 0.000000000000000000 ) ) ;
#2082 = ADVANCED_FACE ( 'NONE', ( #8428 ), #827, .T. ) ;
#2083 = VERTEX_POINT ( 'NONE', #4621 ) ;
#2084 = CYLINDRICAL_SURFACE ( 'NONE', #4782, 0.8000000000000009326 ) ;
#2085 = EDGE_CURVE ( 'NONE', #7298, #2705, #1803, .T. ) ;
#2086 = PLANE ( 'NONE',  #1313 ) ;
#2087 = CARTESIAN_POINT ( 'NONE',  ( 26.15174621610094619, -8.118552963142217749, 10.09999999999999964 ) ) ;
#2088 = VERTEX_POINT ( 'NONE', #7884 ) ;
#2089 = EDGE_CURVE ( 'NONE', #297, #4564, #5199, .T. ) ;
#2090 = ORIENTED_EDGE ( 'NONE', *, *, #483, .F. ) ;
#2091 = AXIS2_PLACEMENT_3D ( 'NONE', #4341, #2984, #7790 ) ;
#2092 = ADVANCED_FACE ( 'NONE', ( #4441 ), #1025, .F. ) ;
#2093 = DIRECTION ( 'NONE',  ( 0.000000000000000000, 0.000000000000000000, -1.000000000000000000 ) ) ;
#2094 = VERTEX_POINT ( 'NONE', #5244 ) ;
#2095 = CARTESIAN_POINT ( 'NONE',  ( 17.56534914383628276, -17.12152381110634281, 11.59999999999999964 ) ) ;
#2096 = CIRCLE ( 'NONE', #1664, 3.340420853704232584 ) ;
#2097 = CARTESIAN_POINT ( 'NONE',  ( 14.71171412856897476, -12.11673738234993714, 16.00000000000000000 ) ) ;
#2098 = CARTESIAN_POINT ( 'NONE',  ( -43.73285094040503651, -29.68542455182724282, 0.000000000000000000 ) ) ;
#2099 = ORIENTED_EDGE ( 'NONE', *, *, #3271, .T. ) ;
#2100 = VECTOR ( 'NONE', #52, 1000.000000000000000 ) ;
#2101 = ADVANCED_FACE ( 'NONE', ( #5910 ), #3763, .T. ) ;
#2102 = CARTESIAN_POINT ( 'NONE',  ( -45.66185691933844737, -9.613715481249377248, 2.299999999999999822 ) ) ;
#2103 = DIRECTION ( 'NONE',  ( -1.334402673828313586E-16, 1.000000000000000000, -0.000000000000000000 ) ) ;
#2104 = EDGE_CURVE ( 'NONE', #4320, #2437, #2418, .T. ) ;
#2105 = CARTESIAN_POINT ( 'NONE',  ( 19.10674621610088053, -20.32085090246492598, 4.000000000000000000 ) ) ;
#2106 = AXIS2_PLACEMENT_3D ( 'NONE', #5756, #2308, #8494 ) ;
#2107 = FACE_BOUND ( 'NONE', #5373, .T. ) ;
#2108 = ORIENTED_EDGE ( 'NONE', *, *, #5693, .T. ) ;
#2109 = CARTESIAN_POINT ( 'NONE',  ( -43.43503632450040186, 5.224486752532991218, 0.000000000000000000 ) ) ;
#2110 = DIRECTION ( 'NONE',  ( 0.000000000000000000, 0.000000000000000000, 1.000000000000000000 ) ) ;
#2111 = AXIS2_PLACEMENT_3D ( 'NONE', #3265, #4706, #4032 ) ;
#2112 = VECTOR ( 'NONE', #6336, 1000.000000000000000 ) ;
#2113 = CARTESIAN_POINT ( 'NONE',  ( 13.59587200499385595, 17.88326261765006109, 27.31370849898443609 ) ) ;
#2114 = EDGE_LOOP ( 'NONE', ( #5228, #3261 ) ) ;
#2115 = FACE_OUTER_BOUND ( 'NONE', #7092, .T. ) ;
#2116 = ORIENTED_EDGE ( 'NONE', *, *, #1047, .F. ) ;
#2117 = CARTESIAN_POINT ( 'NONE',  ( -24.40952427225795418, 0.000000000000000000, 16.00000000000000355 ) ) ;
#2118 = VERTEX_POINT ( 'NONE', #3950 ) ;
#2119 = CARTESIAN_POINT ( 'NONE',  ( 16.00599549018990686, -36.10007460160268522, 27.31370849898443609 ) ) ;
#2120 = CARTESIAN_POINT ( 'NONE',  ( -35.78311253585379603, 24.47800753011376074, 0.000000000000000000 ) ) ;
#2121 = LINE ( 'NONE', #589, #8640 ) ;
#2122 = PLANE ( 'NONE',  #1345 ) ;
#2123 = ORIENTED_EDGE ( 'NONE', *, *, #68, .T. ) ;
#2124 = LINE ( 'NONE', #6779, #8179 ) ;
#2125 = EDGE_CURVE ( 'NONE', #6585, #2712, #3174, .T. ) ;
#2126 = VERTEX_POINT ( 'NONE', #4484 ) ;
#2127 = CARTESIAN_POINT ( 'NONE',  ( -14.17817460259215778, 18.22486238404406222, 4.000000000000000000 ) ) ;
#2128 = PLANE ( 'NONE',  #774 ) ;
#2129 = EDGE_LOOP ( 'NONE', ( #2487, #1857, #335, #7362 ) ) ;
#2130 = CARTESIAN_POINT ( 'NONE',  ( -6.045000000000004370, 49.66987298107782323, 10.09999999999999964 ) ) ;
#2131 = DIRECTION ( 'NONE',  ( 0.4999999999999999445, 0.8660254037844385966, -0.000000000000000000 ) ) ;
#2132 = EDGE_CURVE ( 'NONE', #7715, #6419, #5152, .T. ) ;
#2133 = FACE_OUTER_BOUND ( 'NONE', #1339, .T. ) ;
#2134 = VERTEX_POINT ( 'NONE', #8597 ) ;
#2135 = ADVANCED_FACE ( 'NONE', ( #7208 ), #3902, .T. ) ;
#2136 = DIRECTION ( 'NONE',  ( -1.000000000000000000, 0.000000000000000000, 0.000000000000000000 ) ) ;
#2137 = VERTEX_POINT ( 'NONE', #3221 ) ;
#2138 = EDGE_CURVE ( 'NONE', #4366, #8304, #6960, .T. ) ;
#2139 = LINE ( 'NONE', #7420, #6948 ) ;
#2140 = ORIENTED_EDGE ( 'NONE', *, *, #4340, .T. ) ;
#2141 = CARTESIAN_POINT ( 'NONE',  ( 16.50000000000000355, -41.31679862020588700, 12.59999999999999964 ) ) ;
#2142 = DIRECTION ( 'NONE',  ( -0.000000000000000000, -0.000000000000000000, -1.000000000000000000 ) ) ;
#2143 = CARTESIAN_POINT ( 'NONE',  ( -37.78311253585379603, 21.01390591497600369, 0.000000000000000000 ) ) ;
#2144 = ORIENTED_EDGE ( 'NONE', *, *, #6789, .T. ) ;
#2145 = EDGE_CURVE ( 'NONE', #6062, #5598, #539, .T. ) ;
#2146 = DIRECTION ( 'NONE',  ( 0.000000000000000000, 0.000000000000000000, -1.000000000000000000 ) ) ;
#2147 = DIRECTION ( 'NONE',  ( 0.000000000000000000, 0.000000000000000000, -1.000000000000000000 ) ) ;
#2148 = CARTESIAN_POINT ( 'NONE',  ( 9.878561921568492110, -36.10007460160268522, 27.31370849898443609 ) ) ;
#2149 = CARTESIAN_POINT ( 'NONE',  ( -42.78289081426766671, -3.385604543132454847, 12.50000000000000000 ) ) ;
#2150 = ORIENTED_EDGE ( 'NONE', *, *, #4205, .T. ) ;
#2151 = FACE_OUTER_BOUND ( 'NONE', #2416, .T. ) ;
#2152 = DIRECTION ( 'NONE',  ( -0.8660254037844434816, -0.4999999999999920064, 0.000000000000000000 ) ) ;
#2153 = CYLINDRICAL_SURFACE ( 'NONE', #1597, 1.000000000000000888 ) ;
#2154 = VERTEX_POINT ( 'NONE', #2598 ) ;
#2155 = CARTESIAN_POINT ( 'NONE',  ( -38.20362564315135501, -29.37300893445909011, 10.82134362308866393 ) ) ;
#2156 = ORIENTED_EDGE ( 'NONE', *, *, #941, .T. ) ;
#2157 = CARTESIAN_POINT ( 'NONE',  ( -20.70224001811205028, -3.141400665743015352, 30.99999999999999645 ) ) ;
#2158 = ORIENTED_EDGE ( 'NONE', *, *, #2402, .T. ) ;
#2159 = CARTESIAN_POINT ( 'NONE',  ( 44.48854006528703309, -20.82038483986022470, 11.00000000000000178 ) ) ;
#2160 = CARTESIAN_POINT ( 'NONE',  ( 1.248484576876122736E-15, 40.56987298107782181, 5.000000000000000000 ) ) ;
#2161 = DIRECTION ( 'NONE',  ( -1.000000000000000000, 0.000000000000000000, 0.000000000000000000 ) ) ;
#2162 = ORIENTED_EDGE ( 'NONE', *, *, #8420, .T. ) ;
#2163 = DIRECTION ( 'NONE',  ( -0.8660254037844362651, 0.5000000000000041078, 0.000000000000000000 ) ) ;
#2164 = ORIENTED_EDGE ( 'NONE', *, *, #4600, .T. ) ;
#2165 = CARTESIAN_POINT ( 'NONE',  ( 39.99287180435956657, -30.07006005641602897, 0.000000000000000000 ) ) ;
#2166 = VECTOR ( 'NONE', #2587, 1000.000000000000114 ) ;
#2167 = LINE ( 'NONE', #8132, #2347 ) ;
#2168 = VECTOR ( 'NONE', #6875, 1000.000000000000000 ) ;
#2169 = ORIENTED_EDGE ( 'NONE', *, *, #8755, .T. ) ;
#2170 = CARTESIAN_POINT ( 'NONE',  ( -22.90000000000000213, -114.9999999999999289, 19.00000000000000355 ) ) ;
#2171 = CARTESIAN_POINT ( 'NONE',  ( -9.666507322133384150, 18.38326261767711145, 0.000000000000000000 ) ) ;
#2172 = DIRECTION ( 'NONE',  ( 0.8660254037844362651, -0.5000000000000041078, 0.000000000000000000 ) ) ;
#2173 = ORIENTED_EDGE ( 'NONE', *, *, #7872, .F. ) ;
#2174 = AXIS2_PLACEMENT_3D ( 'NONE', #5043, #6470, #865 ) ;
#2175 = LINE ( 'NONE', #8488, #1880 ) ;
#2176 = EDGE_LOOP ( 'NONE', ( #4954, #4800, #279, #699, #8288, #1575, #1577, #6330 ) ) ;
#2177 = DIRECTION ( 'NONE',  ( -1.000000000000000000, 0.000000000000000000, 0.000000000000000000 ) ) ;
#2178 = ORIENTED_EDGE ( 'NONE', *, *, #8094, .T. ) ;
#2179 = DIRECTION ( 'NONE',  ( -0.4999999999999998890, -0.8660254037844387076, 0.000000000000000000 ) ) ;
#2180 = AXIS2_PLACEMENT_3D ( 'NONE', #1585, #7045, #8432 ) ;
#2181 = LINE ( 'NONE', #2097, #5105 ) ;
#2182 = CARTESIAN_POINT ( 'NONE',  ( 16.94079893972196871, -38.95085082066253790, 19.00000000000000000 ) ) ;
#2183 = EDGE_CURVE ( 'NONE', #8190, #2669, #8200, .T. ) ;
#2184 = ORIENTED_EDGE ( 'NONE', *, *, #5417, .F. ) ;
#2185 = LINE ( 'NONE', #701, #745 ) ;
#2186 = CARTESIAN_POINT ( 'NONE',  ( 20.12620908988082746, -3.141400665743017129, 16.00000000000000000 ) ) ;
#2187 = PLANE ( 'NONE',  #7699 ) ;
#2188 = ORIENTED_EDGE ( 'NONE', *, *, #2479, .F. ) ;
#2189 = CARTESIAN_POINT ( 'NONE',  ( 31.48005753324420297, -25.27797492528385703, 35.00000000000000000 ) ) ;
#2190 = CARTESIAN_POINT ( 'NONE',  ( -24.50261221182715232, -8.105831711875108425, 12.50000000000000000 ) ) ;
#2191 = LINE ( 'NONE', #2238, #5732 ) ;
#2192 = VERTEX_POINT ( 'NONE', #755 ) ;
#2193 = CARTESIAN_POINT ( 'NONE',  ( -24.90938724951297800, -7.401276679352514876, 18.09999999999999787 ) ) ;
#2194 = AXIS2_PLACEMENT_3D ( 'NONE', #4542, #7268, #1130 ) ;
#2195 = ORIENTED_EDGE ( 'NONE', *, *, #6855, .F. ) ;
#2196 = EDGE_CURVE ( 'NONE', #7066, #2470, #1974, .T. ) ;
#2197 = LINE ( 'NONE', #981, #2954 ) ;
#2198 = ORIENTED_EDGE ( 'NONE', *, *, #2647, .T. ) ;
#2199 = DIRECTION ( 'NONE',  ( -0.000000000000000000, -0.000000000000000000, 1.000000000000000000 ) ) ;
#2200 = CARTESIAN_POINT ( 'NONE',  ( 47.31931313459634936, 24.31859236641074062, 0.000000000000000000 ) ) ;
#2201 = VECTOR ( 'NONE', #7361, 1000.000000000000000 ) ;
#2202 = CARTESIAN_POINT ( 'NONE',  ( -1.734723475976813208E-15, -32.27417035836263892, 0.000000000000000000 ) ) ;
#2203 = ORIENTED_EDGE ( 'NONE', *, *, #93, .F. ) ;
#2204 = LINE ( 'NONE', #5574, #8328 ) ;
#2205 = AXIS2_PLACEMENT_3D ( 'NONE', #513, #7276, #1767 ) ;
#2206 = VERTEX_POINT ( 'NONE', #5467 ) ;
#2207 = EDGE_CURVE ( 'NONE', #3925, #8807, #2699, .T. ) ;
#2208 = EDGE_CURVE ( 'NONE', #7066, #8807, #7394, .T. ) ;
#2209 = DIRECTION ( 'NONE',  ( -1.000000000000000000, 3.528681642006276099E-16, 0.000000000000000000 ) ) ;
#2210 = PLANE ( 'NONE',  #5957 ) ;
#2211 = VECTOR ( 'NONE', #8794, 1000.000000000000000 ) ;
#2212 = ORIENTED_EDGE ( 'NONE', *, *, #6405, .F. ) ;
#2213 = DIRECTION ( 'NONE',  ( 0.7071067811865512365, -2.560153595335584922E-16, -0.7071067811865439090 ) ) ;
#2214 = ADVANCED_FACE ( 'NONE', ( #4709 ), #7477, .F. ) ;
#2215 = DIRECTION ( 'NONE',  ( 0.000000000000000000, 0.000000000000000000, -1.000000000000000000 ) ) ;
#2216 = CARTESIAN_POINT ( 'NONE',  ( 13.59587200499385595, 17.70089615044631515, 4.000000000000000000 ) ) ;
#2217 = ORIENTED_EDGE ( 'NONE', *, *, #1017, .T. ) ;
#2218 = DIRECTION ( 'NONE',  ( -1.000000000000000000, 0.000000000000000000, 5.981805089575197183E-16 ) ) ;
#2219 = ORIENTED_EDGE ( 'NONE', *, *, #5587, .T. ) ;
#2220 = EDGE_CURVE ( 'NONE', #928, #1346, #1395, .T. ) ;
#2221 = CARTESIAN_POINT ( 'NONE',  ( 6.044999999999995488, 49.66987298107782323, 10.09999999999999964 ) ) ;
#2222 = ORIENTED_EDGE ( 'NONE', *, *, #5214, .T. ) ;
#2223 = CARTESIAN_POINT ( 'NONE',  ( -46.29165124598852543, -26.72649730810375601, 0.000000000000000000 ) ) ;
#2224 = CARTESIAN_POINT ( 'NONE',  ( -34.00989778565062949, -8.450694429803208507, -1.499999999999999556 ) ) ;
#2225 = CARTESIAN_POINT ( 'NONE',  ( -13.40705325501500056, -41.10007460160269233, 0.000000000000000000 ) ) ;
#2226 = ORIENTED_EDGE ( 'NONE', *, *, #7938, .T. ) ;
#2227 = AXIS2_PLACEMENT_3D ( 'NONE', #3574, #6306, #7705 ) ;
#2228 = EDGE_CURVE ( 'NONE', #6878, #1406, #7529, .T. ) ;
#2229 = DIRECTION ( 'NONE',  ( 1.196361017915039486E-16, -1.000000000000000000, 0.000000000000000000 ) ) ;
#2230 = CARTESIAN_POINT ( 'NONE',  ( -31.37300823056317256, -11.13304999270159001, 18.09999999999999787 ) ) ;
#2231 = CARTESIAN_POINT ( 'NONE',  ( 22.97177900730740774, -35.46886285516479376, 18.99999999999999289 ) ) ;
#2232 = AXIS2_PLACEMENT_3D ( 'NONE', #5514, #707, #577 ) ;
#2233 = VECTOR ( 'NONE', #6515, 1000.000000000000000 ) ;
#2234 = AXIS2_PLACEMENT_3D ( 'NONE', #3276, #5919, #2562 ) ;
#2235 = EDGE_LOOP ( 'NONE', ( #35, #7537 ) ) ;
#2236 = LINE ( 'NONE', #2826, #6193 ) ;
#2237 = CIRCLE ( 'NONE', #7680, 1.000000000018832935 ) ;
#2238 = CARTESIAN_POINT ( 'NONE',  ( 16.50000000000000355, -114.9999999999999289, 12.59999999999999964 ) ) ;
#2239 = ORIENTED_EDGE ( 'NONE', *, *, #7126, .T. ) ;
#2240 = ADVANCED_FACE ( 'NONE', ( #3492 ), #4082, .F. ) ;
#2241 = VECTOR ( 'NONE', #8252, 1000.000000000000000 ) ;
#2242 = CARTESIAN_POINT ( 'NONE',  ( -15.49999999999999645, -6.506203797966179536, 3.370362588467224807 ) ) ;
#2243 = ADVANCED_FACE ( 'NONE', ( #2010 ), #1261, .F. ) ;
#2244 = EDGE_LOOP ( 'NONE', ( #8044, #8325, #7438, #8780, #673 ) ) ;
#2245 = CARTESIAN_POINT ( 'NONE',  ( 41.66565829136303023, 25.18882062048294301, 7.500000000000062172 ) ) ;
#2246 = ORIENTED_EDGE ( 'NONE', *, *, #8484, .T. ) ;
#2247 = PLANE ( 'NONE',  #25 ) ;
#2248 = CARTESIAN_POINT ( 'NONE',  ( 46.50981740034158918, 26.34862244427227651, 0.000000000000000000 ) ) ;
#2249 = AXIS2_PLACEMENT_3D ( 'NONE', #2255, #3511, #1549 ) ;
#2250 = FACE_BOUND ( 'NONE', #664, .T. ) ;
#2251 = ORIENTED_EDGE ( 'NONE', *, *, #7326, .F. ) ;
#2252 = CARTESIAN_POINT ( 'NONE',  ( -28.50000000000000000, 0.5237688723248732359, 12.50000000000000000 ) ) ;
#2253 = VECTOR ( 'NONE', #5013, 1000.000000000000000 ) ;
#2254 = ORIENTED_EDGE ( 'NONE', *, *, #474, .F. ) ;
#2255 = CARTESIAN_POINT ( 'NONE',  ( 8.580561569927754206, -12.11673738234993714, 27.31370849898443609 ) ) ;
#2256 = CARTESIAN_POINT ( 'NONE',  ( -21.88688724951295939, -12.63640024522943150, 11.59999999999999964 ) ) ;
#2257 = ORIENTED_EDGE ( 'NONE', *, *, #2740, .F. ) ;
#2258 = DIRECTION ( 'NONE',  ( 0.8660254037844363761, -0.5000000000000039968, 0.000000000000000000 ) ) ;
#2259 = DIRECTION ( 'NONE',  ( 0.000000000000000000, 0.000000000000000000, -1.000000000000000000 ) ) ;
#2260 = EDGE_CURVE ( 'NONE', #4833, #3948, #5526, .T. ) ;
#2261 = CARTESIAN_POINT ( 'NONE',  ( 45.05996863671558827, -17.35513098285755618, 8.999999999999996447 ) ) ;
#2262 = EDGE_LOOP ( 'NONE', ( #1706, #1106, #8452, #4429 ) ) ;
#2263 = DIRECTION ( 'NONE',  ( 0.000000000000000000, 0.000000000000000000, -1.000000000000000000 ) ) ;
#2264 = VERTEX_POINT ( 'NONE', #3446 ) ;
#2265 = EDGE_CURVE ( 'NONE', #6240, #5185, #2983, .T. ) ;
#2266 = LINE ( 'NONE', #5627, #6095 ) ;
#2267 = VERTEX_POINT ( 'NONE', #4749 ) ;
#2268 = CARTESIAN_POINT ( 'NONE',  ( -44.29806387481077223, -20.73915911672525425, 11.66666666666666785 ) ) ;
#2269 = FACE_OUTER_BOUND ( 'NONE', #7644, .T. ) ;
#2270 = LINE ( 'NONE', #836, #6190 ) ;
#2271 = ORIENTED_EDGE ( 'NONE', *, *, #1027, .T. ) ;
#2272 = DIRECTION ( 'NONE',  ( 0.6211018600785876975, 0.7837298510372808780, 0.000000000000000000 ) ) ;
#2273 = ORIENTED_EDGE ( 'NONE', *, *, #6844, .T. ) ;
#2274 = CARTESIAN_POINT ( 'NONE',  ( -45.26537180435990138, -20.93782217350849706, 4.999999999999998224 ) ) ;
#2275 = PLANE ( 'NONE',  #6975 ) ;
#2276 = VERTEX_POINT ( 'NONE', #2646 ) ;
#2277 = FACE_OUTER_BOUND ( 'NONE', #7589, .T. ) ;
#2278 = DIRECTION ( 'NONE',  ( 1.000000000000000000, 0.000000000000000000, 0.000000000000000000 ) ) ;
#2279 = DIRECTION ( 'NONE',  ( 1.000000000000000000, 0.000000000000000000, 0.000000000000000000 ) ) ;
#2280 = ORIENTED_EDGE ( 'NONE', *, *, #4622, .F. ) ;
#2281 = LINE ( 'NONE', #2915, #4334 ) ;
#2282 = ORIENTED_EDGE ( 'NONE', *, *, #5813, .F. ) ;
#2283 = CARTESIAN_POINT ( 'NONE',  ( 37.55996863791227725, -30.34551204031502891, 9.000000000000000000 ) ) ;
#2284 = ORIENTED_EDGE ( 'NONE', *, *, #4063, .F. ) ;
#2285 = CARTESIAN_POINT ( 'NONE',  ( 17.10000000000000497, -38.85893604565575288, 18.99999999999999645 ) ) ;
#2286 = CARTESIAN_POINT ( 'NONE',  ( 37.63139720814390898, 18.59476435679592043, 34.99999999999997868 ) ) ;
#2287 = EDGE_CURVE ( 'NONE', #928, #636, #666, .T. ) ;
#2288 = LINE ( 'NONE', #817, #7347 ) ;
#2289 = ORIENTED_EDGE ( 'NONE', *, *, #4652, .T. ) ;
#2290 = CARTESIAN_POINT ( 'NONE',  ( 6.044999999999998153, 25.85859933425698642, 16.00000000000000355 ) ) ;
#2291 = EDGE_CURVE ( 'NONE', #8042, #4519, #5379, .T. ) ;
#2292 = ORIENTED_EDGE ( 'NONE', *, *, #7122, .F. ) ;
#2293 = CYLINDRICAL_SURFACE ( 'NONE', #2684, 1.000000000018832935 ) ;
#2294 = DIRECTION ( 'NONE',  ( -0.000000000000000000, -0.000000000000000000, 1.000000000000000000 ) ) ;
#2295 = VERTEX_POINT ( 'NONE', #32 ) ;
#2296 = LINE ( 'NONE', #2170, #8634 ) ;
#2297 = FACE_OUTER_BOUND ( 'NONE', #431, .T. ) ;
#2298 = CARTESIAN_POINT ( 'NONE',  ( -21.02970073639360749, 37.51936874512504971, 0.000000000000000000 ) ) ;
#2299 = ORIENTED_EDGE ( 'NONE', *, *, #7076, .T. ) ;
#2300 = LINE ( 'NONE', #5000, #8598 ) ;
#2301 = VECTOR ( 'NONE', #4083, 1000.000000000000000 ) ;
#2302 = AXIS2_PLACEMENT_3D ( 'NONE', #932, #6403, #3491 ) ;
#2303 = CARTESIAN_POINT ( 'NONE',  ( -35.13454062992149574, -20.28493649053858050, 5.000000000000000000 ) ) ;
#2304 = EDGE_CURVE ( 'NONE', #2889, #4025, #3523, .T. ) ;
#2305 = CARTESIAN_POINT ( 'NONE',  ( 37.63139720814433531, -21.72649730810337587, 35.00000000000000000 ) ) ;
#2306 = ORIENTED_EDGE ( 'NONE', *, *, #3235, .F. ) ;
#2307 = DIRECTION ( 'NONE',  ( 1.000000000000000000, 0.000000000000000000, -5.981805089575197183E-16 ) ) ;
#2308 = DIRECTION ( 'NONE',  ( -0.000000000000000000, -0.000000000000000000, 1.000000000000000000 ) ) ;
#2309 = VECTOR ( 'NONE', #7823, 1000.000000000000000 ) ;
#2310 = ORIENTED_EDGE ( 'NONE', *, *, #8470, .T. ) ;
#2311 = CIRCLE ( 'NONE', #5039, 3.063716784310707819 ) ;
#2312 = DIRECTION ( 'NONE',  ( 1.000000000000000000, 0.000000000000000000, 0.000000000000000000 ) ) ;
#2313 = AXIS2_PLACEMENT_3D ( 'NONE', #3861, #444, #5914 ) ;
#2314 = EDGE_CURVE ( 'NONE', #2035, #1630, #1439, .T. ) ;
#2315 = ORIENTED_EDGE ( 'NONE', *, *, #1337, .T. ) ;
#2316 = EDGE_CURVE ( 'NONE', #3967, #2192, #3356, .T. ) ;
#2317 = DIRECTION ( 'NONE',  ( 0.4999999999999920064, -0.8660254037844434816, -0.000000000000000000 ) ) ;
#2318 = CARTESIAN_POINT ( 'NONE',  ( 23.18634227167862605, -35.36717490554786991, 18.93273950404480033 ) ) ;
#2319 = VECTOR ( 'NONE', #1235, 1000.000000000000000 ) ;
#2320 = FACE_OUTER_BOUND ( 'NONE', #5356, .T. ) ;
#2321 = DIRECTION ( 'NONE',  ( 0.8660254037844363761, -0.5000000000000039968, 0.000000000000000000 ) ) ;
#2322 = VECTOR ( 'NONE', #4791, 1000.000000000000000 ) ;
#2323 = AXIS2_PLACEMENT_3D ( 'NONE', #6311, #5642, #1611 ) ;
#2324 = FACE_OUTER_BOUND ( 'NONE', #5240, .T. ) ;
#2325 = VERTEX_POINT ( 'NONE', #5562 ) ;
#2326 = CARTESIAN_POINT ( 'NONE',  ( 23.50000000000000355, -29.00000000000000000, 0.000000000000000000 ) ) ;
#2327 = EDGE_LOOP ( 'NONE', ( #5494, #829 ) ) ;
#2328 = DIRECTION ( 'NONE',  ( -0.7071067811865512365, 0.000000000000000000, 0.7071067811865439090 ) ) ;
#2329 = ORIENTED_EDGE ( 'NONE', *, *, #6238, .T. ) ;
#2330 = CARTESIAN_POINT ( 'NONE',  ( 12.94227870587920037, -36.10007460160268522, 27.31370849898443609 ) ) ;
#2331 = CARTESIAN_POINT ( 'NONE',  ( 44.26030390552207194, 21.55228653119554849, 11.66666666666665897 ) ) ;
#2332 = FACE_OUTER_BOUND ( 'NONE', #5148, .T. ) ;
#2333 = ORIENTED_EDGE ( 'NONE', *, *, #5952, .T. ) ;
#2334 = CIRCLE ( 'NONE', #7059, 2.000000000000001776 ) ;
#2335 = CARTESIAN_POINT ( 'NONE',  ( -28.50000000000000000, 0.5237688723248732359, 30.50000000000000355 ) ) ;
#2336 = ORIENTED_EDGE ( 'NONE', *, *, #7165, .F. ) ;
#2337 = EDGE_CURVE ( 'NONE', #2276, #2833, #1658, .T. ) ;
#2338 = CARTESIAN_POINT ( 'NONE',  ( -18.64521915604302293, -5.794424520318418814, 10.09999999999999964 ) ) ;
#2339 = FACE_OUTER_BOUND ( 'NONE', #5137, .T. ) ;
#2340 = ORIENTED_EDGE ( 'NONE', *, *, #7499, .T. ) ;
#2341 = CARTESIAN_POINT ( 'NONE',  ( 6.044999999999995488, -0.6737384941803912231, 0.000000000000000000 ) ) ;
#2342 = ADVANCED_FACE ( 'NONE', ( #5059 ), #3540, .T. ) ;
#2343 = VECTOR ( 'NONE', #7089, 1000.000000000000000 ) ;
#2344 = FACE_OUTER_BOUND ( 'NONE', #4487, .T. ) ;
#2345 = AXIS2_PLACEMENT_3D ( 'NONE', #375, #1900, #2574 ) ;
#2346 = PLANE ( 'NONE',  #6347 ) ;
#2347 = VECTOR ( 'NONE', #1990, 1000.000000000000000 ) ;
#2348 = ORIENTED_EDGE ( 'NONE', *, *, #7518, .T. ) ;
#2349 = B_SPLINE_CURVE_WITH_KNOTS ( 'NONE', 3,
 ( #715, #550, #5521, #3456, #6195 ),
 .UNSPECIFIED., .F., .F.,
 ( 4, 1, 4 ),
 ( 0.000000000000000000, 0.004620433212987741338, 0.006697263122599639816 ),
 .UNSPECIFIED. ) ;
#2350 = CARTESIAN_POINT ( 'NONE',  ( -23.05871649582973504, -37.72807054952242822, 11.99999999999960032 ) ) ;
#2351 = ADVANCED_FACE ( 'NONE', ( #127 ), #213, .T. ) ;
#2352 = AXIS2_PLACEMENT_3D ( 'NONE', #8639, #3070, #6522 ) ;
#2353 = CARTESIAN_POINT ( 'NONE',  ( -11.80224001811209789, -9.116737382349995755, 27.31370849898443609 ) ) ;
#2354 = DIRECTION ( 'NONE',  ( -1.000000000000000000, 0.000000000000000000, 0.000000000000000000 ) ) ;
#2355 = EDGE_CURVE ( 'NONE', #2118, #6931, #3372, .T. ) ;
#2356 = VECTOR ( 'NONE', #3185, 1000.000000000000000 ) ;
#2357 = ORIENTED_EDGE ( 'NONE', *, *, #6198, .F. ) ;
#2358 = CARTESIAN_POINT ( 'NONE',  ( -13.40705325501500056, -41.10007460160269233, 12.00000000000000000 ) ) ;
#2359 = CARTESIAN_POINT ( 'NONE',  ( -31.37300823056317256, -11.13304999270159001, 18.09999999999999787 ) ) ;
#2360 = EDGE_CURVE ( 'NONE', #178, #1710, #884, .T. ) ;
#2361 = ORIENTED_EDGE ( 'NONE', *, *, #8558, .T. ) ;
#2362 = CARTESIAN_POINT ( 'NONE',  ( -23.50000000000000355, -29.00000000000000000, 0.000000000000000000 ) ) ;
#2363 = EDGE_LOOP ( 'NONE', ( #1220, #3238, #400, #786 ) ) ;
#2364 = DIRECTION ( 'NONE',  ( 0.5000000000000051070, 0.8660254037844357100, 0.000000000000000000 ) ) ;
#2365 = CARTESIAN_POINT ( 'NONE',  ( -6.045000000000007923, 25.85859933425700063, 18.09999999999999787 ) ) ;
#2366 = DIRECTION ( 'NONE',  ( 0.8517350830442211862, -0.5239726598894770548, -0.000000000000000000 ) ) ;
#2367 = EDGE_CURVE ( 'NONE', #4609, #1354, #2912, .T. ) ;
#2368 = DIRECTION ( 'NONE',  ( -1.000000000000000000, 0.000000000000000000, -0.000000000000000000 ) ) ;
#2369 = ORIENTED_EDGE ( 'NONE', *, *, #4073, .T. ) ;
#2370 = CARTESIAN_POINT ( 'NONE',  ( -16.51588007168887628, -41.36026572722973782, 12.44045720835350721 ) ) ;
#2371 = ADVANCED_FACE ( 'NONE', ( #4213 ), #8458, .F. ) ;
#2372 = VECTOR ( 'NONE', #6992, 999.9999999999998863 ) ;
#2373 = VECTOR ( 'NONE', #4493, 1000.000000000000114 ) ;
#2374 = ORIENTED_EDGE ( 'NONE', *, *, #5320, .F. ) ;
#2375 = CARTESIAN_POINT ( 'NONE',  ( 38.09807168868122318, -29.44904813688066625, 10.77558145997911332 ) ) ;
#2376 = VERTEX_POINT ( 'NONE', #3712 ) ;
#2377 = LINE ( 'NONE', #7169, #8 ) ;
#2378 = AXIS2_PLACEMENT_3D ( 'NONE', #2160, #4894, #7629 ) ;
#2379 = CARTESIAN_POINT ( 'NONE',  ( 44.29806387481070828, 16.94331007669995159, 11.66666666666666785 ) ) ;
#2380 = CARTESIAN_POINT ( 'NONE',  ( -13.40705325501500056, -38.60007460160269943, 0.000000000000000000 ) ) ;
#2381 = EDGE_LOOP ( 'NONE', ( #4194, #3253, #6009, #1205, #6592, #6551, #7410, #8798 ) ) ;
#2382 = DIRECTION ( 'NONE',  ( -0.000000000000000000, -0.000000000000000000, -1.000000000000000000 ) ) ;
#2383 = ORIENTED_EDGE ( 'NONE', *, *, #5281, .T. ) ;
#2384 = CARTESIAN_POINT ( 'NONE',  ( 0.4363323087061982686, 53.45299461620749781, 0.000000000000000000 ) ) ;
#2385 = CARTESIAN_POINT ( 'NONE',  ( 31.37300823056312638, -11.13304999270155804, 11.59999999999999964 ) ) ;
#2386 = EDGE_CURVE ( 'NONE', #1066, #8065, #8814, .T. ) ;
#2387 = EDGE_LOOP ( 'NONE', ( #5146, #4534 ) ) ;
#2388 = LINE ( 'NONE', #7181, #199 ) ;
#2389 = DIRECTION ( 'NONE',  ( -0.000000000000000000, -0.000000000000000000, -1.000000000000000000 ) ) ;
#2390 = VECTOR ( 'NONE', #2779, 1000.000000000000000 ) ;
#2391 = CARTESIAN_POINT ( 'NONE',  ( -46.63139720754584516, -20.57179677076069524, 11.00000000000000000 ) ) ;
#2392 = ORIENTED_EDGE ( 'NONE', *, *, #5632, .F. ) ;
#2393 = CIRCLE ( 'NONE', #7693, 4.099999999999999645 ) ;
#2394 = EDGE_CURVE ( 'NONE', #3889, #6513, #77, .T. ) ;
#2395 = CARTESIAN_POINT ( 'NONE',  ( -28.50000000000000000, 25.85859933425698642, 16.00000000000000355 ) ) ;
#2396 = DIRECTION ( 'NONE',  ( 0.4999999999999911182, -0.8660254037844438146, 0.000000000000000000 ) ) ;
#2397 = DIRECTION ( 'NONE',  ( -0.000000000000000000, -0.000000000000000000, -1.000000000000000000 ) ) ;
#2398 = ORIENTED_EDGE ( 'NONE', *, *, #5672, .T. ) ;
#2399 = CARTESIAN_POINT ( 'NONE',  ( -37.63139720814406530, -20.68228772876573629, 35.00000000000000000 ) ) ;
#2400 = CARTESIAN_POINT ( 'NONE',  ( -3.605974651467714232, -4.898254318786716688, 10.09999999999999964 ) ) ;
#2401 = CARTESIAN_POINT ( 'NONE',  ( -22.90000000000000213, -114.9999999999999289, 18.40000000000000213 ) ) ;
#2402 = EDGE_CURVE ( 'NONE', #6123, #563, #5018, .T. ) ;
#2403 = VERTEX_POINT ( 'NONE', #8377 ) ;
#2404 = EDGE_CURVE ( 'NONE', #3256, #2758, #255, .T. ) ;
#2405 = FACE_OUTER_BOUND ( 'NONE', #1275, .T. ) ;
#2406 = ORIENTED_EDGE ( 'NONE', *, *, #5008, .F. ) ;
#2407 = CARTESIAN_POINT ( 'NONE',  ( 15.82910387489105553, -34.49732208145494639, 12.00000000000000000 ) ) ;
#2408 = CARTESIAN_POINT ( 'NONE',  ( 8.799647958782101043, 17.88326261765006109, 4.000000000000000000 ) ) ;
#2409 = CARTESIAN_POINT ( 'NONE',  ( -3.571693674697842994E-15, -53.45299461620749071, 0.000000000000000000 ) ) ;
#2410 = MANIFOLD_SOLID_BREP ( '\X2\51f853f0\X0\-\X2\62c94f38\X0\8', #6876 ) ;
#2411 = CARTESIAN_POINT ( 'NONE',  ( 12.19775998193514788, -9.116737382323046646, 6.000000000000000000 ) ) ;
#2412 = ORIENTED_EDGE ( 'NONE', *, *, #723, .T. ) ;
#2413 = DIRECTION ( 'NONE',  ( 1.000000000000000000, 0.000000000000000000, 0.000000000000000000 ) ) ;
#2414 = VERTEX_POINT ( 'NONE', #1488 ) ;
#2415 = DIRECTION ( 'NONE',  ( 0.8660254037844363761, -0.5000000000000039968, 0.000000000000000000 ) ) ;
#2416 = EDGE_LOOP ( 'NONE', ( #5718, #2392, #7599, #3228 ) ) ;
#2417 = CARTESIAN_POINT ( 'NONE',  ( -24.40952427225795418, 25.85859933425698642, 16.49999999999999645 ) ) ;
#2418 = LINE ( 'NONE', #7296, #5531 ) ;
#2419 = PLANE ( 'NONE',  #5913 ) ;
#2420 = VERTEX_POINT ( 'NONE', #7750 ) ;
#2421 = LINE ( 'NONE', #5155, #8606 ) ;
#2422 = ORIENTED_EDGE ( 'NONE', *, *, #5650, .F. ) ;
#2423 = CARTESIAN_POINT ( 'NONE',  ( -41.78289081426766671, -1.653553735563576543, 12.50000000000000000 ) ) ;
#2424 = CARTESIAN_POINT ( 'NONE',  ( 15.73893804951874742, 27.26064035894546222, 4.000000000000000000 ) ) ;
#2425 = ORIENTED_EDGE ( 'NONE', *, *, #1431, .T. ) ;
#2426 = CARTESIAN_POINT ( 'NONE',  ( 2.350388680475189229, 49.76683712641023050, 11.00000000000000000 ) ) ;
#2427 = DIRECTION ( 'NONE',  ( -0.000000000000000000, 1.000000000000000000, -0.000000000000000000 ) ) ;
#2428 = LINE ( 'NONE', #8570, #3626 ) ;
#2429 = ORIENTED_EDGE ( 'NONE', *, *, #5523, .F. ) ;
#2430 = DIRECTION ( 'NONE',  ( 0.000000000000000000, -1.000000000000000000, 0.000000000000000000 ) ) ;
#2431 = CYLINDRICAL_SURFACE ( 'NONE', #8389, 0.5999999999999998668 ) ;
#2432 = FACE_OUTER_BOUND ( 'NONE', #3083, .T. ) ;
#2433 = EDGE_LOOP ( 'NONE', ( #6951, #3572, #3876, #7762, #8644, #88 ) ) ;
#2434 = LINE ( 'NONE', #2621, #6218 ) ;
#2435 = LINE ( 'NONE', #7151, #5546 ) ;
#2436 = B_SPLINE_CURVE_WITH_KNOTS ( 'NONE', 3,
 ( #4809, #7542, #1410, #6734 ),
 .UNSPECIFIED., .F., .F.,
 ( 4, 4 ),
 ( 0.000000000000000000, 0.006107495116546512136 ),
 .UNSPECIFIED. ) ;
#2437 = VERTEX_POINT ( 'NONE', #2190 ) ;
#2438 = CARTESIAN_POINT ( 'NONE',  ( 13.78348506850107746, 28.93535121240287111, 10.09999999999999787 ) ) ;
#2439 = EDGE_LOOP ( 'NONE', ( #5964, #2491, #569, #3865 ) ) ;
#2440 = AXIS2_PLACEMENT_3D ( 'NONE', #7078, #935, #3849 ) ;
#2441 = DIRECTION ( 'NONE',  ( 0.8259346719138377368, -0.5637658359022663657, 0.000000000000000000 ) ) ;
#2442 = ORIENTED_EDGE ( 'NONE', *, *, #1984, .T. ) ;
#2443 = CARTESIAN_POINT ( 'NONE',  ( -2.335312976642909266, 49.56246219786553553, 11.66666666666667318 ) ) ;
#2444 = EDGE_CURVE ( 'NONE', #6334, #4580, #6943, .T. ) ;
#2445 = VECTOR ( 'NONE', #6344, 1000.000000000000227 ) ;
#2446 = DIRECTION ( 'NONE',  ( -0.5000000000000001110, -0.8660254037844387076, 0.000000000000000000 ) ) ;
#2447 = VECTOR ( 'NONE', #2131, 1000.000000000000114 ) ;
#2448 = EDGE_CURVE ( 'NONE', #2620, #6661, #7710, .T. ) ;
#2449 = CARTESIAN_POINT ( 'NONE',  ( 2.116021818282556918E-13, -46.78632794954081930, 23.33333333333333215 ) ) ;
#2450 = CARTESIAN_POINT ( 'NONE',  ( -42.63139720814412925, -30.38675134594814864, 0.000000000000000000 ) ) ;
#2451 = ORIENTED_EDGE ( 'NONE', *, *, #8723, .T. ) ;
#2452 = AXIS2_PLACEMENT_3D ( 'NONE', #7679, #3593, #4313 ) ;
#2453 = FACE_OUTER_BOUND ( 'NONE', #13, .T. ) ;
#2454 = PLANE ( 'NONE',  #8793 ) ;
#2455 = EDGE_CURVE ( 'NONE', #8807, #3096, #6664, .T. ) ;
#2456 = EDGE_LOOP ( 'NONE', ( #5943, #7951, #4400, #6705 ) ) ;
#2457 = CARTESIAN_POINT ( 'NONE',  ( -44.55265964815005475, -18.26937384915831331, 10.77558145997914174 ) ) ;
#2458 = EDGE_LOOP ( 'NONE', ( #3634, #3896, #2869, #1068 ) ) ;
#2459 = DIRECTION ( 'NONE',  ( -0.9330356158564643287, 0.3597840179098404367, -0.000000000000000000 ) ) ;
#2460 = CARTESIAN_POINT ( 'NONE',  ( 37.63139720814431399, -19.63918747329589110, 35.00000000000002842 ) ) ;
#2461 = VECTOR ( 'NONE', #846, 1000.000000000000000 ) ;
#2462 = CIRCLE ( 'NONE', #6170, 0.8000000000000009326 ) ;
#2463 = CARTESIAN_POINT ( 'NONE',  ( 45.66537180435959442, -20.24500185048162493, 4.999999999999996447 ) ) ;
#2464 = EDGE_LOOP ( 'NONE', ( #4435, #8128 ) ) ;
#2465 = LINE ( 'NONE', #7175, #1026 ) ;
#2466 = EDGE_CURVE ( 'NONE', #7214, #3929, #5098, .T. ) ;
#2467 = ORIENTED_EDGE ( 'NONE', *, *, #336, .T. ) ;
#2468 = CARTESIAN_POINT ( 'NONE',  ( -40.36537180435998806, -29.42487113059603843, 4.999999999999996447 ) ) ;
#2469 = CYLINDRICAL_SURFACE ( 'NONE', #5806, 1.999999999999998224 ) ;
#2470 = VERTEX_POINT ( 'NONE', #8631 ) ;
#2471 = CARTESIAN_POINT ( 'NONE',  ( 22.63380415962480541, -37.97339380121217545, 12.00000000000000000 ) ) ;
#2472 = B_SPLINE_CURVE_WITH_KNOTS ( 'NONE', 3,
 ( #407, #8567, #8029, #2471, #3137 ),
 .UNSPECIFIED., .F., .F.,
 ( 4, 1, 4 ),
 ( 0.000000000000000000, 0.005775126337184855775, 0.006697263122599672776 ),
 .UNSPECIFIED. ) ;
#2473 = FACE_OUTER_BOUND ( 'NONE', #6970, .T. ) ;
#2474 = AXIS2_PLACEMENT_3D ( 'NONE', #6790, #690, #3427 ) ;
#2475 = CARTESIAN_POINT ( 'NONE',  ( -29.51135802853535850, 29.34100498938873258, 14.49999999999999467 ) ) ;
#2476 = EDGE_LOOP ( 'NONE', ( #5983, #2831, #8628, #5344, #4360 ) ) ;
#2477 = CARTESIAN_POINT ( 'NONE',  ( -18.29764992882473251, 38.25141955269392469, 0.000000000000000000 ) ) ;
#2478 = EDGE_CURVE ( 'NONE', #7864, #2897, #4475, .T. ) ;
#2479 = EDGE_CURVE ( 'NONE', #3277, #488, #3116, .T. ) ;
#2480 = EDGE_CURVE ( 'NONE', #5512, #2841, #7840, .T. ) ;
#2481 = CARTESIAN_POINT ( 'NONE',  ( -28.50000000000000000, 24.85859933425698642, 35.00000000000000000 ) ) ;
#2482 = CARTESIAN_POINT ( 'NONE',  ( 38.16565829136300891, 28.93535121240287111, 0.000000000000000000 ) ) ;
#2483 = VECTOR ( 'NONE', #6548, 1000.000000000000000 ) ;
#2484 = VERTEX_POINT ( 'NONE', #5811 ) ;
#2485 = FACE_OUTER_BOUND ( 'NONE', #5224, .T. ) ;
#2486 = DIRECTION ( 'NONE',  ( 0.5477729972065670250, 0.8366270038262776376, 0.000000000000000000 ) ) ;
#2487 = ORIENTED_EDGE ( 'NONE', *, *, #2017, .F. ) ;
#2488 = CARTESIAN_POINT ( 'NONE',  ( 46.63139720874254124, -20.57179676868809182, 11.00000000000000000 ) ) ;
#2489 = AXIS2_PLACEMENT_3D ( 'NONE', #3601, #5663, #234 ) ;
#2490 = DIRECTION ( 'NONE',  ( 0.8660254037844385966, 0.5000000000000001110, 0.000000000000000000 ) ) ;
#2491 = ORIENTED_EDGE ( 'NONE', *, *, #3852, .F. ) ;
#2492 = AXIS2_PLACEMENT_3D ( 'NONE', #7989, #1759, #551 ) ;
#2493 = EDGE_CURVE ( 'NONE', #5108, #4130, #2665, .T. ) ;
#2494 = VECTOR ( 'NONE', #1268, 1000.000000000000000 ) ;
#2495 = CYLINDRICAL_SURFACE ( 'NONE', #8242, 0.7999999999999994893 ) ;
#2496 = ORIENTED_EDGE ( 'NONE', *, *, #5376, .T. ) ;
#2497 = CARTESIAN_POINT ( 'NONE',  ( -0.3465733942077803276, 46.67020589906356065, 23.33333333333333215 ) ) ;
#2498 = CARTESIAN_POINT ( 'NONE',  ( -14.17817460259215778, 25.85859933425698642, 4.000000000000003553 ) ) ;
#2499 = CARTESIAN_POINT ( 'NONE',  ( -4.188393289193638402, -48.73282821241448914, 11.66666666666666607 ) ) ;
#2500 = ORIENTED_EDGE ( 'NONE', *, *, #7533, .T. ) ;
#2501 = DIRECTION ( 'NONE',  ( -0.000000000000000000, -0.000000000000000000, -1.000000000000000000 ) ) ;
#2503 = ORIENTED_EDGE ( 'NONE', *, *, #8313, .F. ) ;
#2502 = EDGE_CURVE ( 'NONE', #982, #4020, #6576, .T. ) ;
#2504 = LINE ( 'NONE', #5238, #8496 ) ;
#2505 = CARTESIAN_POINT ( 'NONE',  ( 15.50000000000000000, 17.88326261765006109, 16.00000000000000000 ) ) ;
#2506 = VERTEX_POINT ( 'NONE', #1738 ) ;
#2507 = CARTESIAN_POINT ( 'NONE',  ( -39.29973715471587781, -28.68122733973706673, 10.99999999999999112 ) ) ;
#2508 = ORIENTED_EDGE ( 'NONE', *, *, #4171, .F. ) ;
#2509 = FACE_OUTER_BOUND ( 'NONE', #3452, .T. ) ;
#2510 = CARTESIAN_POINT ( 'NONE',  ( 44.26030390552227090, -21.55228653119528204, 11.66666666666666607 ) ) ;
#2511 = EDGE_CURVE ( 'NONE', #563, #1905, #5473, .T. ) ;
#2512 = LINE ( 'NONE', #7980, #1632 ) ;
#2513 = ORIENTED_EDGE ( 'NONE', *, *, #507, .T. ) ;
#2514 = VECTOR ( 'NONE', #2629, 1000.000000000000000 ) ;
#2515 = ADVANCED_FACE ( 'NONE', ( #8586, #2546 ), #6985, .T. ) ;
#2516 = DIRECTION ( 'NONE',  ( -1.000000000000000000, 0.000000000000000000, 0.000000000000000000 ) ) ;
#2517 = ORIENTED_EDGE ( 'NONE', *, *, #452, .F. ) ;
#2518 = CARTESIAN_POINT ( 'NONE',  ( 1.039581154865874435, 46.41918380948389711, 23.33333333333333215 ) ) ;
#2519 = CYLINDRICAL_SURFACE ( 'NONE', #4674, 1.000000000000000888 ) ;
#2520 = ORIENTED_EDGE ( 'NONE', *, *, #7122, .T. ) ;
#2521 = DIRECTION ( 'NONE',  ( 0.000000000000000000, 0.000000000000000000, 1.000000000000000000 ) ) ;
#2522 = DIRECTION ( 'NONE',  ( -0.3473326303513916136, 0.9377419921775838052, 0.000000000000000000 ) ) ;
#2523 = VECTOR ( 'NONE', #3512, 1000.000000000000000 ) ;
#2524 = DIRECTION ( 'NONE',  ( -0.000000000000000000, 1.000000000000000000, -0.000000000000000000 ) ) ;
#2525 = VERTEX_POINT ( 'NONE', #3259 ) ;
#2526 = CARTESIAN_POINT ( 'NONE',  ( -10.58056156992775421, -14.11673738234993714, 12.00000000000000000 ) ) ;
#2527 = EDGE_CURVE ( 'NONE', #8589, #7853, #6711, .T. ) ;
#2528 = DIRECTION ( 'NONE',  ( 0.000000000000000000, 0.000000000000000000, 1.000000000000000000 ) ) ;
#2529 = VECTOR ( 'NONE', #5133, 999.9999999999998863 ) ;
#2530 = CARTESIAN_POINT ( 'NONE',  ( -34.44772910787709463, 18.24084142499060590, 30.50000000000000355 ) ) ;
#2531 = ORIENTED_EDGE ( 'NONE', *, *, #5214, .F. ) ;
#2532 = CARTESIAN_POINT ( 'NONE',  ( -37.63139720814417899, 19.63918747329617531, 35.00000000000001421 ) ) ;
#2533 = CARTESIAN_POINT ( 'NONE',  ( 27.49999999999998579, 25.85859933425698642, 35.00000000000000000 ) ) ;
#2534 = ORIENTED_EDGE ( 'NONE', *, *, #7499, .F. ) ;
#2535 = CARTESIAN_POINT ( 'NONE',  ( 3.317083844513660118, -41.53787536565310035, 35.00000000000000000 ) ) ;
#2536 = VECTOR ( 'NONE', #8149, 999.9999999999998863 ) ;
#2537 = AXIS2_PLACEMENT_3D ( 'NONE', #8822, #8147, #7473 ) ;
#2538 = AXIS2_PLACEMENT_3D ( 'NONE', #3330, #3971, #2756 ) ;
#2539 = DIRECTION ( 'NONE',  ( -0.4999999999999919509, 0.8660254037844433705, 0.000000000000000000 ) ) ;
#2540 = VERTEX_POINT ( 'NONE', #5368 ) ;
#2541 = DIRECTION ( 'NONE',  ( -0.000000000000000000, 1.000000000000000000, -0.000000000000000000 ) ) ;
#2542 = VECTOR ( 'NONE', #208, 1000.000000000000000 ) ;
#2543 = EDGE_LOOP ( 'NONE', ( #443, #1115, #3544, #8133, #7592, #133, #8608, #5432 ) ) ;
#2544 = CARTESIAN_POINT ( 'NONE',  ( -46.07348509163542616, 27.10437217193521775, 0.000000000000000000 ) ) ;
#2545 = FACE_OUTER_BOUND ( 'NONE', #6118, .T. ) ;
#2546 = FACE_BOUND ( 'NONE', #705, .T. ) ;
#2547 = VERTEX_POINT ( 'NONE', #1913 ) ;
#2548 = B_SPLINE_CURVE_WITH_KNOTS ( 'NONE', 3,
 ( #7102, #8358, #1557, #322, #2350, #240 ),
 .UNSPECIFIED., .F., .F.,
 ( 4, 2, 4 ),
 ( 0.000000000000000000, 0.0005424453012850238539, 0.001084890602570047708 ),
 .UNSPECIFIED. ) ;
#2549 = DIRECTION ( 'NONE',  ( -1.000000000000000000, 0.000000000000000000, 0.000000000000000000 ) ) ;
#2550 = VERTEX_POINT ( 'NONE', #3392 ) ;
#2551 = CARTESIAN_POINT ( 'NONE',  ( 42.95691275196078607, 25.18882062048294301, 0.000000000000000000 ) ) ;
#2552 = VERTEX_POINT ( 'NONE', #4657 ) ;
#2553 = CARTESIAN_POINT ( 'NONE',  ( 40.76537180435956031, -28.73205080756909524, 4.999999999999998224 ) ) ;
#2554 = EDGE_LOOP ( 'NONE', ( #6310, #4984, #4627, #7805 ) ) ;
#2555 = PLANE ( 'NONE',  #1896 ) ;
#2556 = CARTESIAN_POINT ( 'NONE',  ( 20.58784914383630849, -11.88640024522942618, 11.59999999999999964 ) ) ;
#2557 = CARTESIAN_POINT ( 'NONE',  ( -27.49999999999999645, -2.141400665743015352, 16.00000000000000355 ) ) ;
#2558 = ORIENTED_EDGE ( 'NONE', *, *, #5904, .F. ) ;
#2559 = LINE ( 'NONE', #1711, #1606 ) ;
#2560 = ORIENTED_EDGE ( 'NONE', *, *, #3830, .T. ) ;
#2561 = CARTESIAN_POINT ( 'NONE',  ( 45.58703510243379498, 27.83248258690845844, 0.000000000000000000 ) ) ;
#2562 = DIRECTION ( 'NONE',  ( 0.000000000000000000, -1.000000000000000000, 0.000000000000000000 ) ) ;
#2563 = EDGE_LOOP ( 'NONE', ( #7638, #6101, #4277, #97 ) ) ;
#2564 = CARTESIAN_POINT ( 'NONE',  ( 5.499999998803011714, 48.19551468524193893, 11.00000000000000533 ) ) ;
#2565 = ADVANCED_FACE ( 'NONE', ( #3300, #6034 ), #7380, .T. ) ;
#2566 = DIRECTION ( 'NONE',  ( 0.000000000000000000, 0.000000000000000000, -1.000000000000000000 ) ) ;
#2567 = LINE ( 'NONE', #7946, #3915 ) ;
#2569 = VERTEX_POINT ( 'NONE', #8866 ) ;
#2568 = EDGE_CURVE ( 'NONE', #8833, #7298, #609, .T. ) ;
#2570 = CARTESIAN_POINT ( 'NONE',  ( 6.044999999999998153, 32.73634711715676104, 18.09999999999999787 ) ) ;
#2571 = CARTESIAN_POINT ( 'NONE',  ( -16.50000000000000711, -40.04112945399636914, 16.46666666666666856 ) ) ;
#2572 = DIRECTION ( 'NONE',  ( -0.8660254037844432595, -0.4999999999999922284, 1.110223024625156540E-16 ) ) ;
#2573 = ORIENTED_EDGE ( 'NONE', *, *, #3882, .T. ) ;
#2574 = DIRECTION ( 'NONE',  ( -1.000000000000000000, 0.000000000000000000, 0.000000000000000000 ) ) ;
#2575 = ORIENTED_EDGE ( 'NONE', *, *, #3128, .T. ) ;
#2576 = CARTESIAN_POINT ( 'NONE',  ( 1.310119419433825039, -53.39577177537487529, 0.000000000000000000 ) ) ;
#2577 = CYLINDRICAL_SURFACE ( 'NONE', #1765, 2.399999999999999023 ) ;
#2578 = EDGE_LOOP ( 'NONE', ( #2198, #6260, #2289, #5441, #1171 ) ) ;
#2579 = ADVANCED_FACE ( 'NONE', ( #5419 ), #2726, .T. ) ;
#2580 = EDGE_CURVE ( 'NONE', #8385, #8595, #7515, .T. ) ;
#2581 = DIRECTION ( 'NONE',  ( 0.4999999999999999445, 0.8660254037844385966, -0.000000000000000000 ) ) ;
#2582 = VERTEX_POINT ( 'NONE', #1382 ) ;
#2583 = CARTESIAN_POINT ( 'NONE',  ( -2.712160293701758818, 41.88712814055343614, 35.00000000000001421 ) ) ;
#2584 = CARTESIAN_POINT ( 'NONE',  ( -46.03787180435988091, -19.59981292466155622, 10.09999999999999964 ) ) ;
#2585 = DIRECTION ( 'NONE',  ( -0.000000000000000000, -0.000000000000000000, -1.000000000000000000 ) ) ;
#2586 = ORIENTED_EDGE ( 'NONE', *, *, #8338, .T. ) ;
#2587 = DIRECTION ( 'NONE',  ( -8.862911398417140367E-15, -0.2747211278973780701, -0.9615239476408231623 ) ) ;
#2588 = DIRECTION ( 'NONE',  ( 0.000000000000000000, 0.000000000000000000, 1.000000000000000000 ) ) ;
#2589 = EDGE_CURVE ( 'NONE', #2651, #112, #6843, .T. ) ;
#2590 = EDGE_CURVE ( 'NONE', #8509, #1346, #2270, .T. ) ;
#2591 = LINE ( 'NONE', #7337, #1920 ) ;
#2592 = AXIS2_PLACEMENT_3D ( 'NONE', #5689, #7577, #6902 ) ;
#2593 = PLANE ( 'NONE',  #286 ) ;
#2594 = ADVANCED_FACE ( 'NONE', ( #8280 ), #6223, .T. ) ;
#2595 = DIRECTION ( 'NONE',  ( 0.000000000000000000, 0.000000000000000000, -1.000000000000000000 ) ) ;
#2596 = EDGE_LOOP ( 'NONE', ( #6785, #4711 ) ) ;
#2597 = FACE_OUTER_BOUND ( 'NONE', #1140, .T. ) ;
#2598 = CARTESIAN_POINT ( 'NONE',  ( -6.045000000000005258, 25.85859933425698642, 16.00000000000000000 ) ) ;
#2599 = VECTOR ( 'NONE', #5670, 1000.000000000000000 ) ;
#2600 = DIRECTION ( 'NONE',  ( 5.551115123125781470E-17, -1.000000000000000000, 0.000000000000000000 ) ) ;
#2601 = EDGE_LOOP ( 'NONE', ( #7468, #5606, #3994, #4388 ) ) ;
#2602 = CARTESIAN_POINT ( 'NONE',  ( -7.433655339248088190, 47.56461956542157310, 9.528402357329373018 ) ) ;
#2603 = EDGE_CURVE ( 'NONE', #6558, #2582, #7739, .T. ) ;
#2604 = ORIENTED_EDGE ( 'NONE', *, *, #8672, .F. ) ;
#2605 = VECTOR ( 'NONE', #6682, 1000.000000000000000 ) ;
#2606 = DIRECTION ( 'NONE',  ( -1.000000000000000000, 0.000000000000000000, 0.000000000000000000 ) ) ;
#2607 = VERTEX_POINT ( 'NONE', #2943 ) ;
#2608 = CARTESIAN_POINT ( 'NONE',  ( -41.94969910391994716, 2.057525831635000468, 12.50000000000000000 ) ) ;
#2609 = FACE_OUTER_BOUND ( 'NONE', #7456, .T. ) ;
#2610 = AXIS2_PLACEMENT_3D ( 'NONE', #3658, #794, #2856 ) ;
#2611 = FACE_OUTER_BOUND ( 'NONE', #6898, .T. ) ;
#2612 = VERTEX_POINT ( 'NONE', #922 ) ;
#2613 = FACE_OUTER_BOUND ( 'NONE', #2601, .T. ) ;
#2614 = VECTOR ( 'NONE', #3310, 1000.000000000000000 ) ;
#2615 = ADVANCED_FACE ( 'NONE', ( #6269 ), #873, .F. ) ;
#2616 = ORIENTED_EDGE ( 'NONE', *, *, #555, .T. ) ;
#2617 = EDGE_CURVE ( 'NONE', #5899, #1532, #310, .T. ) ;
#2618 = DIRECTION ( 'NONE',  ( -0.000000000000000000, 0.000000000000000000, 1.000000000000000000 ) ) ;
#2619 = DIRECTION ( 'NONE',  ( -0.000000000000000000, -0.000000000000000000, -1.000000000000000000 ) ) ;
#2620 = VERTEX_POINT ( 'NONE', #2818 ) ;
#2621 = CARTESIAN_POINT ( 'NONE',  ( 18.86438724951293366, -17.87152381110634281, 18.09999999999999787 ) ) ;
#2622 = VERTEX_POINT ( 'NONE', #1602 ) ;
#2623 = DIRECTION ( 'NONE',  ( -1.000000000000000000, 0.000000000000000000, 0.000000000000000000 ) ) ;
#2624 = DIRECTION ( 'NONE',  ( 0.8259346719138377368, -0.5637658359022663657, 0.000000000000000000 ) ) ;
#2625 = ORIENTED_EDGE ( 'NONE', *, *, #2047, .F. ) ;
#2626 = ADVANCED_FACE ( 'NONE', ( #4873 ), #5552, .F. ) ;
#2627 = ADVANCED_FACE ( 'NONE', ( #4250 ), #4963, .F. ) ;
#2628 = AXIS2_PLACEMENT_3D ( 'NONE', #6425, #2848, #2172 ) ;
#2629 = DIRECTION ( 'NONE',  ( -0.000000000000000000, -0.000000000000000000, -1.000000000000000000 ) ) ;
#2630 = ORIENTED_EDGE ( 'NONE', *, *, #8148, .T. ) ;
#2631 = CARTESIAN_POINT ( 'NONE',  ( -41.75469484913607943, 26.80367146249298571, 11.66666666666667673 ) ) ;
#2632 = CARTESIAN_POINT ( 'NONE',  ( -15.52378647908693132, 36.64992874329254136, 12.50000000000000000 ) ) ;
#2633 = CARTESIAN_POINT ( 'NONE',  ( -40.79497959841744859, -27.55440429580416151, 11.66666666666665897 ) ) ;
#2634 = VECTOR ( 'NONE', #6913, 1000.000000000000000 ) ;
#2635 = VERTEX_POINT ( 'NONE', #5593 ) ;
#2636 = AXIS2_PLACEMENT_3D ( 'NONE', #8802, #6786, #6206 ) ;
#2637 = DIRECTION ( 'NONE',  ( 1.000000000000000000, -0.000000000000000000, -0.000000000000000000 ) ) ;
#2638 =( NAMED_UNIT ( * ) SI_UNIT ( $, .STERADIAN. ) SOLID_ANGLE_UNIT ( ) );
#2639 = CARTESIAN_POINT ( 'NONE',  ( -41.94969910391994716, 2.057525831635000468, 0.000000000000000000 ) ) ;
#2640 = VECTOR ( 'NONE', #6775, 1000.000000000000000 ) ;
#2641 = ORIENTED_EDGE ( 'NONE', *, *, #235, .T. ) ;
#2642 = B_SPLINE_CURVE_WITH_KNOTS ( 'NONE', 3,
 ( #8510, #5902, #2370, #7844, #1020, #3758, #6490, #344, #3079, #5816 ),
 .UNSPECIFIED., .F., .F.,
 ( 4, 2, 2, 2, 4 ),
 ( 0.000000000000000000, 0.0002455940828402182127, 0.0004911881656804364255, 0.0007367822485206546382, 0.0009823763313608728509 ),
 .UNSPECIFIED. ) ;
#2643 = DIRECTION ( 'NONE',  ( 0.5000000000000079936, -0.8660254037844339337, 0.000000000000000000 ) ) ;
#2644 = ORIENTED_EDGE ( 'NONE', *, *, #2648, .F. ) ;
#2645 = CARTESIAN_POINT ( 'NONE',  ( 14.71171412856897476, 0.000000000000000000, 10.09999999999999964 ) ) ;
#2646 = CARTESIAN_POINT ( 'NONE',  ( -46.29165124598853254, 26.72649730810373825, 0.000000000000000000 ) ) ;
#2647 = EDGE_CURVE ( 'NONE', #6594, #8641, #4660, .T. ) ;
#2648 = EDGE_CURVE ( 'NONE', #2008, #6140, #3571, .T. ) ;
#2649 = EDGE_CURVE ( 'NONE', #2126, #4507, #4919, .T. ) ;
#2650 = CARTESIAN_POINT ( 'NONE',  ( 0.000000000000000000, 0.000000000000000000, 4.000000000000000000 ) ) ;
#2651 = VERTEX_POINT ( 'NONE', #7654 ) ;
#2652 = DIRECTION ( 'NONE',  ( 0.4999999999999919509, -0.8660254037844432595, 0.000000000000000000 ) ) ;
#2653 = ORIENTED_EDGE ( 'NONE', *, *, #5115, .F. ) ;
#2654 = CARTESIAN_POINT ( 'NONE',  ( 7.064297463184811221, 47.53856352073289315, 10.25375682861898774 ) ) ;
#2655 = ORIENTED_EDGE ( 'NONE', *, *, #326, .T. ) ;
#2656 = CARTESIAN_POINT ( 'NONE',  ( 42.80247941427420955, -26.07754871889425630, 10.99999999999998579 ) ) ;
#2657 = CARTESIAN_POINT ( 'NONE',  ( -41.81537180435994827, -26.91339745962117291, 5.000000000000000000 ) ) ;
#2658 = AXIS2_PLACEMENT_3D ( 'NONE', #605, #2093, #6217 ) ;
#2659 = DIRECTION ( 'NONE',  ( -1.000000000000000000, 0.000000000000000000, -0.000000000000000000 ) ) ;
#2660 = EDGE_LOOP ( 'NONE', ( #1972, #864, #2819, #2429 ) ) ;
#2661 = DIRECTION ( 'NONE',  ( 0.000000000000000000, 0.000000000000000000, 1.000000000000000000 ) ) ;
#2662 = EDGE_CURVE ( 'NONE', #1458, #7800, #1519, .T. ) ;
#2663 = ORIENTED_EDGE ( 'NONE', *, *, #8476, .T. ) ;
#2664 = LINE ( 'NONE', #8131, #8687 ) ;
#2665 = CIRCLE ( 'NONE', #6473, 4.099999999999999645 ) ;
#2666 = VECTOR ( 'NONE', #916, 1000.000000000000000 ) ;
#2667 = DIRECTION ( 'NONE',  ( 0.3148441726117346406, 0.9491433753508645710, 0.000000000000000000 ) ) ;
#2668 = CIRCLE ( 'NONE', #3082, 2.000000000000000000 ) ;
#2669 = VERTEX_POINT ( 'NONE', #2225 ) ;
#2670 = CARTESIAN_POINT ( 'NONE',  ( 7.499999999999971578, 50.66987298107782323, 0.000000000000000000 ) ) ;
#2671 = VERTEX_POINT ( 'NONE', #7703 ) ;
#2672 = CARTESIAN_POINT ( 'NONE',  ( -3.022500000000023501, 5.235123565876915741, 18.09999999999999787 ) ) ;
#2673 = AXIS2_PLACEMENT_3D ( 'NONE', #7486, #463, #4175 ) ;
#2674 = ADVANCED_FACE ( 'NONE', ( #1564 ), #4122, .F. ) ;
#2675 = DIRECTION ( 'NONE',  ( 0.000000000000000000, 0.000000000000000000, -1.000000000000000000 ) ) ;
#2676 = ORIENTED_EDGE ( 'NONE', *, *, #4237, .F. ) ;
#2677 = CIRCLE ( 'NONE', #1090, 2.000000000000001776 ) ;
#2678 = VECTOR ( 'NONE', #6653, 1000.000000000000000 ) ;
#2679 = AXIS2_PLACEMENT_3D ( 'NONE', #6934, #1518, #6350 ) ;
#2680 = DIRECTION ( 'NONE',  ( 0.000000000000000000, -1.000000000000000000, 0.000000000000000000 ) ) ;
#2681 = ORIENTED_EDGE ( 'NONE', *, *, #5113, .T. ) ;
#2682 = DIRECTION ( 'NONE',  ( 0.000000000000000000, 0.000000000000000000, 1.000000000000000000 ) ) ;
#2683 = FACE_OUTER_BOUND ( 'NONE', #4156, .T. ) ;
#2684 = AXIS2_PLACEMENT_3D ( 'NONE', #7636, #7590, #3644 ) ;
#2685 = VECTOR ( 'NONE', #5497, 1000.000000000000000 ) ;
#2686 = CARTESIAN_POINT ( 'NONE',  ( -37.85710825642985355, -25.42338403978107664, 23.33333333333331794 ) ) ;
#2687 = EDGE_CURVE ( 'NONE', #6322, #8833, #2761, .T. ) ;
#2688 = EDGE_CURVE ( 'NONE', #6585, #7928, #6759, .T. ) ;
#2689 = ORIENTED_EDGE ( 'NONE', *, *, #2568, .F. ) ;
#2690 = VECTOR ( 'NONE', #930, 1000.000000000000000 ) ;
#2691 = EDGE_CURVE ( 'NONE', #488, #7101, #7472, .T. ) ;
#2692 = VECTOR ( 'NONE', #6266, 1000.000000000000000 ) ;
#2693 = DIRECTION ( 'NONE',  ( 0.000000000000000000, 0.000000000000000000, -1.000000000000000000 ) ) ;
#2694 = DIRECTION ( 'NONE',  ( 0.000000000000000000, 0.000000000000000000, -1.000000000000000000 ) ) ;
#2695 = ORIENTED_EDGE ( 'NONE', *, *, #6172, .F. ) ;
#2696 = PLANE ( 'NONE',  #3246 ) ;
#2697 = ORIENTED_EDGE ( 'NONE', *, *, #3728, .F. ) ;
#2698 = CARTESIAN_POINT ( 'NONE',  ( -1.539404224365323359E-13, 34.23634711715673262, 10.09999999999999964 ) ) ;
#2699 = LINE ( 'NONE', #2783, #4243 ) ;
#2700 = CARTESIAN_POINT ( 'NONE',  ( -10.58056156992775421, -14.11673738234993714, 16.00000000000000000 ) ) ;
#2701 = ORIENTED_EDGE ( 'NONE', *, *, #449, .T. ) ;
#2702 = DIRECTION ( 'NONE',  ( 0.000000000000000000, 0.000000000000000000, -1.000000000000000000 ) ) ;
#2703 = ORIENTED_EDGE ( 'NONE', *, *, #6622, .T. ) ;
#2704 = LINE ( 'NONE', #713, #7243 ) ;
#2705 = VERTEX_POINT ( 'NONE', #7520 ) ;
#2706 = CARTESIAN_POINT ( 'NONE',  ( 39.29973715631685138, -28.68122733881265418, 11.00000000000000000 ) ) ;
#2707 = DIRECTION ( 'NONE',  ( -0.8660254037844432595, -0.4999999999999922284, 1.110223024625156540E-16 ) ) ;
#2708 = CARTESIAN_POINT ( 'NONE',  ( -44.44970123973293141, -21.63678716474973385, 11.00000000000000178 ) ) ;
#2709 = DIRECTION ( 'NONE',  ( 0.2379154757154462174, 0.1373605639486847330, 0.9615239476408230512 ) ) ;
#2710 = ORIENTED_EDGE ( 'NONE', *, *, #5177, .T. ) ;
#2711 = CARTESIAN_POINT ( 'NONE',  ( -9.859227261804676345, 33.37949395435406075, 11.50000000000004974 ) ) ;
#2712 = VERTEX_POINT ( 'NONE', #2776 ) ;
#2713 = DIRECTION ( 'NONE',  ( 0.000000000000000000, 0.000000000000000000, -1.000000000000000000 ) ) ;
#2714 = DIRECTION ( 'NONE',  ( -1.000000000000000000, -0.000000000000000000, -0.000000000000000000 ) ) ;
#2715 = EDGE_LOOP ( 'NONE', ( #8867, #722, #642, #5579 ) ) ;
#2716 = CARTESIAN_POINT ( 'NONE',  ( -12.80224001810234746, 14.88326261767710967, 4.000000000000000000 ) ) ;
#2717 = ORIENTED_EDGE ( 'NONE', *, *, #7872, .T. ) ;
#2718 = DIRECTION ( 'NONE',  ( 1.000000000000000000, 0.000000000000000000, 0.000000000000000000 ) ) ;
#2719 = LINE ( 'NONE', #3291, #8204 ) ;
#2720 = EDGE_LOOP ( 'NONE', ( #258, #4701, #3110, #2284, #2938, #6996, #7463, #1799, #4269 ) ) ;
#2721 = ORIENTED_EDGE ( 'NONE', *, *, #7120, .F. ) ;
#2722 = DIRECTION ( 'NONE',  ( 0.000000000000000000, 0.000000000000000000, -1.000000000000000000 ) ) ;
#2723 = ORIENTED_EDGE ( 'NONE', *, *, #7024, .T. ) ;
#2724 = CYLINDRICAL_SURFACE ( 'NONE', #6120, 1.000000000018832935 ) ;
#2725 = FACE_OUTER_BOUND ( 'NONE', #1620, .T. ) ;
#2726 = PLANE ( 'NONE',  #1892 ) ;
#2727 = ORIENTED_EDGE ( 'NONE', *, *, #6983, .F. ) ;
#2728 = EDGE_CURVE ( 'NONE', #6488, #4564, #8194, .T. ) ;
#2729 = DIRECTION ( 'NONE',  ( -1.000000000000000000, 0.000000000000000000, 0.000000000000000000 ) ) ;
#2730 = DIRECTION ( 'NONE',  ( 0.000000000000000000, 0.000000000000000000, 1.000000000000000000 ) ) ;
#2731 = DIRECTION ( 'NONE',  ( 0.5000000000000039968, 0.8660254037844363761, 0.000000000000000000 ) ) ;
#2732 = EDGE_CURVE ( 'NONE', #2088, #8190, #4028, .T. ) ;
#2733 = FACE_OUTER_BOUND ( 'NONE', #1365, .T. ) ;
#2734 = EDGE_LOOP ( 'NONE', ( #6567, #4934, #8157, #2534, #1846, #5584 ) ) ;
#2735 = CARTESIAN_POINT ( 'NONE',  ( -9.859227261804676345, 33.37949395435406075, 12.50000000000000000 ) ) ;
#2736 = DIRECTION ( 'NONE',  ( 0.000000000000000000, 0.000000000000000000, -1.000000000000000000 ) ) ;
#2737 = DIRECTION ( 'NONE',  ( -1.000000000000000000, 0.000000000000000000, 0.000000000000000000 ) ) ;
#2738 = ORIENTED_EDGE ( 'NONE', *, *, #1712, .T. ) ;
#2739 = CIRCLE ( 'NONE', #4597, 1.999999999999998224 ) ;
#2740 = EDGE_CURVE ( 'NONE', #4949, #2420, #659, .T. ) ;
#2741 = LINE ( 'NONE', #625, #6333 ) ;
#2742 = ORIENTED_EDGE ( 'NONE', *, *, #2749, .F. ) ;
#2743 = CARTESIAN_POINT ( 'NONE',  ( 5.982680920141633329, 47.93093251638511987, 10.95728046632178376 ) ) ;
#2744 = ORIENTED_EDGE ( 'NONE', *, *, #1742, .F. ) ;
#2745 = DIRECTION ( 'NONE',  ( 0.5000000000000002220, 0.8660254037844384856, -0.000000000000000000 ) ) ;
#2746 = CARTESIAN_POINT ( 'NONE',  ( 37.63139720814386635, 21.72649730810419300, 35.00000000000000000 ) ) ;
#2747 = VECTOR ( 'NONE', #2637, 1000.000000000000000 ) ;
#2748 = CARTESIAN_POINT ( 'NONE',  ( -4.877599221619481007, 48.55485794149267775, 11.00000000000000000 ) ) ;
#2749 = EDGE_CURVE ( 'NONE', #7018, #1532, #3350, .T. ) ;
#2750 = LINE ( 'NONE', #4048, #4489 ) ;
#2751 = EDGE_CURVE ( 'NONE', #5108, #3578, #5508, .T. ) ;
#2752 = ORIENTED_EDGE ( 'NONE', *, *, #1714, .F. ) ;
#2753 = LINE ( 'NONE', #1364, #3597 ) ;
#2754 = VECTOR ( 'NONE', #3091, 1000.000000000000000 ) ;
#2755 = ORIENTED_EDGE ( 'NONE', *, *, #6189, .F. ) ;
#2756 = DIRECTION ( 'NONE',  ( 1.000000000000000000, 0.000000000000000000, 0.000000000000000000 ) ) ;
#2757 = CARTESIAN_POINT ( 'NONE',  ( 37.47114317029968333, -16.43782217350915076, 4.999999999999996447 ) ) ;
#2758 = VERTEX_POINT ( 'NONE', #5460 ) ;
#2759 = CARTESIAN_POINT ( 'NONE',  ( 17.14963164645766369, -29.00000000000000000, 45.78333789394355335 ) ) ;
#2760 = PLANE ( 'NONE',  #4744 ) ;
#2761 = CIRCLE ( 'NONE', #8612, 1.999999999999998224 ) ;
#2762 = VECTOR ( 'NONE', #8693, 1000.000000000000000 ) ;
#2763 = EDGE_CURVE ( 'NONE', #6140, #4619, #7569, .T. ) ;
#2764 = DIRECTION ( 'NONE',  ( 0.000000000000000000, 0.000000000000000000, -1.000000000000000000 ) ) ;
#2765 = ORIENTED_EDGE ( 'NONE', *, *, #1134, .F. ) ;
#2766 = ORIENTED_EDGE ( 'NONE', *, *, #7391, .T. ) ;
#2767 = ADVANCED_FACE ( 'NONE', ( #8284 ), #4158, .F. ) ;
#2768 = DIRECTION ( 'NONE',  ( -1.000000000000000000, 0.000000000000000000, 0.000000000000000000 ) ) ;
#2769 = ORIENTED_EDGE ( 'NONE', *, *, #3003, .T. ) ;
#2770 = CARTESIAN_POINT ( 'NONE',  ( -22.90000000000000213, -37.81970556111442505, 12.00000000000000711 ) ) ;
#2771 = DIRECTION ( 'NONE',  ( 0.000000000000000000, 0.000000000000000000, -1.000000000000000000 ) ) ;
#2772 = CARTESIAN_POINT ( 'NONE',  ( -36.82236888802422925, -29.89159361570202478, 11.66666666666666430 ) ) ;
#2773 = EDGE_CURVE ( 'NONE', #1469, #1899, #2185, .T. ) ;
#2774 = ORIENTED_EDGE ( 'NONE', *, *, #5299, .F. ) ;
#2775 = VECTOR ( 'NONE', #3827, 1000.000000000000000 ) ;
#2776 = CARTESIAN_POINT ( 'NONE',  ( -11.15192553872102010, -13.41873196626567655, 10.10000000000000497 ) ) ;
#2777 = CARTESIAN_POINT ( 'NONE',  ( -8.602240018065977267, 14.88326261767710967, 4.000000000000000000 ) ) ;
#2778 = CARTESIAN_POINT ( 'NONE',  ( 37.32970327118531628, 21.90068038382008808, 35.00000000000000000 ) ) ;
#2779 = DIRECTION ( 'NONE',  ( -0.000000000000000000, 1.000000000000000000, 0.000000000000000000 ) ) ;
#2780 = AXIS2_PLACEMENT_3D ( 'NONE', #4037, #7345, #2737 ) ;
#2781 = ORIENTED_EDGE ( 'NONE', *, *, #6693, .T. ) ;
#2782 = CARTESIAN_POINT ( 'NONE',  ( -43.43503632450040186, 5.224486752532991218, 12.50000000000000000 ) ) ;
#2783 = CARTESIAN_POINT ( 'NONE',  ( 8.580561569927754206, -12.11673738234993714, 16.00000000000000355 ) ) ;
#2784 = ADVANCED_FACE ( 'NONE', ( #6890 ), #748, .F. ) ;
#2785 = CARTESIAN_POINT ( 'NONE',  ( -23.50000000000000355, -35.36184298656430514, 18.40000000000000213 ) ) ;
#2786 = ORIENTED_EDGE ( 'NONE', *, *, #2868, .F. ) ;
#2787 = CIRCLE ( 'NONE', #5363, 3.999999999999996447 ) ;
#2788 = CARTESIAN_POINT ( 'NONE',  ( -7.487132422078075500, 47.62107426919923370, 9.263698235655876800 ) ) ;
#2789 = ORIENTED_EDGE ( 'NONE', *, *, #3675, .F. ) ;
#2790 = ADVANCED_FACE ( 'NONE', ( #4742 ), #1341, .F. ) ;
#2791 = LINE ( 'NONE', #4850, #8821 ) ;
#2792 = ORIENTED_EDGE ( 'NONE', *, *, #667, .T. ) ;
#2793 = DIRECTION ( 'NONE',  ( -0.3148441726117346406, -0.9491433753508645710, 0.000000000000000000 ) ) ;
#2794 = DIRECTION ( 'NONE',  ( -1.000000000000000000, 0.000000000000000000, 0.000000000000000000 ) ) ;
#2795 = EDGE_CURVE ( 'NONE', #8236, #4325, #1479, .T. ) ;
#2796 = DIRECTION ( 'NONE',  ( -1.000000000000000000, 0.000000000000000000, 0.000000000000000000 ) ) ;
#2797 = EDGE_CURVE ( 'NONE', #1045, #4118, #4908, .T. ) ;
#2798 = DIRECTION ( 'NONE',  ( -1.000000000000000000, 0.000000000000000000, 0.000000000000000000 ) ) ;
#2799 = ORIENTED_EDGE ( 'NONE', *, *, #3625, .T. ) ;
#2800 = CARTESIAN_POINT ( 'NONE',  ( -14.05408703669056791, 26.11378369362475027, 12.50000000000000000 ) ) ;
#2801 = ORIENTED_EDGE ( 'NONE', *, *, #39, .F. ) ;
#2802 = DIRECTION ( 'NONE',  ( 0.000000000000000000, 1.000000000000000000, -0.000000000000000000 ) ) ;
#2803 = CARTESIAN_POINT ( 'NONE',  ( -28.50000000000000000, 0.5237688723248732359, 30.50000000000000355 ) ) ;
#2804 = EDGE_LOOP ( 'NONE', ( #1331, #1850, #2625, #4569 ) ) ;
#2805 = CARTESIAN_POINT ( 'NONE',  ( -6.045000000000005258, 32.73634711715670420, 18.09999999999999787 ) ) ;
#2806 = DIRECTION ( 'NONE',  ( -0.3670673799489801437, 0.9301943552706558593, 0.000000000000000000 ) ) ;
#2807 = EDGE_CURVE ( 'NONE', #5694, #4421, #6938, .T. ) ;
#2808 = CARTESIAN_POINT ( 'NONE',  ( -18.29764992882473251, 38.25141955269392469, 0.000000000000000000 ) ) ;
#2809 = ORIENTED_EDGE ( 'NONE', *, *, #6967, .T. ) ;
#2810 = CARTESIAN_POINT ( 'NONE',  ( -14.17817460259215778, 0.000000000000000000, 16.00000000000000355 ) ) ;
#2811 = ORIENTED_EDGE ( 'NONE', *, *, #5817, .T. ) ;
#2812 = COLOUR_RGB ( '',0.7921568627450980005, 0.8196078431372548767, 0.9333333333333333481 ) ;
#2813 = AXIS2_PLACEMENT_3D ( 'NONE', #2303, #1640, #2396 ) ;
#2814 = LINE ( 'NONE', #113, #6804 ) ;
#2815 = VERTEX_POINT ( 'NONE', #2860 ) ;
#2816 = LINE ( 'NONE', #3432, #6547 ) ;
#2817 = CARTESIAN_POINT ( 'NONE',  ( 0.000000000000000000, 50.66987298107782323, 11.00000000000000000 ) ) ;
#2818 = CARTESIAN_POINT ( 'NONE',  ( 16.55277938900914947, -28.63282683651050320, 0.000000000000000000 ) ) ;
#2819 = ORIENTED_EDGE ( 'NONE', *, *, #2220, .F. ) ;
#2820 = DIRECTION ( 'NONE',  ( 0.000000000000000000, 1.000000000000000000, 0.000000000000000000 ) ) ;
#2821 = DIRECTION ( 'NONE',  ( 1.000000000000000000, 0.000000000000000000, 0.000000000000000000 ) ) ;
#2822 = DIRECTION ( 'NONE',  ( -0.000000000000000000, -0.000000000000000000, -1.000000000000000000 ) ) ;
#2823 = VECTOR ( 'NONE', #6002, 1000.000000000000000 ) ;
#2824 = DIRECTION ( 'NONE',  ( 1.196361017915039486E-16, -1.000000000000000000, 0.000000000000000000 ) ) ;
#2825 = EDGE_LOOP ( 'NONE', ( #6746, #327 ) ) ;
#2826 = CARTESIAN_POINT ( 'NONE',  ( 6.486868131917745291E-15, 18.38326261767710790, 0.000000000000000000 ) ) ;
#2827 = CARTESIAN_POINT ( 'NONE',  ( 23.50000000000000711, -37.27534673587847180, 12.59999999999999964 ) ) ;
#2828 = AXIS2_PLACEMENT_3D ( 'NONE', #3855, #3039, #7339 ) ;
#2829 = VECTOR ( 'NONE', #776, 999.9999999999998863 ) ;
#2830 = CARTESIAN_POINT ( 'NONE',  ( -23.09411046311704752, 37.94370621080066996, 12.50000000000000000 ) ) ;
#2831 = ORIENTED_EDGE ( 'NONE', *, *, #6749, .F. ) ;
#2832 = LINE ( 'NONE', #7667, #8764 ) ;
#2833 = VERTEX_POINT ( 'NONE', #5595 ) ;
#2834 = DIRECTION ( 'NONE',  ( 0.000000000000000000, 0.000000000000000000, -1.000000000000000000 ) ) ;
#2835 = ORIENTED_EDGE ( 'NONE', *, *, #6132, .T. ) ;
#2836 = DIRECTION ( 'NONE',  ( 0.000000000000000000, 0.000000000000000000, -1.000000000000000000 ) ) ;
#2837 = CYLINDRICAL_SURFACE ( 'NONE', #2378, 2.400000000000000355 ) ;
#2838 = CARTESIAN_POINT ( 'NONE',  ( 14.66760724610477418, 37.94555364585769297, 0.000000000000000000 ) ) ;
#2839 = ORIENTED_EDGE ( 'NONE', *, *, #3944, .T. ) ;
#2840 = DIRECTION ( 'NONE',  ( 1.000000000000000000, 0.000000000000000000, 0.000000000000000000 ) ) ;
#2841 = VERTEX_POINT ( 'NONE', #7430 ) ;
#2842 = ADVANCED_FACE ( 'NONE', ( #2907, #5636 ), #1694, .T. ) ;
#2843 = DIRECTION ( 'NONE',  ( 0.8660254037844432595, 0.4999999999999919509, -0.000000000000000000 ) ) ;
#2844 = CARTESIAN_POINT ( 'NONE',  ( -20.02970073639360749, 39.25141955269392469, 12.50000000000000000 ) ) ;
#2845 = ORIENTED_EDGE ( 'NONE', *, *, #5632, .T. ) ;
#2846 = CARTESIAN_POINT ( 'NONE',  ( 11.19775998191631494, -9.116737382323046646, 4.000000000000000000 ) ) ;
#2847 = DIRECTION ( 'NONE',  ( -0.9301943552706558593, -0.3670673799489801437, 0.000000000000000000 ) ) ;
#2848 = DIRECTION ( 'NONE',  ( -0.5000000000000041078, -0.8660254037844362651, 0.000000000000000000 ) ) ;
#2849 = ORIENTED_EDGE ( 'NONE', *, *, #3594, .T. ) ;
#2850 = DIRECTION ( 'NONE',  ( -0.000000000000000000, -0.000000000000000000, 1.000000000000000000 ) ) ;
#2851 = VERTEX_POINT ( 'NONE', #7835 ) ;
#2852 = DIRECTION ( 'NONE',  ( 0.8660254037844363761, -0.5000000000000041078, -0.000000000000000000 ) ) ;
#2853 = EDGE_LOOP ( 'NONE', ( #3725, #5242, #4369, #2980, #7627, #727 ) ) ;
#2854 = DIRECTION ( 'NONE',  ( -1.000000000000000000, 0.000000000000000000, 0.000000000000000000 ) ) ;
#2855 = CARTESIAN_POINT ( 'NONE',  ( 24.90938724951298511, -7.401276679352508658, 11.59999999999999964 ) ) ;
#2856 = DIRECTION ( 'NONE',  ( 1.000000000000000000, 0.000000000000000000, -0.000000000000000000 ) ) ;
#2857 = ORIENTED_EDGE ( 'NONE', *, *, #4097, .F. ) ;
#2858 = ADVANCED_FACE ( 'NONE', ( #7741 ), #8371, .T. ) ;
#2859 = EDGE_CURVE ( 'NONE', #5714, #688, #5759, .T. ) ;
#2860 = CARTESIAN_POINT ( 'NONE',  ( -36.58311253580275491, 21.01390591497600369, 5.000000000000000888 ) ) ;
#2861 = CARTESIAN_POINT ( 'NONE',  ( 37.21199197462374997, 25.81764282717395886, 23.33333333333333570 ) ) ;
#2862 = DIRECTION ( 'NONE',  ( 1.000000000000000000, 0.000000000000000000, -0.000000000000000000 ) ) ;
#2863 = ORIENTED_EDGE ( 'NONE', *, *, #2922, .T. ) ;
#2864 = DIRECTION ( 'NONE',  ( -1.000000000000000000, 0.000000000000000000, 0.000000000000000000 ) ) ;
#2865 = CARTESIAN_POINT ( 'NONE',  ( -43.15162177596626947, 2.845554923540059455, 12.50000000000000000 ) ) ;
#2866 = EDGE_CURVE ( 'NONE', #5628, #297, #6357, .T. ) ;
#2867 = LINE ( 'NONE', #2113, #3449 ) ;
#2868 = EDGE_CURVE ( 'NONE', #791, #8554, #4922, .T. ) ;
#2869 = ORIENTED_EDGE ( 'NONE', *, *, #8585, .F. ) ;
#2870 = CARTESIAN_POINT ( 'NONE',  ( -37.69849154042497474, -29.81699874575795306, 10.35955570823783134 ) ) ;
#2871 = EDGE_CURVE ( 'NONE', #6052, #1630, #4296, .T. ) ;
#2872 = ORIENTED_EDGE ( 'NONE', *, *, #7744, .F. ) ;
#2873 = CARTESIAN_POINT ( 'NONE',  ( 13.59587200499385595, 14.88326261765000780, 27.31370849898443609 ) ) ;
#2874 = EDGE_LOOP ( 'NONE', ( #2212, #1259, #2222 ) ) ;
#2875 = CARTESIAN_POINT ( 'NONE',  ( -16.50000000000000355, -39.40329487089164218, 18.40000000000000213 ) ) ;
#2876 = DIRECTION ( 'NONE',  ( 0.8660254037844434816, 0.4999999999999915623, 0.000000000000000000 ) ) ;
#2877 = B_SPLINE_CURVE_WITH_KNOTS ( 'NONE', 3,
 ( #436, #486, #4438, #3170, #8642, #5860, #5906, #2507, #5774 ),
 .UNSPECIFIED., .F., .F.,
 ( 4, 1, 1, 1, 2, 4 ),
 ( 0.000000000000000000, 0.001207020541124680059, 0.002414041082249360117, 0.003621061623374040826, 0.004828082164498720234, 0.005891907964721624681 ),
 .UNSPECIFIED. ) ;
#2878 = EDGE_CURVE ( 'NONE', #2525, #6426, #5234, .T. ) ;
#2879 = DIRECTION ( 'NONE',  ( -1.000000000000000000, 0.000000000000000000, -0.000000000000000000 ) ) ;
#2880 = ORIENTED_EDGE ( 'NONE', *, *, #2687, .F. ) ;
#2881 = CARTESIAN_POINT ( 'NONE',  ( 23.61034914383633776, -6.651276679352501553, 11.59999999999999964 ) ) ;
#2882 = ADVANCED_FACE ( 'NONE', ( #5807 ), #1522, .F. ) ;
#2883 = AXIS2_PLACEMENT_3D ( 'NONE', #4878, #1003, #7611 ) ;
#2884 = ORIENTED_EDGE ( 'NONE', *, *, #4189, .T. ) ;
#2885 = CARTESIAN_POINT ( 'NONE',  ( 37.63139720814386635, 21.72649730810419300, 35.00000000000000000 ) ) ;
#2886 = VECTOR ( 'NONE', #4845, 1000.000000000000114 ) ;
#2887 = DIRECTION ( 'NONE',  ( -0.9956357877358185116, -0.09332404931032582673, 0.000000000000000000 ) ) ;
#2888 = CIRCLE ( 'NONE', #588, 3.200000000018833557 ) ;
#2889 = VERTEX_POINT ( 'NONE', #207 ) ;
#2890 = DIRECTION ( 'NONE',  ( 0.000000000000000000, 1.000000000000000000, 0.000000000000000000 ) ) ;
#2891 = DIRECTION ( 'NONE',  ( -1.000000000000000000, 0.000000000000000000, 0.000000000000000000 ) ) ;
#2892 = FACE_OUTER_BOUND ( 'NONE', #6093, .T. ) ;
#2893 = ADVANCED_FACE ( 'NONE', ( #8541 ), #6436, .T. ) ;
#2894 = ORIENTED_EDGE ( 'NONE', *, *, #3558, .T. ) ;
#2895 = CIRCLE ( 'NONE', #165, 2.400000000000000355 ) ;
#2896 = CARTESIAN_POINT ( 'NONE',  ( 8.799647958782081503, 17.00200250841832172, 25.05096679924108116 ) ) ;
#2897 = VERTEX_POINT ( 'NONE', #3619 ) ;
#2898 = CARTESIAN_POINT ( 'NONE',  ( 6.044999999999999041, 4.336808689942017736E-16, 18.09999999999999787 ) ) ;
#2899 = ORIENTED_EDGE ( 'NONE', *, *, #1589, .F. ) ;
#2900 = CARTESIAN_POINT ( 'NONE',  ( -47.63139720814416478, 10.85992115641602318, 0.000000000000000000 ) ) ;
#2901 = AXIS2_PLACEMENT_3D ( 'NONE', #269, #4945, #2840 ) ;
#2902 = DIRECTION ( 'NONE',  ( -0.000000000000000000, -0.000000000000000000, -1.000000000000000000 ) ) ;
#2903 = DIRECTION ( 'NONE',  ( 0.000000000000000000, 0.000000000000000000, -1.000000000000000000 ) ) ;
#2904 = EDGE_CURVE ( 'NONE', #2264, #7615, #6516, .T. ) ;
#2905 = ORIENTED_EDGE ( 'NONE', *, *, #3659, .T. ) ;
#2906 = ADVANCED_FACE ( 'NONE', ( #334 ), #971, .T. ) ;
#2907 = FACE_BOUND ( 'NONE', #2825, .T. ) ;
#2908 = CARTESIAN_POINT ( 'NONE',  ( -37.63139720814402978, -21.72649730810393010, 35.00000000000000000 ) ) ;
#2909 = DIRECTION ( 'NONE',  ( -1.000000000000000000, -5.204170427930421283E-15, 0.000000000000000000 ) ) ;
#2910 = EDGE_LOOP ( 'NONE', ( #2727, #3405, #1815, #8773 ) ) ;
#2911 = CARTESIAN_POINT ( 'NONE',  ( -6.458625426390474544, 39.83151536678312965, 4.000000000000000000 ) ) ;
#2912 = LINE ( 'NONE', #4301, #656 ) ;
#2913 = DIRECTION ( 'NONE',  ( -0.000000000000000000, -0.000000000000000000, -1.000000000000000000 ) ) ;
#2914 = ORIENTED_EDGE ( 'NONE', *, *, #988, .T. ) ;
#2915 = CARTESIAN_POINT ( 'NONE',  ( 16.55277938900914947, -28.63282683651050320, 45.78333789394355335 ) ) ;
#2916 = VECTOR ( 'NONE', #4105, 1000.000000000000000 ) ;
#2917 = ORIENTED_EDGE ( 'NONE', *, *, #4556, .F. ) ;
#2918 = LINE ( 'NONE', #895, #528 ) ;
#2919 = ORIENTED_EDGE ( 'NONE', *, *, #4078, .F. ) ;
#2920 = CARTESIAN_POINT ( 'NONE',  ( 44.27453955771137828, -22.84792225714609515, 11.00000000000001066 ) ) ;
#2921 = CARTESIAN_POINT ( 'NONE',  ( 44.29806387481083618, -10.16519341222878836, 11.66666666666666252 ) ) ;
#2922 = EDGE_CURVE ( 'NONE', #3165, #8385, #3515, .T. ) ;
#2923 = VECTOR ( 'NONE', #5734, 1000.000000000000114 ) ;
#2924 = FACE_BOUND ( 'NONE', #2327, .T. ) ;
#2925 = VERTEX_POINT ( 'NONE', #878 ) ;
#2926 = PLANE ( 'NONE',  #2180 ) ;
#2927 = VECTOR ( 'NONE', #55, 1000.000000000000000 ) ;
#2928 = ORIENTED_EDGE ( 'NONE', *, *, #6601, .T. ) ;
#2929 = DIRECTION ( 'NONE',  ( 0.000000000000000000, -0.000000000000000000, 1.000000000000000000 ) ) ;
#2930 = DIRECTION ( 'NONE',  ( -1.000000000000000000, 0.000000000000000000, -0.000000000000000000 ) ) ;
#2931 = CIRCLE ( 'NONE', #1360, 4.099999999999999645 ) ;
#2932 = ORIENTED_EDGE ( 'NONE', *, *, #2048, .F. ) ;
#2933 = LINE ( 'NONE', #2341, #3493 ) ;
#2934 = DIRECTION ( 'NONE',  ( 0.000000000000000000, -1.000000000000000000, 0.000000000000000000 ) ) ;
#2935 = FACE_OUTER_BOUND ( 'NONE', #5020, .T. ) ;
#2936 = EDGE_LOOP ( 'NONE', ( #2425, #7809, #4590, #8619 ) ) ;
#2937 = LINE ( 'NONE', #830, #2599 ) ;
#2938 = ORIENTED_EDGE ( 'NONE', *, *, #2922, .F. ) ;
#2939 = FACE_OUTER_BOUND ( 'NONE', #1766, .T. ) ;
#2940 = EDGE_LOOP ( 'NONE', ( #5389, #1403, #870, #6915, #5409 ) ) ;
#2941 = CARTESIAN_POINT ( 'NONE',  ( -37.63139720814402978, -21.72649730810391233, 35.00000000000000000 ) ) ;
#2942 = DIRECTION ( 'NONE',  ( -1.000000000000000000, 0.000000000000000000, 0.000000000000000000 ) ) ;
#2943 = CARTESIAN_POINT ( 'NONE',  ( -17.56534914383627921, -17.12152381110634636, 10.09999999999999964 ) ) ;
#2944 = CIRCLE ( 'NONE', #1939, 0.7999999999999999334 ) ;
#2945 = DIRECTION ( 'NONE',  ( 0.000000000000000000, 0.000000000000000000, -1.000000000000000000 ) ) ;
#2946 = DIRECTION ( 'NONE',  ( -0.000000000000000000, -0.000000000000000000, 1.000000000000000000 ) ) ;
#2947 = EDGE_CURVE ( 'NONE', #8087, #1325, #939, .T. ) ;
#2948 = CARTESIAN_POINT ( 'NONE',  ( -29.51135802853535850, 29.34100498938873258, 12.50000000000000000 ) ) ;
#2949 = ORIENTED_EDGE ( 'NONE', *, *, #3496, .T. ) ;
#2950 = PLANE ( 'NONE',  #887 ) ;
#2951 = ADVANCED_FACE ( 'NONE', ( #7023 ), #1567, .F. ) ;
#2952 = DIRECTION ( 'NONE',  ( 0.5000000000000039968, 0.8660254037844363761, -0.000000000000000000 ) ) ;
#2953 = ORIENTED_EDGE ( 'NONE', *, *, #768, .T. ) ;
#2954 = VECTOR ( 'NONE', #7756, 1000.000000000000000 ) ;
#2955 = CARTESIAN_POINT ( 'NONE',  ( -37.47534119537381514, -30.22004414947722495, 9.528402357329303740 ) ) ;
#2956 = ORIENTED_EDGE ( 'NONE', *, *, #8547, .T. ) ;
#2957 = CARTESIAN_POINT ( 'NONE',  ( 37.52247109966910443, -30.32386282651638609, 9.131241383851088855 ) ) ;
#2958 = ORIENTED_EDGE ( 'NONE', *, *, #4045, .F. ) ;
#2959 = DIRECTION ( 'NONE',  ( -0.000000000000000000, -0.000000000000000000, -1.000000000000000000 ) ) ;
#2960 = CARTESIAN_POINT ( 'NONE',  ( 47.63139720814412925, -22.16060927159026051, 0.000000000000000000 ) ) ;
#2961 = AXIS2_PLACEMENT_3D ( 'NONE', #102, #6962, #5739 ) ;
#2962 = DIRECTION ( 'NONE',  ( 0.000000000000000000, 0.000000000000000000, 1.000000000000000000 ) ) ;
#2963 = VERTEX_POINT ( 'NONE', #1648 ) ;
#2964 = ADVANCED_FACE ( 'NONE', ( #4393 ), #7114, .F. ) ;
#2965 = CARTESIAN_POINT ( 'NONE',  ( 38.16565829136300891, 28.93535121240287111, 10.09999999999999787 ) ) ;
#2966 = CIRCLE ( 'NONE', #7978, 0.7999999999999999334 ) ;
#2967 = EDGE_LOOP ( 'NONE', ( #2164, #6455, #7672, #7028, #5082, #1102, #5760, #2496, #7149, #3607, #6740 ) ) ;
#2968 = CARTESIAN_POINT ( 'NONE',  ( -6.045000000000004370, 18.38326261767711145, 0.000000000000000000 ) ) ;
#2969 = CARTESIAN_POINT ( 'NONE',  ( -10.35859074135642643, -12.12909331178213179, 30.99999999999999645 ) ) ;
#2970 = ORIENTED_EDGE ( 'NONE', *, *, #8271, .F. ) ;
#2971 = LINE ( 'NONE', #994, #910 ) ;
#2972 = DIRECTION ( 'NONE',  ( -0.000000000000000000, 1.000000000000000000, -0.000000000000000000 ) ) ;
#2973 = DIRECTION ( 'NONE',  ( 1.000000000000000000, 1.334402673828313586E-16, 0.000000000000000000 ) ) ;
#2974 = ORIENTED_EDGE ( 'NONE', *, *, #8148, .F. ) ;
#2975 = EDGE_CURVE ( 'NONE', #4307, #221, #3366, .T. ) ;
#2976 = DIRECTION ( 'NONE',  ( -0.000000000000000000, -0.000000000000000000, -1.000000000000000000 ) ) ;
#2977 = EDGE_CURVE ( 'NONE', #4507, #7870, #4234, .T. ) ;
#2978 = PLANE ( 'NONE',  #4957 ) ;
#2979 = LINE ( 'NONE', #917, #8262 ) ;
#2980 = ORIENTED_EDGE ( 'NONE', *, *, #158, .T. ) ;
#2981 = PLANE ( 'NONE',  #8218 ) ;
#2982 = DIRECTION ( 'NONE',  ( -1.000000000000000000, 0.000000000000000000, 0.000000000000000000 ) ) ;
#2983 = B_SPLINE_CURVE_WITH_KNOTS ( 'NONE', 3,
 ( #2827, #6047, #8782, #6807 ),
 .UNSPECIFIED., .F., .F.,
 ( 4, 4 ),
 ( 0.000000000000000000, 0.006107495116546511268 ),
 .UNSPECIFIED. ) ;
#2984 = DIRECTION ( 'NONE',  ( 0.000000000000000000, 0.000000000000000000, -1.000000000000000000 ) ) ;
#2985 = EDGE_LOOP ( 'NONE', ( #1757, #4960, #882 ) ) ;
#2986 = DIRECTION ( 'NONE',  ( 0.8660254037844418162, -0.4999999999999945599, 0.000000000000000000 ) ) ;
#2987 = CARTESIAN_POINT ( 'NONE',  ( 16.50000000000000355, -29.00000000000000000, 30.99999999999999645 ) ) ;
#2988 = CARTESIAN_POINT ( 'NONE',  ( 3.841906313806147555, -52.71647217022257337, 0.000000000000000000 ) ) ;
#2989 = SURFACE_STYLE_USAGE ( .BOTH. , #7795 ) ;
#2990 = LINE ( 'NONE', #389, #7026 ) ;
#2992 = ORIENTED_EDGE ( 'NONE', *, *, #2138, .F. ) ;
#2991 = ADVANCED_FACE ( 'NONE', ( #382 ), #4470, .F. ) ;
#2993 = CARTESIAN_POINT ( 'NONE',  ( 3.605974651467649394, -4.898254318786772643, 10.09999999999999964 ) ) ;
#2994 = ADVANCED_FACE ( 'NONE', ( #2405 ), #1145, .F. ) ;
#2995 = ORIENTED_EDGE ( 'NONE', *, *, #7988, .T. ) ;
#2996 = DIRECTION ( 'NONE',  ( 0.000000000000000000, 1.000000000000000000, -0.000000000000000000 ) ) ;
#2997 = ORIENTED_EDGE ( 'NONE', *, *, #8070, .T. ) ;
#2998 = CARTESIAN_POINT ( 'NONE',  ( 3.750000000598431527, -6.495190529419939907, 11.00000000000000000 ) ) ;
#2999 = DIRECTION ( 'NONE',  ( -0.8660254037844385966, 0.5000000000000000000, 0.000000000000000000 ) ) ;
#3000 = EDGE_CURVE ( 'NONE', #7924, #4447, #5404, .T. ) ;
#3001 = CARTESIAN_POINT ( 'NONE',  ( 47.63139720814405109, -18.83974596215585251, 0.000000000000000000 ) ) ;
#3002 = VERTEX_POINT ( 'NONE', #5890 ) ;
#3003 = EDGE_CURVE ( 'NONE', #5073, #8065, #8052, .T. ) ;
#3004 = LINE ( 'NONE', #5074, #7760 ) ;
#3005 = ORIENTED_EDGE ( 'NONE', *, *, #1302, .T. ) ;
#3006 = CARTESIAN_POINT ( 'NONE',  ( -4.499999999999976019, 40.66987298107783033, 4.199999999999995737 ) ) ;
#3007 = LINE ( 'NONE', #5741, #5540 ) ;
#3008 = EDGE_CURVE ( 'NONE', #3925, #270, #1228, .T. ) ;
#3009 = ORIENTED_EDGE ( 'NONE', *, *, #6246, .T. ) ;
#3010 = FACE_OUTER_BOUND ( 'NONE', #3841, .T. ) ;
#3011 = CARTESIAN_POINT ( 'NONE',  ( 13.84479552391148260, -30.14590778888478440, 12.00000000000002487 ) ) ;
#3012 = FACE_OUTER_BOUND ( 'NONE', #3476, .T. ) ;
#3013 = EDGE_LOOP ( 'NONE', ( #6262, #5439, #2058, #6386 ) ) ;
#3014 = LINE ( 'NONE', #998, #2445 ) ;
#3015 = AXIS2_PLACEMENT_3D ( 'NONE', #2700, #5429, #8153 ) ;
#3016 = DIRECTION ( 'NONE',  ( -0.5000000000000001110, -0.8660254037844385966, 0.000000000000000000 ) ) ;
#3017 = LINE ( 'NONE', #1481, #157 ) ;
#3018 = ORIENTED_EDGE ( 'NONE', *, *, #107, .F. ) ;
#3019 = CARTESIAN_POINT ( 'NONE',  ( -37.63139720814400846, -19.63918747329643111, 35.00000000000000711 ) ) ;
#3020 = EDGE_CURVE ( 'NONE', #7451, #1018, #8382, .T. ) ;
#3021 = LINE ( 'NONE', #1139, #8257 ) ;
#3022 = EDGE_CURVE ( 'NONE', #8135, #8316, #3883, .T. ) ;
#3023 = VECTOR ( 'NONE', #554, 1000.000000000000114 ) ;
#3024 = EDGE_CURVE ( 'NONE', #5702, #847, #3842, .T. ) ;
#3025 = AXIS2_PLACEMENT_3D ( 'NONE', #3158, #2446, #5097 ) ;
#3026 = CARTESIAN_POINT ( 'NONE',  ( -1.541961003326264290E-13, 34.23634711715673262, 11.59999999999999964 ) ) ;
#3027 = CIRCLE ( 'NONE', #3892, 1.499999999999999334 ) ;
#3028 = ORIENTED_EDGE ( 'NONE', *, *, #2807, .T. ) ;
#3029 = DIRECTION ( 'NONE',  ( -1.000000000000000000, 0.000000000000000000, 0.000000000000000000 ) ) ;
#3030 = LINE ( 'NONE', #5764, #1467 ) ;
#3031 = CARTESIAN_POINT ( 'NONE',  ( 22.90000000000000213, -29.00000000000000000, 18.39999999999999503 ) ) ;
#3032 = VECTOR ( 'NONE', #8412, 1000.000000000000000 ) ;
#3033 = AXIS2_PLACEMENT_3D ( 'NONE', #8645, #5109, #5151 ) ;
#3034 = LINE ( 'NONE', #1701, #7606 ) ;
#3035 = VERTEX_POINT ( 'NONE', #5276 ) ;
#3036 = DIRECTION ( 'NONE',  ( 0.8660254037844432595, 0.4999999999999920064, 0.000000000000000000 ) ) ;
#3037 = PRODUCT ( '\X2\8f664f53\X0\4', '\X2\8f664f53\X0\4', '', ( #7336 ) ) ;
#3038 = ORIENTED_EDGE ( 'NONE', *, *, #2751, .F. ) ;
#3039 = DIRECTION ( 'NONE',  ( 0.000000000000000000, 0.000000000000000000, 1.000000000000000000 ) ) ;
#3040 = ORIENTED_EDGE ( 'NONE', *, *, #3713, .T. ) ;
#3041 = LINE ( 'NONE', #4526, #3755 ) ;
#3042 = CARTESIAN_POINT ( 'NONE',  ( 44.09000782577886213, 22.75879073537273101, 11.66666666666668029 ) ) ;
#3043 = ADVANCED_FACE ( 'NONE', ( #3790 ), #2495, .F. ) ;
#3044 = CARTESIAN_POINT ( 'NONE',  ( -27.50000000000000000, 24.85859933425698642, 16.00000000000000355 ) ) ;
#3045 = ORIENTED_EDGE ( 'NONE', *, *, #3558, .F. ) ;
#3046 = AXIS2_PLACEMENT_3D ( 'NONE', #238, #4376, #958 ) ;
#3047 = DIRECTION ( 'NONE',  ( 0.000000000000000000, 0.000000000000000000, -1.000000000000000000 ) ) ;
#3048 = EDGE_CURVE ( 'NONE', #5724, #1466, #2944, .T. ) ;
#3049 = VERTEX_POINT ( 'NONE', #7869 ) ;
#3050 = DIRECTION ( 'NONE',  ( 0.000000000000000000, 0.000000000000000000, -1.000000000000000000 ) ) ;
#3051 = CARTESIAN_POINT ( 'NONE',  ( 15.49999999999999645, -12.11673738234993714, 30.99999999999999645 ) ) ;
#3052 = EDGE_CURVE ( 'NONE', #2026, #2635, #7282, .T. ) ;
#3053 = VERTEX_POINT ( 'NONE', #1732 ) ;
#3054 = DIRECTION ( 'NONE',  ( 1.000000000000000000, 0.000000000000000000, 0.000000000000000000 ) ) ;
#3055 = ADVANCED_FACE ( 'NONE', ( #4651 ), #1244, .F. ) ;
#3056 = EDGE_CURVE ( 'NONE', #3202, #5053, #217, .T. ) ;
#3057 = AXIS2_PLACEMENT_3D ( 'NONE', #718, #6199, #2798 ) ;
#3058 = FACE_OUTER_BOUND ( 'NONE', #3766, .T. ) ;
#3059 = VECTOR ( 'NONE', #3471, 1000.000000000000114 ) ;
#3060 = CARTESIAN_POINT ( 'NONE',  ( 47.63139720814405109, -18.83974596215585251, 0.000000000000000000 ) ) ;
#3061 = ORIENTED_EDGE ( 'NONE', *, *, #8420, .F. ) ;
#3062 = LINE ( 'NONE', #1637, #8753 ) ;
#3063 = VECTOR ( 'NONE', #7957, 1000.000000000000114 ) ;
#3064 = CARTESIAN_POINT ( 'NONE',  ( -24.41503000176012250, 34.16810406380067633, 12.50000000000000000 ) ) ;
#3065 = CARTESIAN_POINT ( 'NONE',  ( -44.48854006528694782, -19.33461762284634133, 10.99999999999999645 ) ) ;
#3066 = VECTOR ( 'NONE', #6293, 1000.000000000000000 ) ;
#3067 = ORIENTED_EDGE ( 'NONE', *, *, #1851, .F. ) ;
#3068 = CARTESIAN_POINT ( 'NONE',  ( -37.63139720814407241, -8.775737923854858735, 34.99999999999999289 ) ) ;
#3069 = CARTESIAN_POINT ( 'NONE',  ( 17.10000000000000497, -41.16833712241425758, 12.00000000000000178 ) ) ;
#3070 = DIRECTION ( 'NONE',  ( 1.000000000000000000, 0.000000000000000000, 0.000000000000000000 ) ) ;
#3071 = DIRECTION ( 'NONE',  ( 0.000000000000000000, 0.000000000000000000, -1.000000000000000000 ) ) ;
#3072 = ORIENTED_EDGE ( 'NONE', *, *, #5962, .T. ) ;
#3073 = LINE ( 'NONE', #6400, #2542 ) ;
#3074 = FACE_OUTER_BOUND ( 'NONE', #2910, .T. ) ;
#3075 = CARTESIAN_POINT ( 'NONE',  ( -3.465324307104575841, -49.10669082699943289, 11.66666666666665186 ) ) ;
#3076 = AXIS2_PLACEMENT_3D ( 'NONE', #8139, #6793, #1378 ) ;
#3077 = DIRECTION ( 'NONE',  ( -1.000000000000000000, 2.710505431197808345E-15, 0.000000000000000000 ) ) ;
#3078 = ORIENTED_EDGE ( 'NONE', *, *, #7833, .F. ) ;
#3079 = CARTESIAN_POINT ( 'NONE',  ( -17.02829538351850402, -41.20973580204195486, 12.00000000000000711 ) ) ;
#3080 =( GEOMETRIC_REPRESENTATION_CONTEXT ( 3 ) GLOBAL_UNCERTAINTY_ASSIGNED_CONTEXT ( ( #3831 ) ) GLOBAL_UNIT_ASSIGNED_CONTEXT ( ( #8290, #1652, #8418 ) ) REPRESENTATION_CONTEXT ( 'NONE', 'WORKASPACE' ) );
#3081 = AXIS2_PLACEMENT_3D ( 'NONE', #3064, #8617, #3781 ) ;
#3082 = AXIS2_PLACEMENT_3D ( 'NONE', #5972, #3183, #4579 ) ;
#3083 = EDGE_LOOP ( 'NONE', ( #3568, #686, #4478, #3911 ) ) ;
#3084 = CARTESIAN_POINT ( 'NONE',  ( 23.50000000000000355, -29.00000000000000000, 18.39999999999999503 ) ) ;
#3085 = ORIENTED_EDGE ( 'NONE', *, *, #868, .T. ) ;
#3086 = CARTESIAN_POINT ( 'NONE',  ( 6.044999999999998153, 25.85859933425698642, 18.09999999999999787 ) ) ;
#3087 = AXIS2_PLACEMENT_3D ( 'NONE', #8843, #2707, #6147 ) ;
#3088 = DIRECTION ( 'NONE',  ( 1.000000000000000000, 0.000000000000000000, 0.000000000000000000 ) ) ;
#3089 = LINE ( 'NONE', #1028, #8786 ) ;
#3090 = ORIENTED_EDGE ( 'NONE', *, *, #4485, .F. ) ;
#3091 = DIRECTION ( 'NONE',  ( 0.000000000000000000, -1.000000000000000000, 0.000000000000000000 ) ) ;
#3092 = VERTEX_POINT ( 'NONE', #520 ) ;
#3093 = CARTESIAN_POINT ( 'NONE',  ( 8.137872642729654160, 50.30159703908914537, 0.000000000000000000 ) ) ;
#3094 = VECTOR ( 'NONE', #1505, 1000.000000000000000 ) ;
#3095 = LINE ( 'NONE', #8742, #6247 ) ;
#3096 = VERTEX_POINT ( 'NONE', #3982 ) ;
#3097 = CARTESIAN_POINT ( 'NONE',  ( 1.542399808671487644E-15, 49.66987298107782323, 2.600000000000000533 ) ) ;
#3098 = CARTESIAN_POINT ( 'NONE',  ( 17.14963164645766369, -29.00000000000000000, 30.99999999999999645 ) ) ;
#3099 = VECTOR ( 'NONE', #7474, 1000.000000000000114 ) ;
#3100 = CARTESIAN_POINT ( 'NONE',  ( -16.50000000000000355, -114.9999999999999289, 0.000000000000000000 ) ) ;
#3101 = ORIENTED_EDGE ( 'NONE', *, *, #1081, .F. ) ;
#3102 = VECTOR ( 'NONE', #6841, 1000.000000000000000 ) ;
#3103 = PLANE ( 'NONE',  #1463 ) ;
#3104 = EDGE_CURVE ( 'NONE', #8531, #6474, #3255, .T. ) ;
#3105 = DIRECTION ( 'NONE',  ( -1.000000000000000000, 0.000000000000000000, 0.000000000000000000 ) ) ;
#3106 = DIRECTION ( 'NONE',  ( 0.000000000000000000, 0.000000000000000000, -1.000000000000000000 ) ) ;
#3107 = ORIENTED_EDGE ( 'NONE', *, *, #3496, .F. ) ;
#3108 = DIRECTION ( 'NONE',  ( -0.8660254037844363761, -0.5000000000000039968, 0.000000000000000000 ) ) ;
#3109 = CARTESIAN_POINT ( 'NONE',  ( 16.50000000000000355, -41.31679862020588700, 12.59999999999999964 ) ) ;
#3110 = ORIENTED_EDGE ( 'NONE', *, *, #2355, .T. ) ;
#3111 = DIRECTION ( 'NONE',  ( -1.000000000000000000, 0.000000000000000000, 0.000000000000000000 ) ) ;
#3112 = CARTESIAN_POINT ( 'NONE',  ( 11.19775998191631494, -9.116737382323046646, 16.00000000000000355 ) ) ;
#3113 = EDGE_LOOP ( 'NONE', ( #6191, #8685, #4679, #2953 ) ) ;
#3114 = CARTESIAN_POINT ( 'NONE',  ( -39.68040182451945697, 24.10989559415127559, 23.33333333333332860 ) ) ;
#3115 = CARTESIAN_POINT ( 'NONE',  ( -15.52378647908693132, 36.64992874329254136, 16.49999999999999645 ) ) ;
#3116 = LINE ( 'NONE', #1780, #1082 ) ;
#3117 = EDGE_CURVE ( 'NONE', #7715, #8236, #2139, .T. ) ;
#3118 = DIRECTION ( 'NONE',  ( -0.000000000000000000, -0.000000000000000000, 1.000000000000000000 ) ) ;
#3119 = ORIENTED_EDGE ( 'NONE', *, *, #1316, .F. ) ;
#3120 = DIRECTION ( 'NONE',  ( 0.4999999999999999445, 0.8660254037844387076, -0.000000000000000000 ) ) ;
#3121 = FACE_OUTER_BOUND ( 'NONE', #1238, .T. ) ;
#3122 = VERTEX_POINT ( 'NONE', #1956 ) ;
#3123 = CARTESIAN_POINT ( 'NONE',  ( 38.74952467821752577, -28.99889266115456010, 11.00000000000072120 ) ) ;
#3124 = ORIENTED_EDGE ( 'NONE', *, *, #6061, .T. ) ;
#3125 = DIRECTION ( 'NONE',  ( -0.8968609213725314833, 0.4423126583253231270, 0.000000000000000000 ) ) ;
#3126 = CARTESIAN_POINT ( 'NONE',  ( 46.50981740034161760, -26.34862244427226585, -0.000000000000000000 ) ) ;
#3127 = ADVANCED_FACE ( 'NONE', ( #6880 ), #5452, .T. ) ;
#3128 = EDGE_CURVE ( 'NONE', #4130, #5108, #4390, .T. ) ;
#3129 = EDGE_CURVE ( 'NONE', #6680, #8253, #1123, .T. ) ;
#3130 = CARTESIAN_POINT ( 'NONE',  ( 20.12620908988082746, -3.141400665743017129, 30.99999999999999645 ) ) ;
#3131 = EDGE_LOOP ( 'NONE', ( #6654, #6708, #594, #1486, #8331, #6666, #4106 ) ) ;
#3132 = DIRECTION ( 'NONE',  ( 0.000000000000000000, 0.000000000000000000, -1.000000000000000000 ) ) ;
#3133 = ORIENTED_EDGE ( 'NONE', *, *, #2478, .F. ) ;
#3134 = CARTESIAN_POINT ( 'NONE',  ( 0.3016939369585459607, 43.27881154049157431, 34.99999999999999289 ) ) ;
#3135 = DIRECTION ( 'NONE',  ( -0.000000000000000000, -0.000000000000000000, -1.000000000000000000 ) ) ;
#3136 = ORIENTED_EDGE ( 'NONE', *, *, #4047, .T. ) ;
#3137 = CARTESIAN_POINT ( 'NONE',  ( 22.90000000000000213, -37.81970556111439663, 11.99999999999999822 ) ) ;
#3138 = FACE_OUTER_BOUND ( 'NONE', #3721, .T. ) ;
#3139 = EDGE_CURVE ( 'NONE', #808, #4325, #7562, .T. ) ;
#3140 = DIRECTION ( 'NONE',  ( 1.000000000000000000, 0.000000000000000000, 0.000000000000000000 ) ) ;
#3141 = ORIENTED_EDGE ( 'NONE', *, *, #4926, .F. ) ;
#3142 = LINE ( 'NONE', #5876, #593 ) ;
#3143 = FACE_OUTER_BOUND ( 'NONE', #3715, .T. ) ;
#3144 = DIRECTION ( 'NONE',  ( 1.000000000000000000, 0.000000000000000000, 0.000000000000000000 ) ) ;
#3145 = ORIENTED_EDGE ( 'NONE', *, *, #2977, .F. ) ;
#3146 = DIRECTION ( 'NONE',  ( -0.000000000000000000, -0.000000000000000000, -1.000000000000000000 ) ) ;
#3147 = LINE ( 'NONE', #2400, #2529 ) ;
#3148 = ORIENTED_EDGE ( 'NONE', *, *, #6401, .T. ) ;
#3149 = CARTESIAN_POINT ( 'NONE',  ( -37.78311253585379603, 21.01390591497600369, 0.000000000000000000 ) ) ;
#3150 = EDGE_CURVE ( 'NONE', #1595, #3500, #510, .T. ) ;
#3151 = DIRECTION ( 'NONE',  ( 0.5477729972065670250, 0.8366270038262777486, 0.000000000000000000 ) ) ;
#3152 = ORIENTED_EDGE ( 'NONE', *, *, #4733, .F. ) ;
#3153 = CIRCLE ( 'NONE', #5603, 9.999999999999994671 ) ;
#3154 = CARTESIAN_POINT ( 'NONE',  ( 7.499999998803009049, 48.69038634431696266, 6.000000000698233471 ) ) ;
#3155 = VERTEX_POINT ( 'NONE', #6750 ) ;
#3156 = CARTESIAN_POINT ( 'NONE',  ( -3.317083844513385227, 41.53787536565312166, 34.99999999999999289 ) ) ;
#3157 = AXIS2_PLACEMENT_3D ( 'NONE', #1253, #3989, #2549 ) ;
#3158 = CARTESIAN_POINT ( 'NONE',  ( -38.05106172828543265, 16.54980429983895718, 12.50000000000000000 ) ) ;
#3159 = AXIS2_PLACEMENT_3D ( 'NONE', #3149, #6022, #2623 ) ;
#3160 = EDGE_CURVE ( 'NONE', #7454, #5598, #651, .T. ) ;
#3161 = CARTESIAN_POINT ( 'NONE',  ( -2.599137793708160782, -53.13902344739661032, 0.000000000000000000 ) ) ;
#3162 = EDGE_CURVE ( 'NONE', #6826, #7375, #4951, .T. ) ;
#3163 = EDGE_LOOP ( 'NONE', ( #3611, #7868, #7416, #2090, #6194, #2905 ) ) ;
#3164 = CARTESIAN_POINT ( 'NONE',  ( -12.83142457412086301, -5.938815006089813053, 3.370362588467224807 ) ) ;
#3165 = VERTEX_POINT ( 'NONE', #8231 ) ;
#3166 = AXIS2_PLACEMENT_3D ( 'NONE', #2993, #3545, #5725 ) ;
#3167 = CARTESIAN_POINT ( 'NONE',  ( -17.49999999999999645, -4.506203797966180424, 30.99999999999999645 ) ) ;
#3168 = DIRECTION ( 'NONE',  ( -0.7837298510372809890, 0.6211018600785876975, 0.000000000000000000 ) ) ;
#3169 = VERTEX_POINT ( 'NONE', #1997 ) ;
#3170 = CARTESIAN_POINT ( 'NONE',  ( -41.92415087723617972, -26.91891486926408916, 11.00000000000001421 ) ) ;
#3171 = VECTOR ( 'NONE', #121, 999.9999999999998863 ) ;
#3172 = ORIENTED_EDGE ( 'NONE', *, *, #2304, .F. ) ;
#3173 = CARTESIAN_POINT ( 'NONE',  ( 8.580561569927754206, -12.11673738234993714, 4.000000000000000000 ) ) ;
#3174 = LINE ( 'NONE', #8735, #6813 ) ;
#3175 = AXIS2_PLACEMENT_3D ( 'NONE', #3583, #6320, #175 ) ;
#3176 = AXIS2_PLACEMENT_3D ( 'NONE', #6763, #4797, #3949 ) ;
#3177 = DIRECTION ( 'NONE',  ( 0.000000000000000000, 1.000000000000000000, -0.000000000000000000 ) ) ;
#3178 = VERTEX_POINT ( 'NONE', #7462 ) ;
#3179 = DIRECTION ( 'NONE',  ( 0.000000000000000000, 0.000000000000000000, -1.000000000000000000 ) ) ;
#3180 = EDGE_CURVE ( 'NONE', #4858, #6778, #5665, .T. ) ;
#3181 = ORIENTED_EDGE ( 'NONE', *, *, #899, .F. ) ;
#3182 = CARTESIAN_POINT ( 'NONE',  ( -38.05106172828543265, 16.54980429983895718, 0.000000000000000000 ) ) ;
#3183 = DIRECTION ( 'NONE',  ( 0.000000000000000000, 0.000000000000000000, -1.000000000000000000 ) ) ;
#3184 = EDGE_LOOP ( 'NONE', ( #3085, #8299, #810, #8202, #2406 ) ) ;
#3185 = DIRECTION ( 'NONE',  ( -0.5000000000000001110, -0.8660254037844385966, 0.000000000000000000 ) ) ;
#3186 = DIRECTION ( 'NONE',  ( 0.000000000000000000, -0.000000000000000000, -1.000000000000000000 ) ) ;
#3187 = AXIS2_PLACEMENT_3D ( 'NONE', #3650, #8486, #6385 ) ;
#3188 = CARTESIAN_POINT ( 'NONE',  ( 17.10000000000000497, -38.85893604565575288, 18.99999999999999645 ) ) ;
#3189 = ORIENTED_EDGE ( 'NONE', *, *, #6370, .F. ) ;
#3190 = FACE_OUTER_BOUND ( 'NONE', #7106, .T. ) ;
#3191 = VECTOR ( 'NONE', #5104, 1000.000000000000000 ) ;
#3192 = DIRECTION ( 'NONE',  ( -1.000000000000000000, 0.000000000000000000, 0.000000000000000000 ) ) ;
#3193 = DIRECTION ( 'NONE',  ( 0.4999999999999901190, -0.8660254037844443697, 0.000000000000000000 ) ) ;
#3194 = VECTOR ( 'NONE', #5028, 1000.000000000000000 ) ;
#3195 = ORIENTED_EDGE ( 'NONE', *, *, #3879, .T. ) ;
#3196 = DIRECTION ( 'NONE',  ( 1.000000000000000000, 0.000000000000000000, 0.000000000000000000 ) ) ;
#3197 = FACE_OUTER_BOUND ( 'NONE', #7156, .T. ) ;
#3198 = ORIENTED_EDGE ( 'NONE', *, *, #6405, .T. ) ;
#3199 = DIRECTION ( 'NONE',  ( -1.000000000000000000, 0.000000000000000000, 0.000000000000000000 ) ) ;
#3200 = CIRCLE ( 'NONE', #1206, 1.499999999999999556 ) ;
#3201 = FACE_OUTER_BOUND ( 'NONE', #6495, .T. ) ;
#3202 = VERTEX_POINT ( 'NONE', #8276 ) ;
#3203 = AXIS2_PLACEMENT_3D ( 'NONE', #4582, #2522, #7182 ) ;
#3204 = VECTOR ( 'NONE', #4044, 1000.000000000000000 ) ;
#3205 = DIRECTION ( 'NONE',  ( -1.000000000000000000, 0.000000000000000000, 0.000000000000000000 ) ) ;
#3206 = ORIENTED_EDGE ( 'NONE', *, *, #2773, .T. ) ;
#3207 = CARTESIAN_POINT ( 'NONE',  ( -6.813517330843348319, 43.36821034571440237, 23.33333333333333570 ) ) ;
#3208 = CARTESIAN_POINT ( 'NONE',  ( -8.580561569927754206, -23.72845661736633360, 30.99999999999999645 ) ) ;
#3209 = VECTOR ( 'NONE', #7321, 1000.000000000000000 ) ;
#3210 = CARTESIAN_POINT ( 'NONE',  ( -6.813517330843131603, -43.36821034571442368, 23.33333333333332860 ) ) ;
#3211 = EDGE_LOOP ( 'NONE', ( #2689, #2880, #85, #8543 ) ) ;
#3212 = CARTESIAN_POINT ( 'NONE',  ( 11.19775998191648192, 14.88326261767695158, 16.00000000000000355 ) ) ;
#3213 = ORIENTED_EDGE ( 'NONE', *, *, #119, .T. ) ;
#3214 = FACE_BOUND ( 'NONE', #1811, .T. ) ;
#3215 = EDGE_CURVE ( 'NONE', #584, #2403, #6125, .T. ) ;
#3216 = FACE_OUTER_BOUND ( 'NONE', #4920, .T. ) ;
#3217 = ORIENTED_EDGE ( 'NONE', *, *, #1572, .F. ) ;
#3218 = CARTESIAN_POINT ( 'NONE',  ( -44.98498322272484984, -17.32660201831393820, 9.262448948967549001 ) ) ;
#3219 = ORIENTED_EDGE ( 'NONE', *, *, #2502, .T. ) ;
#3220 = CARTESIAN_POINT ( 'NONE',  ( 44.48854006528704730, -19.05834009213849711, 11.00000000000000178 ) ) ;
#3221 = CARTESIAN_POINT ( 'NONE',  ( -5.500000001196988286, 50.66987298107782323, 11.00000000000000000 ) ) ;
#3222 = EDGE_CURVE ( 'NONE', #8777, #2206, #8809, .T. ) ;
#3223 = CARTESIAN_POINT ( 'NONE',  ( -15.90705325501499878, -38.60007460160269943, 0.000000000000000000 ) ) ;
#3224 = ORIENTED_EDGE ( 'NONE', *, *, #8829, .T. ) ;
#3225 = AXIS2_PLACEMENT_3D ( 'NONE', #4798, #8152, #6089 ) ;
#3226 = AXIS2_PLACEMENT_3D ( 'NONE', #3112, #1820, #8676 ) ;
#3227 = LINE ( 'NONE', #5204, #6613 ) ;
#3228 = ORIENTED_EDGE ( 'NONE', *, *, #3455, .F. ) ;
#3229 = AXIS2_PLACEMENT_3D ( 'NONE', #4853, #7317, #4225 ) ;
#3230 = CARTESIAN_POINT ( 'NONE',  ( 11.19775998191631494, -9.116737382323046646, 4.000000000000000000 ) ) ;
#3231 = CYLINDRICAL_SURFACE ( 'NONE', #6096, 3.200000000018833557 ) ;
#3232 = EDGE_LOOP ( 'NONE', ( #4562, #3136 ) ) ;
#3233 = CARTESIAN_POINT ( 'NONE',  ( 43.88139720814402267, -25.33493649053911767, 5.000000000000000000 ) ) ;
#3234 = LINE ( 'NONE', #1129, #633 ) ;
#3235 = EDGE_CURVE ( 'NONE', #1627, #7563, #4825, .T. ) ;
#3236 = AXIS2_PLACEMENT_3D ( 'NONE', #4948, #8522, #3598 ) ;
#3237 = DIRECTION ( 'NONE',  ( 0.000000000000000000, 0.000000000000000000, -1.000000000000000000 ) ) ;
#3238 = ORIENTED_EDGE ( 'NONE', *, *, #4197, .T. ) ;
#3239 = CARTESIAN_POINT ( 'NONE',  ( -15.49999999999999645, -4.506203797966179536, 16.00000000000000000 ) ) ;
#3240 = CARTESIAN_POINT ( 'NONE',  ( -4.499999999999976019, 49.66987298107782323, 4.999999999999996447 ) ) ;
#3241 = DIRECTION ( 'NONE',  ( -1.000000000000000000, 0.000000000000000000, 0.000000000000000000 ) ) ;
#3242 = ORIENTED_EDGE ( 'NONE', *, *, #7697, .F. ) ;
#3243 = CARTESIAN_POINT ( 'NONE',  ( -24.40952427225795418, 25.85859933425698642, 12.50000000000000000 ) ) ;
#3244 = ORIENTED_EDGE ( 'NONE', *, *, #5799, .F. ) ;
#3245 = CARTESIAN_POINT ( 'NONE',  ( 1.039581154866092705, -46.41918380948389711, 23.33333333333330728 ) ) ;
#3246 = AXIS2_PLACEMENT_3D ( 'NONE', #5464, #617, #2643 ) ;
#3247 = AXIS2_PLACEMENT_3D ( 'NONE', #964, #5752, #282 ) ;
#3248 = AXIS2_PLACEMENT_3D ( 'NONE', #186, #2929, #8395 ) ;
#3249 = EDGE_CURVE ( 'NONE', #8554, #1514, #5414, .T. ) ;
#3250 = ADVANCED_FACE ( 'NONE', ( #1468 ), #735, .T. ) ;
#3251 = CARTESIAN_POINT ( 'NONE',  ( 14.50000000000000355, -32.03553925944023462, 30.99999999999999645 ) ) ;
#3252 = EDGE_CURVE ( 'NONE', #6513, #2414, #4064, .T. ) ;
#3253 = ORIENTED_EDGE ( 'NONE', *, *, #783, .T. ) ;
#3254 = EDGE_CURVE ( 'NONE', #558, #2963, #64, .T. ) ;
#3255 = LINE ( 'NONE', #5990, #4257 ) ;
#3256 = VERTEX_POINT ( 'NONE', #4112 ) ;
#3257 = CARTESIAN_POINT ( 'NONE',  ( -2.599137793708163446, 53.13902344739648242, 0.000000000000000000 ) ) ;
#3258 = CARTESIAN_POINT ( 'NONE',  ( -28.50000000000000000, 0.5237688723248732359, 30.50000000000000355 ) ) ;
#3259 = CARTESIAN_POINT ( 'NONE',  ( 32.11917989942260476, -2.742840745465485064, 10.09999999999999787 ) ) ;
#3260 = EDGE_CURVE ( 'NONE', #6488, #1957, #7511, .T. ) ;
#3261 = ORIENTED_EDGE ( 'NONE', *, *, #2260, .T. ) ;
#3262 = DIRECTION ( 'NONE',  ( 0.5000000000000051070, 0.8660254037844357100, 0.000000000000000000 ) ) ;
#3263 = LINE ( 'NONE', #1210, #205 ) ;
#3264 = ORIENTED_EDGE ( 'NONE', *, *, #8404, .F. ) ;
#3265 = CARTESIAN_POINT ( 'NONE',  ( -1.734723475976813208E-15, -43.45299461620749781, 0.000000000000000000 ) ) ;
#3266 = ORIENTED_EDGE ( 'NONE', *, *, #5034, .F. ) ;
#3267 = CARTESIAN_POINT ( 'NONE',  ( 11.19775998191648192, 14.88326261767695158, 4.000000000000000000 ) ) ;
#3268 = CARTESIAN_POINT ( 'NONE',  ( 3.605974651467649394, -4.898254318786772643, 0.000000000000000000 ) ) ;
#3269 = EDGE_CURVE ( 'NONE', #1905, #8340, #2814, .T. ) ;
#3270 = DIRECTION ( 'NONE',  ( 0.8660254037844363761, -0.5000000000000038858, -0.000000000000000000 ) ) ;
#3271 = EDGE_CURVE ( 'NONE', #5450, #5568, #7526, .T. ) ;
#3272 = ORIENTED_EDGE ( 'NONE', *, *, #6838, .T. ) ;
#3273 = CARTESIAN_POINT ( 'NONE',  ( 36.95860311233816731, -8.325866583873127169, 2.299999999999999822 ) ) ;
#3274 = VERTEX_POINT ( 'NONE', #6263 ) ;
#3275 = DIRECTION ( 'NONE',  ( 1.000000000000000000, 0.000000000000000000, -0.000000000000000000 ) ) ;
#3276 = CARTESIAN_POINT ( 'NONE',  ( 45.16565829136312971, 0.000000000000000000, 4.000000000000000000 ) ) ;
#3277 = VERTEX_POINT ( 'NONE', #963 ) ;
#3278 = CARTESIAN_POINT ( 'NONE',  ( 43.56985711980891551, -25.15506873667505872, 11.00000000000000000 ) ) ;
#3279 = EDGE_CURVE ( 'NONE', #8281, #7827, #7147, .T. ) ;
#3280 = CARTESIAN_POINT ( 'NONE',  ( 11.19775998191631494, -9.116737382323046646, 16.00000000000000355 ) ) ;
#3281 = EDGE_CURVE ( 'NONE', #3595, #3967, #154, .T. ) ;
#3282 = CARTESIAN_POINT ( 'NONE',  ( 38.16565829136300891, 28.93535121240287111, 10.09999999999999787 ) ) ;
#3283 = ORIENTED_EDGE ( 'NONE', *, *, #5260, .F. ) ;
#3284 = DIRECTION ( 'NONE',  ( 0.8660254037844342667, 0.5000000000000074385, 0.000000000000000000 ) ) ;
#3285 = FACE_OUTER_BOUND ( 'NONE', #7261, .T. ) ;
#3286 = DIRECTION ( 'NONE',  ( -0.000000000000000000, -0.000000000000000000, -1.000000000000000000 ) ) ;
#3287 = VERTEX_POINT ( 'NONE', #7824 ) ;
#3288 = CARTESIAN_POINT ( 'NONE',  ( -40.96473054147748627, 15.78342607522127317, 23.33333333333333215 ) ) ;
#3289 = ORIENTED_EDGE ( 'NONE', *, *, #6863, .F. ) ;
#3290 = CARTESIAN_POINT ( 'NONE',  ( 33.22066620862447195, -35.82003942179200351, 0.000000000000000000 ) ) ;
#3291 = CARTESIAN_POINT ( 'NONE',  ( -29.51135802853535850, 29.34100498938873258, 14.49999999999999467 ) ) ;
#3292 = ORIENTED_EDGE ( 'NONE', *, *, #119, .F. ) ;
#3293 = ADVANCED_FACE ( 'NONE', ( #8318 ), #3567, .T. ) ;
#3294 = CARTESIAN_POINT ( 'NONE',  ( 0.000000000000000000, -46.86226820536257520, 2.299999999999999822 ) ) ;
#3295 = ORIENTED_EDGE ( 'NONE', *, *, #8069, .T. ) ;
#3296 = ADVANCED_FACE ( 'NONE', ( #8444 ), #7057, .F. ) ;
#3297 = CARTESIAN_POINT ( 'NONE',  ( -43.00734919661019973, 30.16969536420486264, -0.000000000000000000 ) ) ;
#3298 = LINE ( 'NONE', #2632, #6820 ) ;
#3299 = EDGE_CURVE ( 'NONE', #931, #8216, #6430, .T. ) ;
#3300 = FACE_OUTER_BOUND ( 'NONE', #1660, .T. ) ;
#3301 = ORIENTED_EDGE ( 'NONE', *, *, #3716, .F. ) ;
#3302 = CARTESIAN_POINT ( 'NONE',  ( -37.63139720814417899, 21.72649730810364233, 35.00000000000000000 ) ) ;
#3303 = CARTESIAN_POINT ( 'NONE',  ( -32.97114317030000308, -24.23205080756856589, 4.999999999999996447 ) ) ;
#3304 = LINE ( 'NONE', #8110, #1639 ) ;
#3305 = VECTOR ( 'NONE', #7427, 1000.000000000000000 ) ;
#3306 = AXIS2_PLACEMENT_3D ( 'NONE', #3562, #191, #7858 ) ;
#3307 = DIRECTION ( 'NONE',  ( 0.000000000000000000, 0.000000000000000000, -1.000000000000000000 ) ) ;
#3308 = CARTESIAN_POINT ( 'NONE',  ( 26.15174621610094619, -8.118552963142217749, 4.000000000000000000 ) ) ;
#3309 = ORIENTED_EDGE ( 'NONE', *, *, #3260, .F. ) ;
#3310 = DIRECTION ( 'NONE',  ( -0.000000000000000000, 0.000000000000000000, -1.000000000000000000 ) ) ;
#3311 = CARTESIAN_POINT ( 'NONE',  ( 1.248484576876122736E-15, 49.66987298107782323, 5.000000000000000000 ) ) ;
#3312 = VECTOR ( 'NONE', #226, 1000.000000000000114 ) ;
#3313 = B_SPLINE_CURVE_WITH_KNOTS ( 'NONE', 3,
 ( #4854, #1937, #5437, #7446, #2708, #4807, #1269, #4006, #5524 ),
 .UNSPECIFIED., .F., .F.,
 ( 4, 2, 1, 1, 1, 4 ),
 ( 0.002294796120345062029, 0.003357699197023332992, 0.004563672815827600308, 0.005769646434631868492, 0.006975620053436135809, 0.008181593672240403126 ),
 .UNSPECIFIED. ) ;
#3314 = EDGE_CURVE ( 'NONE', #6815, #3431, #869, .T. ) ;
#3315 = DIRECTION ( 'NONE',  ( -0.000000000000000000, 1.000000000000000000, -0.000000000000000000 ) ) ;
#3316 = ORIENTED_EDGE ( 'NONE', *, *, #4565, .T. ) ;
#3317 = CARTESIAN_POINT ( 'NONE',  ( -7.217821748855243413, 47.52265072715182015, 10.03332242089804183 ) ) ;
#3318 = ORIENTED_EDGE ( 'NONE', *, *, #1645, .F. ) ;
#3319 = AXIS2_PLACEMENT_3D ( 'NONE', #1753, #3047, #1842 ) ;
#3320 = CARTESIAN_POINT ( 'NONE',  ( 25.06569860407185502, -57.92468245269456872, 0.000000000000000000 ) ) ;
#3321 = ADVANCED_FACE ( 'NONE', ( #3609 ), #4245, .T. ) ;
#3322 = EDGE_LOOP ( 'NONE', ( #1421, #6810, #4232, #1310, #3309 ) ) ;
#3323 = DIRECTION ( 'NONE',  ( 0.5000000000000079936, -0.8660254037844339337, -0.000000000000000000 ) ) ;
#3324 = CARTESIAN_POINT ( 'NONE',  ( 8.799647958782101043, 17.88326261765006109, 16.00000000000000355 ) ) ;
#3325 = CARTESIAN_POINT ( 'NONE',  ( -23.75457023243858501, 36.05590513730067670, 0.000000000000000000 ) ) ;
#3326 = ORIENTED_EDGE ( 'NONE', *, *, #503, .T. ) ;
#3327 = CARTESIAN_POINT ( 'NONE',  ( 4.500000000000021316, 40.66987298107783744, 4.999999999999998224 ) ) ;
#3328 = EDGE_LOOP ( 'NONE', ( #5157, #1379, #6035, #4913 ) ) ;
#3329 = EDGE_CURVE ( 'NONE', #6366, #3922, #8489, .T. ) ;
#3330 = CARTESIAN_POINT ( 'NONE',  ( 27.50000000000000000, 24.85859933425698642, 35.00000000000000000 ) ) ;
#3331 = CARTESIAN_POINT ( 'NONE',  ( -20.70224001811205028, 14.47096222019266243, 16.00000000000000000 ) ) ;
#3332 = ADVANCED_FACE ( 'NONE', ( #6299 ), #1515, .F. ) ;
#3333 = ORIENTED_EDGE ( 'NONE', *, *, #4274, .F. ) ;
#3334 = CARTESIAN_POINT ( 'NONE',  ( -29.51135802853535850, 29.34100498938873258, 12.50000000000000000 ) ) ;
#3335 = VERTEX_POINT ( 'NONE', #832 ) ;
#3336 = FACE_OUTER_BOUND ( 'NONE', #4725, .T. ) ;
#3337 = EDGE_CURVE ( 'NONE', #2484, #4648, #6346, .T. ) ;
#3338 = CARTESIAN_POINT ( 'NONE',  ( 35.13454062992121862, -20.28493649053907788, 5.000000000000000000 ) ) ;
#3339 = ORIENTED_EDGE ( 'NONE', *, *, #261, .F. ) ;
#3340 = CIRCLE ( 'NONE', #8353, 3.200000000018833557 ) ;
#3341 = CARTESIAN_POINT ( 'NONE',  ( -24.41503000176012250, 34.16810406380067633, 0.000000000000000000 ) ) ;
#3342 = VERTEX_POINT ( 'NONE', #7649 ) ;
#3343 = DIRECTION ( 'NONE',  ( -0.000000000000000000, -0.000000000000000000, -1.000000000000000000 ) ) ;
#3344 = CARTESIAN_POINT ( 'NONE',  ( -22.89999999999999858, -35.51030448435592035, 19.00000000000000355 ) ) ;
#3345 = CARTESIAN_POINT ( 'NONE',  ( -28.68402912493118606, -30.74126447408291440, 23.33333333333334281 ) ) ;
#3346 = VECTOR ( 'NONE', #4799, 1000.000000000000000 ) ;
#3347 = ORIENTED_EDGE ( 'NONE', *, *, #4646, .F. ) ;
#3348 = CYLINDRICAL_SURFACE ( 'NONE', #6169, 4.099999999999999645 ) ;
#3349 = DIRECTION ( 'NONE',  ( 1.000000000000000000, 0.000000000000000000, 0.000000000000000000 ) ) ;
#3350 = LINE ( 'NONE', #3438, #3899 ) ;
#3351 = CIRCLE ( 'NONE', #8369, 2.399999999999999023 ) ;
#3352 = ORIENTED_EDGE ( 'NONE', *, *, #1314, .F. ) ;
#3353 = CARTESIAN_POINT ( 'NONE',  ( -37.78311253585379603, 21.01390591497600369, 27.31370849898443609 ) ) ;
#3354 = ORIENTED_EDGE ( 'NONE', *, *, #3235, .T. ) ;
#3355 = CARTESIAN_POINT ( 'NONE',  ( 36.95860311233816731, -8.325866583873127169, 0.000000000000000000 ) ) ;
#3356 = LINE ( 'NONE', #8828, #1233 ) ;
#3357 = PLANE ( 'NONE',  #5211 ) ;
#3358 = EDGE_LOOP ( 'NONE', ( #1146, #6317, #8437, #7722 ) ) ;
#3359 = CARTESIAN_POINT ( 'NONE',  ( 46.13139720814405109, -21.43782217350918984, 4.999999999999996447 ) ) ;
#3360 = ORIENTED_EDGE ( 'NONE', *, *, #7797, .T. ) ;
#3361 = CYLINDRICAL_SURFACE ( 'NONE', #7684, 3.200000000018833557 ) ;
#3362 = ORIENTED_EDGE ( 'NONE', *, *, #1292, .T. ) ;
#3363 = CARTESIAN_POINT ( 'NONE',  ( 14.71171412856897476, -8.091954300746134976, 4.000000000000000000 ) ) ;
#3364 = DIRECTION ( 'NONE',  ( -1.000000000000000000, 0.000000000000000000, 0.000000000000000000 ) ) ;
#3365 = CARTESIAN_POINT ( 'NONE',  ( 15.49999999999999645, -7.259372140063333312, 30.99999999999999645 ) ) ;
#3366 = CIRCLE ( 'NONE', #7695, 2.000000000000001776 ) ;
#3367 = DIRECTION ( 'NONE',  ( -0.000000000000000000, -0.000000000000000000, 1.000000000000000000 ) ) ;
#3368 = ORIENTED_EDGE ( 'NONE', *, *, #3052, .F. ) ;
#3369 = DIRECTION ( 'NONE',  ( 0.000000000000000000, 1.000000000000000000, 0.000000000000000000 ) ) ;
#3370 = ORIENTED_EDGE ( 'NONE', *, *, #815, .F. ) ;
#3371 = DIRECTION ( 'NONE',  ( -0.000000000000000000, 0.000000000000000000, 1.000000000000000000 ) ) ;
#3372 = CIRCLE ( 'NONE', #6524, 3.699999999903309966 ) ;
#3373 = VECTOR ( 'NONE', #4290, 1000.000000000000227 ) ;
#3374 = CARTESIAN_POINT ( 'NONE',  ( -14.17817460259215778, 25.85859933425698642, 0.000000000000000000 ) ) ;
#3375 = ORIENTED_EDGE ( 'NONE', *, *, #5034, .T. ) ;
#3376 = LINE ( 'NONE', #6921, #1634 ) ;
#3377 = VERTEX_POINT ( 'NONE', #5045 ) ;
#3378 = CARTESIAN_POINT ( 'NONE',  ( 15.50000000000000000, 17.88326261765006109, 16.00000000000000000 ) ) ;
#3379 = AXIS2_PLACEMENT_3D ( 'NONE', #4806, #716, #8301 ) ;
#3380 = DIRECTION ( 'NONE',  ( 0.000000000000000000, 0.000000000000000000, -1.000000000000000000 ) ) ;
#3381 = EDGE_CURVE ( 'NONE', #7916, #5179, #7698, .T. ) ;
#3382 = ORIENTED_EDGE ( 'NONE', *, *, #5417, .T. ) ;
#3383 = CIRCLE ( 'NONE', #6531, 2.000000000000001776 ) ;
#3384 = EDGE_LOOP ( 'NONE', ( #1744, #8604, #5826, #6066 ) ) ;
#3385 = EDGE_CURVE ( 'NONE', #3096, #1882, #2266, .T. ) ;
#3386 = CIRCLE ( 'NONE', #2106, 1.200000000051035354 ) ;
#3387 = CARTESIAN_POINT ( 'NONE',  ( 0.000000000000000000, -46.86226820536257520, 0.000000000000000000 ) ) ;
#3388 = ORIENTED_EDGE ( 'NONE', *, *, #6445, .T. ) ;
#3389 = CARTESIAN_POINT ( 'NONE',  ( -14.05408703669056969, 26.11378369362475027, 0.000000000000000000 ) ) ;
#3390 = PLANE ( 'NONE',  #7112 ) ;
#3391 = AXIS2_PLACEMENT_3D ( 'NONE', #3487, #3441, #6850 ) ;
#3392 = CARTESIAN_POINT ( 'NONE',  ( 8.580561569927754206, -12.11673738234993714, 4.000000000000000000 ) ) ;
#3393 = ADVANCED_FACE ( 'NONE', ( #2939 ), #2978, .F. ) ;
#3394 = ORIENTED_EDGE ( 'NONE', *, *, #6028, .T. ) ;
#3395 = VECTOR ( 'NONE', #7195, 1000.000000000000000 ) ;
#3396 =( NAMED_UNIT ( * ) PLANE_ANGLE_UNIT ( ) SI_UNIT ( $, .RADIAN. ) );
#3397 = DIRECTION ( 'NONE',  ( -0.8660254037844433705, -0.4999999999999920064, -0.000000000000000000 ) ) ;
#3398 = ORIENTED_EDGE ( 'NONE', *, *, #5557, .F. ) ;
#3399 = LINE ( 'NONE', #6135, #5408 ) ;
#3400 = ORIENTED_EDGE ( 'NONE', *, *, #1447, .T. ) ;
#3401 = LINE ( 'NONE', #7528, #3903 ) ;
#3402 = DIRECTION ( 'NONE',  ( -0.2546397859767811078, -0.9670359762685662997, 0.000000000000000000 ) ) ;
#3403 = ADVANCED_FACE ( 'NONE', ( #5712 ), #7103, .F. ) ;
#3404 = FACE_BOUND ( 'NONE', #8072, .T. ) ;
#3405 = ORIENTED_EDGE ( 'NONE', *, *, #5691, .F. ) ;
#3406 = CARTESIAN_POINT ( 'NONE',  ( -18.29764992882473251, 38.25141955269392469, 12.50000000000000000 ) ) ;
#3407 = ORIENTED_EDGE ( 'NONE', *, *, #4208, .F. ) ;
#3408 = LINE ( 'NONE', #7582, #5246 ) ;
#3409 = ORIENTED_EDGE ( 'NONE', *, *, #1399, .F. ) ;
#3410 = CARTESIAN_POINT ( 'NONE',  ( 41.92415087723627920, -26.91891486926393640, 11.00000000000001599 ) ) ;
#3411 = ADVANCED_FACE ( 'NONE', ( #3143 ), #2431, .F. ) ;
#3412 = ADVANCED_FACE ( 'NONE', ( #1042 ), #3739, .T. ) ;
#3413 = CARTESIAN_POINT ( 'NONE',  ( 14.50000000000000355, -32.03553925944023462, 30.99999999999999645 ) ) ;
#3414 = DIRECTION ( 'NONE',  ( 0.000000000000000000, 1.000000000000000000, 0.000000000000000000 ) ) ;
#3415 = EDGE_CURVE ( 'NONE', #2295, #5560, #6353, .T. ) ;
#3416 = CARTESIAN_POINT ( 'NONE',  ( -18.64521915604302293, -5.794424520318418814, -1.499999999999999556 ) ) ;
#3417 = ORIENTED_EDGE ( 'NONE', *, *, #1483, .T. ) ;
#3418 = CARTESIAN_POINT ( 'NONE',  ( 2.750000000598447070, -4.763139721851054276, 11.00000000000000000 ) ) ;
#3419 = VERTEX_POINT ( 'NONE', #5839 ) ;
#3420 = DIRECTION ( 'NONE',  ( -0.000000000000000000, 1.000000000000000000, -0.000000000000000000 ) ) ;
#3421 = DIRECTION ( 'NONE',  ( 0.5000000000000051070, 0.8660254037844357100, 0.000000000000000000 ) ) ;
#3422 = ORIENTED_EDGE ( 'NONE', *, *, #3056, .T. ) ;
#3423 = CARTESIAN_POINT ( 'NONE',  ( 15.60072470878810336, -26.92935667042205949, 0.000000000000000000 ) ) ;
#3424 = EDGE_CURVE ( 'NONE', #3746, #3880, #1083, .T. ) ;
#3425 = ORIENTED_EDGE ( 'NONE', *, *, #5115, .T. ) ;
#3426 = DIRECTION ( 'NONE',  ( -0.9995339578468541708, -0.03052649850544824836, 0.000000000000000000 ) ) ;
#3427 = DIRECTION ( 'NONE',  ( 0.000000000000000000, 0.000000000000000000, -1.000000000000000000 ) ) ;
#3428 = VERTEX_POINT ( 'NONE', #5796 ) ;
#3429 = ORIENTED_EDGE ( 'NONE', *, *, #4834, .F. ) ;
#3430 = CARTESIAN_POINT ( 'NONE',  ( -24.40952427225795418, 25.85859933425698642, 85.99999999999994316 ) ) ;
#3431 = VERTEX_POINT ( 'NONE', #1092 ) ;
#3432 = CARTESIAN_POINT ( 'NONE',  ( 37.07114317029967765, -17.13064249653669791, 4.999999999999996447 ) ) ;
#3433 = LINE ( 'NONE', #1427, #3972 ) ;
#3434 = CARTESIAN_POINT ( 'NONE',  ( -34.31431336363065299, -23.64161655865826006, 35.00000000000000000 ) ) ;
#3435 = ORIENTED_EDGE ( 'NONE', *, *, #8145, .T. ) ;
#3436 = EDGE_CURVE ( 'NONE', #4025, #2889, #5527, .T. ) ;
#3437 = DIRECTION ( 'NONE',  ( -0.000000000000000000, 1.000000000000000000, -0.000000000000000000 ) ) ;
#3438 = CARTESIAN_POINT ( 'NONE',  ( -41.78311253585378893, 21.01390591497600369, 5.000000000000000000 ) ) ;
#3439 = EDGE_CURVE ( 'NONE', #5160, #4447, #8712, .T. ) ;
#3440 = ORIENTED_EDGE ( 'NONE', *, *, #893, .T. ) ;
#3441 = DIRECTION ( 'NONE',  ( 0.000000000000000000, 0.000000000000000000, -1.000000000000000000 ) ) ;
#3442 = DIRECTION ( 'NONE',  ( -0.000000000000000000, 1.000000000000000000, -0.000000000000000000 ) ) ;
#3443 = EDGE_CURVE ( 'NONE', #6230, #4307, #8039, .T. ) ;
#3444 = ORIENTED_EDGE ( 'NONE', *, *, #8548, .F. ) ;
#3445 = DIRECTION ( 'NONE',  ( -0.8660254037844363761, 0.5000000000000038858, 0.000000000000000000 ) ) ;
#3446 = CARTESIAN_POINT ( 'NONE',  ( 12.19775998193514788, -9.116737382323046646, 4.000000000000000000 ) ) ;
#3447 = CARTESIAN_POINT ( 'NONE',  ( 20.83879702366975550, -21.32085090246493664, 0.000000000000000000 ) ) ;
#3448 = ORIENTED_EDGE ( 'NONE', *, *, #4896, .T. ) ;
#3449 = VECTOR ( 'NONE', #1440, 1000.000000000000000 ) ;
#3450 = VECTOR ( 'NONE', #5466, 999.9999999999998863 ) ;
#3451 = DIRECTION ( 'NONE',  ( -1.000000000000000000, 0.000000000000000000, 0.000000000000000000 ) ) ;
#3452 = EDGE_LOOP ( 'NONE', ( #1159, #1877, #1307, #1837 ) ) ;
#3453 = LINE ( 'NONE', #3320, #1388 ) ;
#3454 = EDGE_LOOP ( 'NONE', ( #7252, #8059 ) ) ;
#3455 = EDGE_CURVE ( 'NONE', #3957, #5628, #7272, .T. ) ;
#3456 = CARTESIAN_POINT ( 'NONE',  ( -22.30047087742017808, -35.85644278466441648, 19.00000000000000355 ) ) ;
#3457 = DIRECTION ( 'NONE',  ( 0.000000000000000000, 0.000000000000000000, -1.000000000000000000 ) ) ;
#3458 = AXIS2_PLACEMENT_3D ( 'NONE', #1041, #8661, #3829 ) ;
#3459 = DIRECTION ( 'NONE',  ( -1.000000000000000000, 1.626303258719344495E-15, 0.000000000000000000 ) ) ;
#3460 = VECTOR ( 'NONE', #1013, 1000.000000000000000 ) ;
#3461 = CARTESIAN_POINT ( 'NONE',  ( -21.02970073639360749, 37.51936874512504971, 12.50000000000000000 ) ) ;
#3462 = ADVANCED_FACE ( 'NONE', ( #5308 ), #413, .T. ) ;
#3463 = ORIENTED_EDGE ( 'NONE', *, *, #7110, .T. ) ;
#3464 = CARTESIAN_POINT ( 'NONE',  ( 28.50000000000000000, 24.85859933425698642, 16.00000000000000355 ) ) ;
#3465 = AXIS2_PLACEMENT_3D ( 'NONE', #3906, #3179, #2516 ) ;
#3466 = EDGE_LOOP ( 'NONE', ( #4049, #4773, #4552, #239 ) ) ;
#3467 = LINE ( 'NONE', #8756, #4536 ) ;
#3468 = DIRECTION ( 'NONE',  ( -0.000000000000000000, -0.000000000000000000, -1.000000000000000000 ) ) ;
#3469 = VECTOR ( 'NONE', #8535, 1000.000000000000000 ) ;
#3470 = EDGE_LOOP ( 'NONE', ( #5847, #63, #3362, #7248 ) ) ;
#3471 = DIRECTION ( 'NONE',  ( -0.5000000000000079936, 0.8660254037844339337, 0.000000000000000000 ) ) ;
#3472 = DIRECTION ( 'NONE',  ( -0.000000000000000000, 1.000000000000000000, -0.000000000000000000 ) ) ;
#3473 = VECTOR ( 'NONE', #8368, 1000.000000000000000 ) ;
#3474 = AXIS2_PLACEMENT_3D ( 'NONE', #5561, #8417, #3668 ) ;
#3475 = LINE ( 'NONE', #8095, #1340 ) ;
#3476 = EDGE_LOOP ( 'NONE', ( #1007, #4148, #6296, #7608 ) ) ;
#3477 = ORIENTED_EDGE ( 'NONE', *, *, #4328, .F. ) ;
#3478 = DIRECTION ( 'NONE',  ( 1.000000000000000000, 0.000000000000000000, 0.000000000000000000 ) ) ;
#3479 = ORIENTED_EDGE ( 'NONE', *, *, #3260, .T. ) ;
#3480 = DIRECTION ( 'NONE',  ( -1.000000000000000000, 0.000000000000000000, 0.000000000000000000 ) ) ;
#3481 = CARTESIAN_POINT ( 'NONE',  ( -39.78311253585430762, 17.54980429983896073, 12.50000000000000000 ) ) ;
#3482 = DIRECTION ( 'NONE',  ( -1.000000000000000000, 0.000000000000000000, -0.000000000000000000 ) ) ;
#3483 = VERTEX_POINT ( 'NONE', #5170 ) ;
#3484 = AXIS2_PLACEMENT_3D ( 'NONE', #8312, #3563, #6969 ) ;
#3485 = CARTESIAN_POINT ( 'NONE',  ( -32.97114317030000308, -24.23205080756856589, 4.999999999999996447 ) ) ;
#3486 = DIRECTION ( 'NONE',  ( 0.000000000000000000, -1.000000000000000000, 0.000000000000000000 ) ) ;
#3487 = CARTESIAN_POINT ( 'NONE',  ( 0.000000000000000000, 0.000000000000000000, 18.09999999999999787 ) ) ;
#3488 = DIRECTION ( 'NONE',  ( -0.000000000000000000, -0.000000000000000000, 1.000000000000000000 ) ) ;
#3489 = AXIS2_PLACEMENT_3D ( 'NONE', #3044, #8649, #3904 ) ;
#3490 = VERTEX_POINT ( 'NONE', #1763 ) ;
#3491 = DIRECTION ( 'NONE',  ( -1.000000000000000000, 0.000000000000000000, 0.000000000000000000 ) ) ;
#3492 = FACE_OUTER_BOUND ( 'NONE', #8006, .T. ) ;
#3493 = VECTOR ( 'NONE', #4950, 1000.000000000000000 ) ;
#3494 = VECTOR ( 'NONE', #2714, 1000.000000000000000 ) ;
#3495 = PLANE ( 'NONE',  #292 ) ;
#3497 = ORIENTED_EDGE ( 'NONE', *, *, #7228, .F. ) ;
#3496 = EDGE_CURVE ( 'NONE', #7003, #5478, #1808, .T. ) ;
#3498 = VECTOR ( 'NONE', #4996, 1000.000000000000000 ) ;
#3499 = CARTESIAN_POINT ( 'NONE',  ( -37.45298551693169031, 15.58570268470066189, 12.50000000000000000 ) ) ;
#3500 = VERTEX_POINT ( 'NONE', #7949 ) ;
#3501 = AXIS2_PLACEMENT_3D ( 'NONE', #5123, #4451, #3054 ) ;
#3502 = EDGE_CURVE ( 'NONE', #6143, #6081, #4547, .T. ) ;
#3503 = CARTESIAN_POINT ( 'NONE',  ( -23.50000000000000355, -29.00000000000000000, 0.000000000000000000 ) ) ;
#3504 = EDGE_LOOP ( 'NONE', ( #3244, #2701, #7369, #5426 ) ) ;
#3505 = CARTESIAN_POINT ( 'NONE',  ( 20.36713805963067259, -36.97265300744828664, 18.99999999999999645 ) ) ;
#3506 = CARTESIAN_POINT ( 'NONE',  ( 20.12620908988082746, -5.259372140063334200, 30.99999999999999645 ) ) ;
#3507 = DIRECTION ( 'NONE',  ( 0.000000000000000000, -1.000000000000000000, 0.000000000000000000 ) ) ;
#3508 = ORIENTED_EDGE ( 'NONE', *, *, #4242, .T. ) ;
#3509 = CARTESIAN_POINT ( 'NONE',  ( 28.50000000000000000, 24.85859933425698642, 35.00000000000000000 ) ) ;
#3510 = ORIENTED_EDGE ( 'NONE', *, *, #2763, .T. ) ;
#3511 = DIRECTION ( 'NONE',  ( -0.9670359762685662997, 0.2546397859767810523, 0.000000000000000000 ) ) ;
#3512 = DIRECTION ( 'NONE',  ( 0.000000000000000000, -1.000000000000000000, 0.000000000000000000 ) ) ;
#3513 = ORIENTED_EDGE ( 'NONE', *, *, #8449, .F. ) ;
#3514 = DIRECTION ( 'NONE',  ( -0.000000000000000000, -0.000000000000000000, -1.000000000000000000 ) ) ;
#3515 = CIRCLE ( 'NONE', #4666, 3.200000000018833557 ) ;
#3516 = PLANE ( 'NONE',  #6748 ) ;
#3517 = EDGE_CURVE ( 'NONE', #3889, #5818, #4501, .T. ) ;
#3518 = ADVANCED_FACE ( 'NONE', ( #7187 ), #4588, .T. ) ;
#3519 = LINE ( 'NONE', #6341, #5060 ) ;
#3520 = VERTEX_POINT ( 'NONE', #3832 ) ;
#3521 = CARTESIAN_POINT ( 'NONE',  ( -28.49999999999999645, 0.5237688723248729028, 20.83333333333333570 ) ) ;
#3522 = EDGE_LOOP ( 'NONE', ( #6984, #148, #3850, #2744 ) ) ;
#3523 = CIRCLE ( 'NONE', #6665, 0.8000000000000012657 ) ;
#3524 = CARTESIAN_POINT ( 'NONE',  ( -23.50000000000000355, -32.27417035836263892, -70.99999999999992895 ) ) ;
#3525 = EDGE_LOOP ( 'NONE', ( #4141, #1190, #494, #3622 ) ) ;
#3526 = CARTESIAN_POINT ( 'NONE',  ( 29.64954633623985814, -17.11817355857836631, 10.09999999999999964 ) ) ;
#3527 = CIRCLE ( 'NONE', #1953, 1.000000000018832935 ) ;
#3528 = CARTESIAN_POINT ( 'NONE',  ( 0.000000000000000000, 50.66987298107782323, 11.00000000000000000 ) ) ;
#3529 = EDGE_CURVE ( 'NONE', #7704, #2276, #6606, .T. ) ;
#3530 = DIRECTION ( 'NONE',  ( -0.000000000000000000, -0.000000000000000000, -1.000000000000000000 ) ) ;
#3531 = EDGE_CURVE ( 'NONE', #8589, #3178, #459, .T. ) ;
#3532 = EDGE_CURVE ( 'NONE', #841, #7704, #8663, .T. ) ;
#3533 = ORIENTED_EDGE ( 'NONE', *, *, #5523, .T. ) ;
#3534 = CARTESIAN_POINT ( 'NONE',  ( -27.94853440685351487, 32.04789490541048735, 16.50000000000000000 ) ) ;
#3535 = CARTESIAN_POINT ( 'NONE',  ( 40.10967058561696774, 27.99366909568942319, 11.66666666666666785 ) ) ;
#3536 = LINE ( 'NONE', #7285, #4177 ) ;
#3537 = ORIENTED_EDGE ( 'NONE', *, *, #7487, .F. ) ;
#3538 = CARTESIAN_POINT ( 'NONE',  ( 37.21199197462405550, -25.81764282717346148, 23.33333333333333570 ) ) ;
#3539 = EDGE_CURVE ( 'NONE', #7633, #8801, #7400, .T. ) ;
#3540 = CYLINDRICAL_SURFACE ( 'NONE', #4389, 2.000000000000000000 ) ;
#3541 = AXIS2_PLACEMENT_3D ( 'NONE', #536, #4665, #8063 ) ;
#3542 = AXIS2_PLACEMENT_3D ( 'NONE', #724, #2802, #4185 ) ;
#3543 = LINE ( 'NONE', #756, #8030 ) ;
#3544 = ORIENTED_EDGE ( 'NONE', *, *, #5929, .T. ) ;
#3545 = DIRECTION ( 'NONE',  ( 0.4999999999999919509, -0.8660254037844433705, -0.000000000000000000 ) ) ;
#3546 = EDGE_LOOP ( 'NONE', ( #7259, #18, #8138, #671, #7335, #7943, #3761, #4667, #1841, #7294, #833, #3788, #4173, #5536, #8124 ) ) ;
#3547 = FACE_OUTER_BOUND ( 'NONE', #5119, .T. ) ;
#3548 = ORIENTED_EDGE ( 'NONE', *, *, #8829, .F. ) ;
#3549 = FACE_OUTER_BOUND ( 'NONE', #652, .T. ) ;
#3550 = CARTESIAN_POINT ( 'NONE',  ( 37.63139720814389477, 19.63918747329670822, 35.00000000000004263 ) ) ;
#3551 = EDGE_CURVE ( 'NONE', #1754, #2925, #3467, .T. ) ;
#3552 = FACE_BOUND ( 'NONE', #4312, .T. ) ;
#3553 = ORIENTED_EDGE ( 'NONE', *, *, #6121, .F. ) ;
#3554 = LINE ( 'NONE', #2290, #171 ) ;
#3555 = ORIENTED_EDGE ( 'NONE', *, *, #6014, .F. ) ;
#3556 = DIRECTION ( 'NONE',  ( -0.000000000000000000, -0.000000000000000000, -1.000000000000000000 ) ) ;
#3557 = PLANE ( 'NONE',  #949 ) ;
#3558 = EDGE_CURVE ( 'NONE', #795, #1649, #4052, .T. ) ;
#3559 = VERTEX_POINT ( 'NONE', #5402 ) ;
#3560 = CARTESIAN_POINT ( 'NONE',  ( -20.23020887378377353, -18.66008129354370482, 10.09999999999999964 ) ) ;
#3561 = EDGE_CURVE ( 'NONE', #5628, #4015, #1684, .T. ) ;
#3562 = CARTESIAN_POINT ( 'NONE',  ( 40.76537180435956031, -28.73205080756909524, 4.999999999999998224 ) ) ;
#3563 = DIRECTION ( 'NONE',  ( -0.8497711344998883920, -0.5271517987930732785, 0.000000000000000000 ) ) ;
#3564 = ORIENTED_EDGE ( 'NONE', *, *, #1935, .F. ) ;
#3565 = CARTESIAN_POINT ( 'NONE',  ( -24.41503000176012250, 34.16810406380067633, 12.50000000000000000 ) ) ;
#3566 = ORIENTED_EDGE ( 'NONE', *, *, #1270, .T. ) ;
#3567 = PLANE ( 'NONE',  #4673 ) ;
#3568 = ORIENTED_EDGE ( 'NONE', *, *, #7160, .T. ) ;
#3569 = CARTESIAN_POINT ( 'NONE',  ( -37.63139720814406530, -18.59476435679568951, 35.00000000000000000 ) ) ;
#3570 = PLANE ( 'NONE',  #8824 ) ;
#3571 = LINE ( 'NONE', #7021, #1180 ) ;
#3572 = ORIENTED_EDGE ( 'NONE', *, *, #4846, .T. ) ;
#3573 = EDGE_CURVE ( 'NONE', #1369, #6426, #6827, .T. ) ;
#3574 = CARTESIAN_POINT ( 'NONE',  ( -11.80224001808351453, 14.88326261767710967, 6.000000000000000000 ) ) ;
#3575 = ADVANCED_FACE ( 'NONE', ( #4142 ), #6203, .T. ) ;
#3576 = CARTESIAN_POINT ( 'NONE',  ( 41.75469484913603679, 26.80367146249317045, 11.66666666666669094 ) ) ;
#3577 = DIRECTION ( 'NONE',  ( -3.620603936281805870E-16, -1.000000000000000000, 0.000000000000000000 ) ) ;
#3578 = VERTEX_POINT ( 'NONE', #6871 ) ;
#3579 = CARTESIAN_POINT ( 'NONE',  ( 36.82236888802437136, -29.89159361570186491, 11.66666666666666785 ) ) ;
#3580 = DIRECTION ( 'NONE',  ( -0.000000000000000000, -0.000000000000000000, -1.000000000000000000 ) ) ;
#3581 = LINE ( 'NONE', #33, #2886 ) ;
#3582 = ORIENTED_EDGE ( 'NONE', *, *, #7062, .T. ) ;
#3583 = CARTESIAN_POINT ( 'NONE',  ( 32.11917989942260476, -8.742840745465484176, 0.000000000000000000 ) ) ;
#3584 = VERTEX_POINT ( 'NONE', #7452 ) ;
#3585 = DIRECTION ( 'NONE',  ( -0.8660254037844364872, 0.5000000000000039968, 0.000000000000000000 ) ) ;
#3586 = VERTEX_POINT ( 'NONE', #5 ) ;
#3587 = CARTESIAN_POINT ( 'NONE',  ( 43.71945676850819495, -24.78646803959776435, 11.00000000000000178 ) ) ;
#3588 = CARTESIAN_POINT ( 'NONE',  ( 37.63139720814417188, -8.775737923854327605, 34.99999999999998579 ) ) ;
#3589 = ADVANCED_FACE ( 'NONE', ( #3285 ), #595, .T. ) ;
#3590 = VECTOR ( 'NONE', #8549, 1000.000000000000000 ) ;
#3591 = LINE ( 'NONE', #6248, #4927 ) ;
#3592 = ORIENTED_EDGE ( 'NONE', *, *, #5192, .F. ) ;
#3593 = DIRECTION ( 'NONE',  ( -0.4999999999999920064, 0.8660254037844434816, 0.000000000000000000 ) ) ;
#3594 = EDGE_CURVE ( 'NONE', #1909, #8297, #7249, .T. ) ;
#3595 = VERTEX_POINT ( 'NONE', #640 ) ;
#3596 = CARTESIAN_POINT ( 'NONE',  ( -46.03787180435988091, -19.59981292466155622, 10.09999999999999964 ) ) ;
#3597 = VECTOR ( 'NONE', #7494, 1000.000000000000000 ) ;
#3598 = DIRECTION ( 'NONE',  ( -1.000000000000000000, 0.000000000000000000, 0.000000000000000000 ) ) ;
#3599 = VECTOR ( 'NONE', #4190, 1000.000000000000114 ) ;
#3600 = ORIENTED_EDGE ( 'NONE', *, *, #7903, .F. ) ;
#3601 = CARTESIAN_POINT ( 'NONE',  ( 17.72356672685348045, -33.85622107339584375, 12.00000000000000000 ) ) ;
#3602 = CARTESIAN_POINT ( 'NONE',  ( 1.248484576876122736E-15, 40.56987298107782181, 7.400000000000000355 ) ) ;
#3603 = DIRECTION ( 'NONE',  ( -1.000000000000000000, 0.000000000000000000, 0.000000000000000000 ) ) ;
#3604 = VERTEX_POINT ( 'NONE', #2080 ) ;
#3605 = CIRCLE ( 'NONE', #3319, 4.099999999999999645 ) ;
#3606 = CARTESIAN_POINT ( 'NONE',  ( 33.93454062992120868, -22.36339745962172643, 5.000000000000000000 ) ) ;
#3607 = ORIENTED_EDGE ( 'NONE', *, *, #5915, .F. ) ;
#3608 = EDGE_CURVE ( 'NONE', #1445, #3520, #1276, .T. ) ;
#3609 = FACE_OUTER_BOUND ( 'NONE', #4671, .T. ) ;
#3610 = VECTOR ( 'NONE', #2272, 1000.000000000000227 ) ;
#3611 = ORIENTED_EDGE ( 'NONE', *, *, #472, .F. ) ;
#3612 = CARTESIAN_POINT ( 'NONE',  ( -47.57475725421117119, -23.03104761839532699, 0.000000000000000000 ) ) ;
#3613 = EDGE_CURVE ( 'NONE', #4833, #1776, #6063, .T. ) ;
#3614 = AXIS2_PLACEMENT_3D ( 'NONE', #7163, #4566, #7925 ) ;
#3615 = DIRECTION ( 'NONE',  ( 0.5000000000000001110, 0.8660254037844385966, 0.000000000000000000 ) ) ;
#3616 = CIRCLE ( 'NONE', #2323, 2.000000000000001776 ) ;
#3617 = DIRECTION ( 'NONE',  ( 0.8660254037844393737, -0.4999999999999987232, 0.000000000000000000 ) ) ;
#3618 = VERTEX_POINT ( 'NONE', #2127 ) ;
#3619 = CARTESIAN_POINT ( 'NONE',  ( -14.17817460259215778, 25.85859933425698642, 16.00000000000000355 ) ) ;
#3620 = DIRECTION ( 'NONE',  ( 0.8660254037844363761, -0.5000000000000039968, 0.000000000000000000 ) ) ;
#3621 = CARTESIAN_POINT ( 'NONE',  ( 23.04412410502904862, -35.43125334919218972, 18.98739383557334293 ) ) ;
#3622 = ORIENTED_EDGE ( 'NONE', *, *, #4340, .F. ) ;
#3623 = CARTESIAN_POINT ( 'NONE',  ( 40.24429721133566318, -23.63524431319126862, 23.33333333333334281 ) ) ;
#3624 = CARTESIAN_POINT ( 'NONE',  ( 2.439025348532335435, 5.571992812967120123, 0.000000000000000000 ) ) ;
#3625 = EDGE_CURVE ( 'NONE', #3719, #7366, #2664, .T. ) ;
#3626 = VECTOR ( 'NONE', #5165, 1000.000000000000000 ) ;
#3627 = DIRECTION ( 'NONE',  ( -1.000000000000000000, 3.469446951953617344E-15, 0.000000000000000000 ) ) ;
#3628 = ORIENTED_EDGE ( 'NONE', *, *, #2048, .T. ) ;
#3629 = LINE ( 'NONE', #3499, #1471 ) ;
#3630 = VECTOR ( 'NONE', #4855, 1000.000000000000000 ) ;
#3631 = ORIENTED_EDGE ( 'NONE', *, *, #7271, .F. ) ;
#3632 = CYLINDRICAL_SURFACE ( 'NONE', #8261, 2.000000000000000000 ) ;
#3633 = VECTOR ( 'NONE', #201, 1000.000000000000114 ) ;
#3634 = ORIENTED_EDGE ( 'NONE', *, *, #3659, .F. ) ;
#3635 = DIRECTION ( 'NONE',  ( -1.000000000000000000, 0.000000000000000000, 0.000000000000000000 ) ) ;
#3636 = CARTESIAN_POINT ( 'NONE',  ( 37.63139720814429268, -17.89625880699468041, 35.00000000000000000 ) ) ;
#3637 = EDGE_CURVE ( 'NONE', #4944, #7870, #4011, .T. ) ;
#3638 = AXIS2_PLACEMENT_3D ( 'NONE', #3963, #6690, #8706 ) ;
#3639 = LINE ( 'NONE', #8430, #3194 ) ;
#3640 = ORIENTED_EDGE ( 'NONE', *, *, #4505, .T. ) ;
#3641 = CARTESIAN_POINT ( 'NONE',  ( 14.71171412856897476, -15.47397686687295959, 10.09999999999999787 ) ) ;
#3642 = VECTOR ( 'NONE', #500, 1000.000000000000000 ) ;
#3643 = ORIENTED_EDGE ( 'NONE', *, *, #5134, .F. ) ;
#3644 = DIRECTION ( 'NONE',  ( -1.000000000000000000, 0.000000000000000000, 0.000000000000000000 ) ) ;
#3645 = DIRECTION ( 'NONE',  ( 0.000000000000000000, 0.000000000000000000, -1.000000000000000000 ) ) ;
#3646 = AXIS2_PLACEMENT_3D ( 'NONE', #2401, #466, #5178 ) ;
#3647 = EDGE_LOOP ( 'NONE', ( #7527, #6837, #5655, #7879 ) ) ;
#3648 = DIRECTION ( 'NONE',  ( -1.000000000000000000, 0.000000000000000000, 0.000000000000000000 ) ) ;
#3649 = FACE_OUTER_BOUND ( 'NONE', #1985, .T. ) ;
#3650 = CARTESIAN_POINT ( 'NONE',  ( 11.19775998191631494, -9.116737382323046646, 6.000000000000000000 ) ) ;
#3651 = ORIENTED_EDGE ( 'NONE', *, *, #667, .F. ) ;
#3652 = CYLINDRICAL_SURFACE ( 'NONE', #2174, 0.8000000000000012657 ) ;
#3653 = CARTESIAN_POINT ( 'NONE',  ( 20.12620908988083102, 15.07512043176188854, 16.00000000000000000 ) ) ;
#3654 = DIRECTION ( 'NONE',  ( -1.000000000000000000, 0.000000000000000000, -0.000000000000000000 ) ) ;
#3655 = ORIENTED_EDGE ( 'NONE', *, *, #6328, .T. ) ;
#3656 = CARTESIAN_POINT ( 'NONE',  ( -40.96473054147741522, -9.107298248878237246E-14, 23.33333333333336057 ) ) ;
#3657 = FACE_OUTER_BOUND ( 'NONE', #4425, .T. ) ;
#3658 = CARTESIAN_POINT ( 'NONE',  ( 0.000000000000000000, 0.000000000000000000, 10.09999999999999964 ) ) ;
#3659 = EDGE_CURVE ( 'NONE', #1263, #6157, #6111, .T. ) ;
#3660 = EDGE_CURVE ( 'NONE', #7444, #5249, #2393, .T. ) ;
#3661 = VECTOR ( 'NONE', #8876, 1000.000000000000000 ) ;
#3662 = VECTOR ( 'NONE', #8768, 1000.000000000000000 ) ;
#3663 = DIRECTION ( 'NONE',  ( -0.000000000000000000, -0.000000000000000000, 1.000000000000000000 ) ) ;
#3664 = EDGE_LOOP ( 'NONE', ( #4753, #681, #141, #1504, #6700 ) ) ;
#3665 = PLANE ( 'NONE',  #6406 ) ;
#3666 = DIRECTION ( 'NONE',  ( -0.000000000000000000, -0.000000000000000000, 1.000000000000000000 ) ) ;
#3667 = ADVANCED_FACE ( 'NONE', ( #5443 ), #8168, .F. ) ;
#3668 = DIRECTION ( 'NONE',  ( -1.000000000000000000, 0.000000000000000000, 0.000000000000000000 ) ) ;
#3669 = DIRECTION ( 'NONE',  ( -0.8660254037844385966, 0.4999999999999999445, -0.000000000000000000 ) ) ;
#3670 = EDGE_CURVE ( 'NONE', #4057, #8719, #1965, .T. ) ;
#3671 = AXIS2_PLACEMENT_3D ( 'NONE', #4993, #3645, #2930 ) ;
#3672 = CARTESIAN_POINT ( 'NONE',  ( -39.99287180435997158, -30.07006005641547119, 10.09999999999999964 ) ) ;
#3673 = EDGE_LOOP ( 'NONE', ( #3061, #3555, #7775, #4455 ) ) ;
#3674 = CARTESIAN_POINT ( 'NONE',  ( -37.51393042042533921, -30.07163318716741784, 9.910718035950512927 ) ) ;
#3675 = EDGE_CURVE ( 'NONE', #3948, #4833, #6398, .T. ) ;
#3676 = CIRCLE ( 'NONE', #371, 1.000000000018832935 ) ;
#3677 = ORIENTED_EDGE ( 'NONE', *, *, #2360, .F. ) ;
#3678 = EDGE_CURVE ( 'NONE', #4625, #1413, #951, .T. ) ;
#3679 = CYLINDRICAL_SURFACE ( 'NONE', #7834, 1.499999999999999112 ) ;
#3680 = ORIENTED_EDGE ( 'NONE', *, *, #2732, .T. ) ;
#3681 = CARTESIAN_POINT ( 'NONE',  ( 22.90000000000000213, -35.51030448435589193, 18.99999999999999289 ) ) ;
#3682 = CIRCLE ( 'NONE', #7113, 1.000000000018832935 ) ;
#3683 = CARTESIAN_POINT ( 'NONE',  ( 44.29806387481069407, 20.73915911672533952, 11.66666666666666607 ) ) ;
#3684 = VECTOR ( 'NONE', #2730, 1000.000000000000000 ) ;
#3685 = CIRCLE ( 'NONE', #2961, 3.200000000018833557 ) ;
#3686 = CARTESIAN_POINT ( 'NONE',  ( -6.458625426390474544, 39.83151536678312965, 0.000000000000000000 ) ) ;
#3687 = ORIENTED_EDGE ( 'NONE', *, *, #5380, .F. ) ;
#3688 = DIRECTION ( 'NONE',  ( 0.5000000000000039968, 0.8660254037844363761, -0.000000000000000000 ) ) ;
#3689 = CIRCLE ( 'NONE', #8122, 1.999999999999998224 ) ;
#3690 = ORIENTED_EDGE ( 'NONE', *, *, #8658, .T. ) ;
#3691 = ADVANCED_FACE ( 'NONE', ( #4992 ), #2293, .F. ) ;
#3692 = DIRECTION ( 'NONE',  ( 0.8660254037844364872, -0.5000000000000038858, 1.110223024625156294E-16 ) ) ;
#3693 = PLANE ( 'NONE',  #4819 ) ;
#3694 = VERTEX_POINT ( 'NONE', #4947 ) ;
#3695 = DIRECTION ( 'NONE',  ( 0.000000000000000000, 0.000000000000000000, -1.000000000000000000 ) ) ;
#3696 = ADVANCED_FACE ( 'NONE', ( #1587 ), #5577, .T. ) ;
#3697 = CARTESIAN_POINT ( 'NONE',  ( 13.78348506850107746, 28.93535121240287111, 10.09999999999999787 ) ) ;
#3698 = DIRECTION ( 'NONE',  ( 0.000000000000000000, -0.000000000000000000, -1.000000000000000000 ) ) ;
#3699 = EDGE_LOOP ( 'NONE', ( #4525, #7292 ) ) ;
#3700 = LINE ( 'NONE', #2896, #4467 ) ;
#3701 = CARTESIAN_POINT ( 'NONE',  ( 8.799647958782101043, 17.88326261765006109, 27.31370849898443609 ) ) ;
#3702 = CARTESIAN_POINT ( 'NONE',  ( 8.799647958782101043, 17.88326261765006109, 16.00000000000000355 ) ) ;
#3703 = ORIENTED_EDGE ( 'NONE', *, *, #3678, .T. ) ;
#3704 = CARTESIAN_POINT ( 'NONE',  ( -24.90938724951297800, -7.401276679352514876, 12.50000000000000000 ) ) ;
#3705 = CARTESIAN_POINT ( 'NONE',  ( -9.859227261804676345, 33.37949395435406075, 16.49999999999999645 ) ) ;
#3706 = ORIENTED_EDGE ( 'NONE', *, *, #4054, .T. ) ;
#3707 = CARTESIAN_POINT ( 'NONE',  ( -22.90000000000000213, -114.9999999999999289, 12.60000000000000675 ) ) ;
#3708 = EDGE_CURVE ( 'NONE', #7516, #2540, #5112, .T. ) ;
#3709 = ORIENTED_EDGE ( 'NONE', *, *, #507, .F. ) ;
#3710 = DIRECTION ( 'NONE',  ( 0.8660254037844434816, 0.4999999999999915623, 0.000000000000000000 ) ) ;
#3711 = DIRECTION ( 'NONE',  ( -0.000000000000000000, -0.000000000000000000, -1.000000000000000000 ) ) ;
#3712 = CARTESIAN_POINT ( 'NONE',  ( 13.59587200499385595, 17.88326261765006109, 0.000000000000000000 ) ) ;
#3713 = EDGE_CURVE ( 'NONE', #6791, #7713, #8479, .T. ) ;
#3714 = DIRECTION ( 'NONE',  ( -1.000000000000000000, 0.000000000000000000, 0.000000000000000000 ) ) ;
#3715 = EDGE_LOOP ( 'NONE', ( #2769, #5256, #8364, #8319 ) ) ;
#3716 = EDGE_CURVE ( 'NONE', #6019, #2506, #7726, .T. ) ;
#3717 = LINE ( 'NONE', #6538, #8783 ) ;
#3718 = EDGE_CURVE ( 'NONE', #1443, #6419, #5032, .T. ) ;
#3719 = VERTEX_POINT ( 'NONE', #2338 ) ;
#3720 = FACE_OUTER_BOUND ( 'NONE', #7845, .T. ) ;
#3721 = EDGE_LOOP ( 'NONE', ( #2956, #5608, #7967, #4735 ) ) ;
#3722 = DIRECTION ( 'NONE',  ( 0.000000000000000000, 0.000000000000000000, -1.000000000000000000 ) ) ;
#3723 = CYLINDRICAL_SURFACE ( 'NONE', #658, 0.8000000000000009326 ) ;
#3724 = CARTESIAN_POINT ( 'NONE',  ( 16.00599549018990686, -36.10007460160268522, 12.00000000000000000 ) ) ;
#3725 = ORIENTED_EDGE ( 'NONE', *, *, #6577, .F. ) ;
#3726 = DIRECTION ( 'NONE',  ( -0.000000000000000000, 1.000000000000000000, -0.000000000000000000 ) ) ;
#3727 = ORIENTED_EDGE ( 'NONE', *, *, #4237, .T. ) ;
#3728 = EDGE_CURVE ( 'NONE', #2758, #8788, #6918, .T. ) ;
#3729 = CARTESIAN_POINT ( 'NONE',  ( 2.712160293701701530, 41.88712814055340772, 35.00000000000000000 ) ) ;
#3730 = LINE ( 'NONE', #4416, #1385 ) ;
#3731 = ORIENTED_EDGE ( 'NONE', *, *, #6130, .T. ) ;
#3732 = CARTESIAN_POINT ( 'NONE',  ( 41.05860311233816873, -8.325866583873127169, 2.299999999999999822 ) ) ;
#3733 = LINE ( 'NONE', #3011, #3738 ) ;
#3734 = DIRECTION ( 'NONE',  ( -0.000000000000000000, 1.000000000000000000, -0.000000000000000000 ) ) ;
#3735 = ORIENTED_EDGE ( 'NONE', *, *, #6712, .T. ) ;
#3736 = FACE_OUTER_BOUND ( 'NONE', #3838, .T. ) ;
#3737 = AXIS2_PLACEMENT_3D ( 'NONE', #1871, #2850, #2136 ) ;
#3738 = VECTOR ( 'NONE', #2215, 1000.000000000000000 ) ;
#3739 = PLANE ( 'NONE',  #3081 ) ;
#3740 = DIRECTION ( 'NONE',  ( 0.000000000000000000, 0.000000000000000000, -1.000000000000000000 ) ) ;
#3741 = VERTEX_POINT ( 'NONE', #4230 ) ;
#3742 = FACE_OUTER_BOUND ( 'NONE', #2543, .T. ) ;
#3743 = CARTESIAN_POINT ( 'NONE',  ( -11.80224001811209789, -9.116737382349995755, 10.09999999999999787 ) ) ;
#3744 = VECTOR ( 'NONE', #6736, 1000.000000000000114 ) ;
#3745 = B_SPLINE_CURVE_WITH_KNOTS ( 'NONE', 3,
 ( #8883, #2706, #5345, #585, #677, #3410, #2656, #1981, #3278 ),
 .UNSPECIFIED., .F., .F.,
 ( 4, 2, 1, 1, 1, 4 ),
 ( 0.002294796120347328012, 0.003357699197023175132, 0.004563672815827433775, 0.005769646434631694153, 0.006975620053435953663, 0.008181593672240212306 ),
 .UNSPECIFIED. ) ;
#3746 = VERTEX_POINT ( 'NONE', #6253 ) ;
#3747 = AXIS2_PLACEMENT_3D ( 'NONE', #5058, #3666, #2909 ) ;
#3748 = CARTESIAN_POINT ( 'NONE',  ( 0.000000000000000000, 0.000000000000000000, 16.00000000000000355 ) ) ;
#3749 = VECTOR ( 'NONE', #5692, 1000.000000000000000 ) ;
#3750 = ORIENTED_EDGE ( 'NONE', *, *, #4981, .T. ) ;
#3751 = FACE_OUTER_BOUND ( 'NONE', #1056, .T. ) ;
#3752 = LINE ( 'NONE', #1651, #8464 ) ;
#3753 = DIRECTION ( 'NONE',  ( -0.000000000000000000, -0.000000000000000000, -1.000000000000000000 ) ) ;
#3754 = AXIS2_PLACEMENT_3D ( 'NONE', #5421, #6271, #8146 ) ;
#3755 = VECTOR ( 'NONE', #6449, 1000.000000000000000 ) ;
#3756 = LINE ( 'NONE', #3164, #5457 ) ;
#3757 = ORIENTED_EDGE ( 'NONE', *, *, #2394, .F. ) ;
#3758 = CARTESIAN_POINT ( 'NONE',  ( -16.74507319006178108, -41.33711864330750529, 12.10953012065156464 ) ) ;
#3759 = EDGE_LOOP ( 'NONE', ( #7803, #3757, #8079, #8251 ) ) ;
#3760 = CARTESIAN_POINT ( 'NONE',  ( -44.67243466288018539, -17.73651511266554337, 10.35636890842371294 ) ) ;
#3761 = ORIENTED_EDGE ( 'NONE', *, *, #483, .T. ) ;
#3762 = CARTESIAN_POINT ( 'NONE',  ( 44.61849957232350761, -17.93508596131599830, 10.54514172537231254 ) ) ;
#3763 = CYLINDRICAL_SURFACE ( 'NONE', #4392, 1.499999999999999334 ) ;
#3764 = ADVANCED_FACE ( 'NONE', ( #4316 ), #4370, .F. ) ;
#3765 = CARTESIAN_POINT ( 'NONE',  ( -27.49999999999999645, -3.141400665743015352, 16.00000000000000355 ) ) ;
#3766 = EDGE_LOOP ( 'NONE', ( #1782, #6041, #72, #4162, #6719, #2032, #1586 ) ) ;
#3767 = VECTOR ( 'NONE', #3734, 1000.000000000000000 ) ;
#3768 = CARTESIAN_POINT ( 'NONE',  ( -26.14708080932900813, 35.16810406380066212, 12.50000000000000000 ) ) ;
#3769 = ORIENTED_EDGE ( 'NONE', *, *, #815, .T. ) ;
#3770 = CARTESIAN_POINT ( 'NONE',  ( 2.335312976642887950, 49.56246219786560658, 11.66666666666667140 ) ) ;
#3771 = FACE_OUTER_BOUND ( 'NONE', #2660, .T. ) ;
#3772 = ORIENTED_EDGE ( 'NONE', *, *, #5681, .F. ) ;
#3773 = DIRECTION ( 'NONE',  ( -0.000000000000000000, -0.000000000000000000, -1.000000000000000000 ) ) ;
#3774 = VECTOR ( 'NONE', #7297, 1000.000000000000000 ) ;
#3775 = PLANE ( 'NONE',  #7500 ) ;
#3776 = AXIS2_PLACEMENT_3D ( 'NONE', #6339, #907, #7141 ) ;
#3777 = LINE ( 'NONE', #5126, #3767 ) ;
#3778 = ORIENTED_EDGE ( 'NONE', *, *, #4731, .T. ) ;
#3779 = DIRECTION ( 'NONE',  ( -0.000000000000000000, -0.000000000000000000, -1.000000000000000000 ) ) ;
#3780 = VECTOR ( 'NONE', #5287, 1000.000000000000000 ) ;
#3781 = DIRECTION ( 'NONE',  ( -1.000000000000000000, 0.000000000000000000, -0.000000000000000000 ) ) ;
#3782 = CYLINDRICAL_SURFACE ( 'NONE', #1731, 2.000000000000001776 ) ;
#3783 = EDGE_CURVE ( 'NONE', #5973, #390, #5971, .T. ) ;
#3784 = VERTEX_POINT ( 'NONE', #2968 ) ;
#3785 = CYLINDRICAL_SURFACE ( 'NONE', #2345, 3.699999999903309966 ) ;
#3786 = EDGE_CURVE ( 'NONE', #8595, #7441, #3685, .T. ) ;
#3787 = CARTESIAN_POINT ( 'NONE',  ( 1.542399808671487644E-15, 50.66987298107782323, 2.600000000000000533 ) ) ;
#3788 = ORIENTED_EDGE ( 'NONE', *, *, #6011, .T. ) ;
#3789 = DIRECTION ( 'NONE',  ( 0.4999999999999882871, -0.8660254037844453689, 0.000000000000000000 ) ) ;
#3790 = FACE_OUTER_BOUND ( 'NONE', #7587, .T. ) ;
#3791 = ORIENTED_EDGE ( 'NONE', *, *, #3796, .F. ) ;
#3792 = EDGE_CURVE ( 'NONE', #3335, #2118, #272, .T. ) ;
#3793 = CARTESIAN_POINT ( 'NONE',  ( -20.70224001811205028, -3.141400665743015352, 16.00000000000000000 ) ) ;
#3794 = EDGE_CURVE ( 'NONE', #4025, #8719, #6420, .T. ) ;
#3795 = CARTESIAN_POINT ( 'NONE',  ( -3.749999999401441020, 6.495190527346696108, 11.00000000000000000 ) ) ;
#3796 = EDGE_CURVE ( 'NONE', #7601, #5545, #822, .T. ) ;
#3797 = CARTESIAN_POINT ( 'NONE',  ( -2.335312976642795579, -49.56246219786567053, 11.66666666666669272 ) ) ;
#3798 = VECTOR ( 'NONE', #6617, 1000.000000000000000 ) ;
#3799 = FACE_OUTER_BOUND ( 'NONE', #3211, .T. ) ;
#3800 = EDGE_LOOP ( 'NONE', ( #4373, #3769, #1187, #5893 ) ) ;
#3801 = DIRECTION ( 'NONE',  ( -0.5000000000000001110, -0.8660254037844385966, 0.000000000000000000 ) ) ;
#3802 = DIRECTION ( 'NONE',  ( 0.000000000000000000, -0.000000000000000000, -1.000000000000000000 ) ) ;
#3803 = AXIS2_PLACEMENT_3D ( 'NONE', #7264, #1126, #5255 ) ;
#3804 = ORIENTED_EDGE ( 'NONE', *, *, #7022, .F. ) ;
#3805 = EDGE_CURVE ( 'NONE', #4619, #4858, #6290, .T. ) ;
#3806 = DIRECTION ( 'NONE',  ( -0.000000000000000000, -0.000000000000000000, -1.000000000000000000 ) ) ;
#3807 = VERTEX_POINT ( 'NONE', #2885 ) ;
#3808 = DIRECTION ( 'NONE',  ( 1.493941974368068244E-16, 1.000000000000000000, 0.000000000000000000 ) ) ;
#3809 = VECTOR ( 'NONE', #5090, 1000.000000000000000 ) ;
#3810 = CARTESIAN_POINT ( 'NONE',  ( -37.78311253585379603, 21.01390591497600369, 27.31370849898443609 ) ) ;
#3811 = VECTOR ( 'NONE', #5388, 1000.000000000000000 ) ;
#3812 = DIRECTION ( 'NONE',  ( 0.000000000000000000, 1.000000000000000000, -0.000000000000000000 ) ) ;
#3813 = AXIS2_PLACEMENT_3D ( 'NONE', #414, #3144, #557 ) ;
#3814 = ORIENTED_EDGE ( 'NONE', *, *, #8175, .F. ) ;
#3815 = AXIS2_PLACEMENT_3D ( 'NONE', #2224, #5676, #835 ) ;
#3816 = DIRECTION ( 'NONE',  ( 1.334402673828313586E-16, 1.000000000000000000, 0.000000000000000000 ) ) ;
#3817 = EDGE_LOOP ( 'NONE', ( #4812, #3224, #3382, #6492, #7512, #683, #7206, #2451, #6150 ) ) ;
#3818 = EDGE_CURVE ( 'NONE', #6019, #3490, #8349, .T. ) ;
#3819 = CARTESIAN_POINT ( 'NONE',  ( 18.81569860407194739, 32.58974596215585962, 35.00000000000007105 ) ) ;
#3820 = CIRCLE ( 'NONE', #8830, 2.000000000000000000 ) ;
#3821 = CYLINDRICAL_SURFACE ( 'NONE', #8106, 4.099999999999999645 ) ;
#3822 = VECTOR ( 'NONE', #2680, 1000.000000000000000 ) ;
#3823 = ORIENTED_EDGE ( 'NONE', *, *, #5310, .F. ) ;
#3824 = DIRECTION ( 'NONE',  ( -1.000000000000000000, 0.000000000000000000, 0.000000000000000000 ) ) ;
#3825 = DIRECTION ( 'NONE',  ( -0.5000000000000001110, -0.8660254037844385966, 0.000000000000000000 ) ) ;
#3826 = CIRCLE ( 'NONE', #381, 0.5999999999999998668 ) ;
#3827 = DIRECTION ( 'NONE',  ( -0.8660254037844433705, -0.4999999999999918954, -0.000000000000000000 ) ) ;
#3828 = ORIENTED_EDGE ( 'NONE', *, *, #5904, .T. ) ;
#3829 = DIRECTION ( 'NONE',  ( 0.000000000000000000, -0.000000000000000000, 1.000000000000000000 ) ) ;
#3830 = EDGE_CURVE ( 'NONE', #1514, #8847, #7116, .T. ) ;
#3831 = UNCERTAINTY_MEASURE_WITH_UNIT (LENGTH_MEASURE( 1.000000000000000082E-05 ), #8290, 'distance_accuracy_value', 'NONE');
#3832 = CARTESIAN_POINT ( 'NONE',  ( -6.045000000000005258, 32.73634711715670420, 18.09999999999999787 ) ) ;
#3833 = LINE ( 'NONE', #1136, #369 ) ;
#3834 = ADVANCED_FACE ( 'NONE', ( #7984 ), #5076, .F. ) ;
#3835 = ORIENTED_EDGE ( 'NONE', *, *, #8658, .F. ) ;
#3836 = CARTESIAN_POINT ( 'NONE',  ( -43.55034400294248087, 24.69179201507211374, 11.66666666666666607 ) ) ;
#3837 = DIRECTION ( 'NONE',  ( -0.7250492712946070561, -0.6886969973763202857, 0.000000000000000000 ) ) ;
#3838 = EDGE_LOOP ( 'NONE', ( #5859, #6757, #518, #4558, #1161 ) ) ;
#3839 = CARTESIAN_POINT ( 'NONE',  ( 14.41073099951974790, -46.67996057820803912, 0.000000000000000000 ) ) ;
#3840 = DIRECTION ( 'NONE',  ( 0.000000000000000000, 0.000000000000000000, -1.000000000000000000 ) ) ;
#3841 = EDGE_LOOP ( 'NONE', ( #8150, #5031, #150, #5989 ) ) ;
#3842 = LINE ( 'NONE', #424, #7224 ) ;
#3843 = VERTEX_POINT ( 'NONE', #1715 ) ;
#3844 = CARTESIAN_POINT ( 'NONE',  ( -30.95234766677791427, 33.28065194793736481, 11.66666666666666785 ) ) ;
#3845 = CARTESIAN_POINT ( 'NONE',  ( 4.500000000000021316, 50.66987298107784454, 4.199999999999999289 ) ) ;
#3846 = DIRECTION ( 'NONE',  ( 1.000000000000000000, 0.000000000000000000, 0.000000000000000000 ) ) ;
#3847 = EDGE_CURVE ( 'NONE', #4417, #2815, #5786, .T. ) ;
#3848 = EDGE_LOOP ( 'NONE', ( #4291, #3537, #2203, #79 ) ) ;
#3849 = DIRECTION ( 'NONE',  ( -1.000000000000000000, 0.000000000000000000, -0.000000000000000000 ) ) ;
#3850 = ORIENTED_EDGE ( 'NONE', *, *, #3708, .T. ) ;
#3851 = CARTESIAN_POINT ( 'NONE',  ( 38.16565829136300891, 25.18882062048294301, 0.000000000000000000 ) ) ;
#3852 = EDGE_CURVE ( 'NONE', #1018, #7451, #4410, .T. ) ;
#3853 = CARTESIAN_POINT ( 'NONE',  ( 14.71171412856897476, -12.11673738234993714, 30.99999999999999645 ) ) ;
#3854 = ORIENTED_EDGE ( 'NONE', *, *, #2138, .T. ) ;
#3855 = CARTESIAN_POINT ( 'NONE',  ( -41.78289081426766671, -1.653553735563576543, 0.000000000000000000 ) ) ;
#3856 = ORIENTED_EDGE ( 'NONE', *, *, #2291, .F. ) ;
#3857 = LINE ( 'NONE', #7848, #2039 ) ;
#3858 = DIRECTION ( 'NONE',  ( -0.7250492712946070561, -0.6886969973763202857, 0.000000000000000000 ) ) ;
#3859 = CARTESIAN_POINT ( 'NONE',  ( 15.86867390121923016, -25.92935667042204528, 4.000000000000000000 ) ) ;
#3860 = ORIENTED_EDGE ( 'NONE', *, *, #3670, .F. ) ;
#3861 = CARTESIAN_POINT ( 'NONE',  ( 17.72356672685348045, -33.85622107339584375, 0.000000000000000000 ) ) ;
#3862 = EDGE_LOOP ( 'NONE', ( #6249, #1516, #1636, #6611, #2752, #3687 ) ) ;
#3863 = CARTESIAN_POINT ( 'NONE',  ( 30.95234766677778993, 33.28065194793748560, 11.66666666666664653 ) ) ;
#3864 = CARTESIAN_POINT ( 'NONE',  ( -43.56985711980882314, -25.15506873667523635, 11.00000000000000000 ) ) ;
#3865 = ORIENTED_EDGE ( 'NONE', *, *, #2904, .F. ) ;
#3866 = DIRECTION ( 'NONE',  ( 0.8660254037844362651, -0.5000000000000039968, 0.000000000000000000 ) ) ;
#3867 = DIRECTION ( 'NONE',  ( 0.000000000000000000, -0.000000000000000000, 1.000000000000000000 ) ) ;
#3868 = CARTESIAN_POINT ( 'NONE',  ( -28.50000000000000000, 18.24084142499060590, 30.50000000000000355 ) ) ;
#3869 = VERTEX_POINT ( 'NONE', #5829 ) ;
#3870 = CARTESIAN_POINT ( 'NONE',  ( -39.78311253585448526, 17.54980429983865164, 5.000000000000000000 ) ) ;
#3871 = DIRECTION ( 'NONE',  ( 0.000000000000000000, 0.000000000000000000, 1.000000000000000000 ) ) ;
#3872 = LINE ( 'NONE', #5880, #8823 ) ;
#3873 = ORIENTED_EDGE ( 'NONE', *, *, #4646, .T. ) ;
#3874 = CARTESIAN_POINT ( 'NONE',  ( -47.31931313459639199, 24.31859236641077260, 0.000000000000000000 ) ) ;
#3875 = DIRECTION ( 'NONE',  ( -0.8660254037844433705, -0.4999999999999920064, -0.000000000000000000 ) ) ;
#3876 = ORIENTED_EDGE ( 'NONE', *, *, #1282, .F. ) ;
#3877 = CYLINDRICAL_SURFACE ( 'NONE', #6026, 4.999999999999997335 ) ;
#3878 = LINE ( 'NONE', #517, #4372 ) ;
#3879 = EDGE_CURVE ( 'NONE', #1354, #50, #3979, .T. ) ;
#3880 = VERTEX_POINT ( 'NONE', #1172 ) ;
#3881 = CIRCLE ( 'NONE', #6, 0.5999999999999998668 ) ;
#3882 = EDGE_CURVE ( 'NONE', #1882, #218, #1541, .T. ) ;
#3883 = LINE ( 'NONE', #8627, #352 ) ;
#3884 = ORIENTED_EDGE ( 'NONE', *, *, #3020, .F. ) ;
#3885 = CARTESIAN_POINT ( 'NONE',  ( -43.40489990004040521, 25.05983064143703842, 11.66666666666666785 ) ) ;
#3886 = AXIS2_PLACEMENT_3D ( 'NONE', #1852, #3968, #6695 ) ;
#3887 = DIRECTION ( 'NONE',  ( -1.000000000000000000, 1.095216215801691104E-16, 0.000000000000000000 ) ) ;
#3888 = CARTESIAN_POINT ( 'NONE',  ( -2.712160293701423530, -41.88712814055335798, 34.99999999999995737 ) ) ;
#3889 = VERTEX_POINT ( 'NONE', #2468 ) ;
#3890 = CARTESIAN_POINT ( 'NONE',  ( -14.17817460259215778, 17.88326261765006109, 25.05096679924108116 ) ) ;
#3891 = VERTEX_POINT ( 'NONE', #3182 ) ;
#3892 = AXIS2_PLACEMENT_3D ( 'NONE', #2881, #3688, #2163 ) ;
#3893 = CARTESIAN_POINT ( 'NONE',  ( 39.99287180435956657, -30.07006005641602897, 0.000000000000000000 ) ) ;
#3894 = DIRECTION ( 'NONE',  ( -0.000000000000000000, -0.000000000000000000, -1.000000000000000000 ) ) ;
#3895 = AXIS2_PLACEMENT_3D ( 'NONE', #372, #2572, #3193 ) ;
#3896 = ORIENTED_EDGE ( 'NONE', *, *, #6355, .F. ) ;
#3897 = CARTESIAN_POINT ( 'NONE',  ( -13.40705325501500056, -41.10007460160269233, 12.00000000000000000 ) ) ;
#3898 = ADVANCED_FACE ( 'NONE', ( #8653 ), #5622, .T. ) ;
#3899 = VECTOR ( 'NONE', #6847, 1000.000000000000000 ) ;
#3900 = ORIENTED_EDGE ( 'NONE', *, *, #1865, .T. ) ;
#3901 = CARTESIAN_POINT ( 'NONE',  ( 44.53958474440419479, -18.39880585641257227, 10.82134362308983810 ) ) ;
#3902 = CYLINDRICAL_SURFACE ( 'NONE', #5387, 5.999999999999998224 ) ;
#3903 = VECTOR ( 'NONE', #3445, 1000.000000000000114 ) ;
#3904 = DIRECTION ( 'NONE',  ( 1.000000000000000000, 0.000000000000000000, 0.000000000000000000 ) ) ;
#3905 = ORIENTED_EDGE ( 'NONE', *, *, #2444, .T. ) ;
#3906 = CARTESIAN_POINT ( 'NONE',  ( -41.70298551693151978, 4.224486752532996547, 0.000000000000000000 ) ) ;
#3907 = ORIENTED_EDGE ( 'NONE', *, *, #4431, .F. ) ;
#3908 = CARTESIAN_POINT ( 'NONE',  ( 0.3914528514569807771, 50.06160025763551857, 11.66666666666666607 ) ) ;
#3909 = CARTESIAN_POINT ( 'NONE',  ( -43.88139720814437084, -25.33493649053849950, 5.000000000000000000 ) ) ;
#3910 = ADVANCED_FACE ( 'NONE', ( #6176 ), #4794, .F. ) ;
#3911 = ORIENTED_EDGE ( 'NONE', *, *, #5156, .T. ) ;
#3912 = DIRECTION ( 'NONE',  ( 0.000000000000000000, -1.000000000000000000, 0.000000000000000000 ) ) ;
#3913 = EDGE_CURVE ( 'NONE', #1948, #7864, #3820, .T. ) ;
#3914 = CARTESIAN_POINT ( 'NONE',  ( 0.000000000000000000, -32.27417035836263892, -70.99999999999992895 ) ) ;
#3915 = VECTOR ( 'NONE', #4583, 1000.000000000000227 ) ;
#3916 = CARTESIAN_POINT ( 'NONE',  ( 0.000000000000000000, 0.000000000000000000, 18.09999999999999787 ) ) ;
#3917 = ORIENTED_EDGE ( 'NONE', *, *, #120, .T. ) ;
#3918 = CYLINDRICAL_SURFACE ( 'NONE', #7311, 3.340420853704232584 ) ;
#3919 = CARTESIAN_POINT ( 'NONE',  ( -16.50000000000000355, -39.40329487089164218, 18.40000000000000213 ) ) ;
#3920 = CARTESIAN_POINT ( 'NONE',  ( -14.82393764822158388, 15.93651635355000273, 4.000000000000000000 ) ) ;
#3921 = CIRCLE ( 'NONE', #4779, 0.7999999999999994893 ) ;
#3922 = VERTEX_POINT ( 'NONE', #7571 ) ;
#3923 = CARTESIAN_POINT ( 'NONE',  ( -46.50981740034163181, 26.34862244427225164, -0.000000000000000000 ) ) ;
#3924 = CARTESIAN_POINT ( 'NONE',  ( 6.044999999999995488, 18.38326261767710434, 10.09999999999999964 ) ) ;
#3925 = VERTEX_POINT ( 'NONE', #1886 ) ;
#3926 = CARTESIAN_POINT ( 'NONE',  ( 39.49352456541446088, -32.19840296091087595, 0.000000000000000000 ) ) ;
#3927 = VECTOR ( 'NONE', #3108, 1000.000000000000114 ) ;
#3928 = CARTESIAN_POINT ( 'NONE',  ( 4.999999999999995559, -52.11324865405187978, 0.000000000000000000 ) ) ;
#3929 = VERTEX_POINT ( 'NONE', #750 ) ;
#3930 = CIRCLE ( 'NONE', #4649, 3.200000000018833557 ) ;
#3931 = VECTOR ( 'NONE', #4680, 1000.000000000000000 ) ;
#3932 = DIRECTION ( 'NONE',  ( 0.000000000000000000, 0.000000000000000000, -1.000000000000000000 ) ) ;
#3933 = ORIENTED_EDGE ( 'NONE', *, *, #6498, .F. ) ;
#3934 = CARTESIAN_POINT ( 'NONE',  ( -12.28070141654620606, 40.21173014212462249, 23.33333333333334281 ) ) ;
#3935 = ADVANCED_FACE ( 'NONE', ( #6939 ), #7612, .F. ) ;
#3936 = CARTESIAN_POINT ( 'NONE',  ( -35.13454062992149574, -20.28493649053858050, 5.000000000000000000 ) ) ;
#3937 = EDGE_CURVE ( 'NONE', #1796, #1363, #4923, .T. ) ;
#3938 = CARTESIAN_POINT ( 'NONE',  ( -6.151339674899858778, -39.90151699902708060, 34.99999999999999289 ) ) ;
#3939 = ORIENTED_EDGE ( 'NONE', *, *, #761, .F. ) ;
#3940 = PLANE ( 'NONE',  #874 ) ;
#3941 = ORIENTED_EDGE ( 'NONE', *, *, #4047, .F. ) ;
#3942 = PLANE ( 'NONE',  #5637 ) ;
#3943 = DIRECTION ( 'NONE',  ( 0.000000000000000000, 0.000000000000000000, -1.000000000000000000 ) ) ;
#3944 = EDGE_CURVE ( 'NONE', #7451, #2264, #4628, .T. ) ;
#3945 = ORIENTED_EDGE ( 'NONE', *, *, #151, .T. ) ;
#3946 = CARTESIAN_POINT ( 'NONE',  ( -44.48854006528694782, -19.33461762284634133, 10.99999999999999645 ) ) ;
#3947 = ADVANCED_FACE ( 'NONE', ( #1223 ), #703, .T. ) ;
#3948 = VERTEX_POINT ( 'NONE', #8239 ) ;
#3949 = DIRECTION ( 'NONE',  ( -1.000000000000000000, 0.000000000000000000, 0.000000000000000000 ) ) ;
#3950 = CARTESIAN_POINT ( 'NONE',  ( 9.997759981850528277, 18.38326261767710434, 4.000000000000000000 ) ) ;
#3951 = EDGE_CURVE ( 'NONE', #6549, #1493, #6228, .T. ) ;
#3952 = FACE_OUTER_BOUND ( 'NONE', #6054, .T. ) ;
#3953 = ORIENTED_EDGE ( 'NONE', *, *, #6808, .T. ) ;
#3954 = VECTOR ( 'NONE', #4974, 1000.000000000000227 ) ;
#3955 = VECTOR ( 'NONE', #6388, 1000.000000000000000 ) ;
#3956 = PLANE ( 'NONE',  #447 ) ;
#3957 = VERTEX_POINT ( 'NONE', #5558 ) ;
#3958 = VECTOR ( 'NONE', #4528, 1000.000000000000000 ) ;
#3959 = CARTESIAN_POINT ( 'NONE',  ( 40.51814855409207183, 23.39316397477071519, 23.33333333333333570 ) ) ;
#3960 = FACE_OUTER_BOUND ( 'NONE', #3647, .T. ) ;
#3961 = ORIENTED_EDGE ( 'NONE', *, *, #3056, .F. ) ;
#3962 = CYLINDRICAL_SURFACE ( 'NONE', #3501, 1.999999999999998224 ) ;
#3963 = CARTESIAN_POINT ( 'NONE',  ( 26.15174621610094619, -8.118552963142217749, 4.000000000000000000 ) ) ;
#3964 = VECTOR ( 'NONE', #7094, 999.9999999999998863 ) ;
#3965 = CARTESIAN_POINT ( 'NONE',  ( 31.37300823056312638, -11.13304999270155804, 18.09999999999999787 ) ) ;
#3966 = EDGE_CURVE ( 'NONE', #6348, #1595, #8286, .T. ) ;
#3967 = VERTEX_POINT ( 'NONE', #2186 ) ;
#3968 = DIRECTION ( 'NONE',  ( 0.000000000000000000, -0.000000000000000000, -1.000000000000000000 ) ) ;
#3969 = ADVANCED_FACE ( 'NONE', ( #7659 ), #3665, .T. ) ;
#3970 = EDGE_CURVE ( 'NONE', #4130, #6729, #3073, .T. ) ;
#3971 = DIRECTION ( 'NONE',  ( -0.000000000000000000, -0.000000000000000000, -1.000000000000000000 ) ) ;
#3972 = VECTOR ( 'NONE', #116, 1000.000000000000000 ) ;
#3973 = LINE ( 'NONE', #5171, #6106 ) ;
#3974 = ORIENTED_EDGE ( 'NONE', *, *, #1698, .F. ) ;
#3975 = CARTESIAN_POINT ( 'NONE',  ( -44.29806387481082197, 20.73915911672515122, 11.66666666666666785 ) ) ;
#3976 = ORIENTED_EDGE ( 'NONE', *, *, #6233, .F. ) ;
#3977 = CARTESIAN_POINT ( 'NONE',  ( -5.500000001199720323, 48.19551468385818538, 10.99999999999999645 ) ) ;
#3978 = VECTOR ( 'NONE', #1836, 1000.000000000000000 ) ;
#3979 = CIRCLE ( 'NONE', #7836, 2.000000000000001776 ) ;
#3980 = CARTESIAN_POINT ( 'NONE',  ( 16.50000000000000355, -29.00000000000000000, 30.99999999999999645 ) ) ;
#3981 = ORIENTED_EDGE ( 'NONE', *, *, #6456, .F. ) ;
#3982 = CARTESIAN_POINT ( 'NONE',  ( 14.22923151169096556, -8.091954300746134976, 16.00000000000000711 ) ) ;
#3983 = ORIENTED_EDGE ( 'NONE', *, *, #4924, .F. ) ;
#3984 = CARTESIAN_POINT ( 'NONE',  ( -3.465324307104696189, 49.10669082699953236, 11.66666666666667318 ) ) ;
#3985 = DIRECTION ( 'NONE',  ( 0.4999999999999919509, -0.8660254037844433705, 0.000000000000000000 ) ) ;
#3986 = EDGE_CURVE ( 'NONE', #5483, #7791, #880, .T. ) ;
#3987 = CARTESIAN_POINT ( 'NONE',  ( -40.24429721133545712, -23.63524431319162744, 23.33333333333333570 ) ) ;
#3988 = ORIENTED_EDGE ( 'NONE', *, *, #1255, .T. ) ;
#3989 = DIRECTION ( 'NONE',  ( 0.000000000000000000, 0.000000000000000000, -1.000000000000000000 ) ) ;
#3990 = EDGE_CURVE ( 'NONE', #1787, #6549, #3689, .T. ) ;
#3991 = CARTESIAN_POINT ( 'NONE',  ( 11.19775998191631494, -9.116737382323046646, 6.000000000000000000 ) ) ;
#3992 = CARTESIAN_POINT ( 'NONE',  ( 7.499999998803003720, -1.000802005211507656E-15, 11.00000000000000000 ) ) ;
#3993 = DIRECTION ( 'NONE',  ( -1.000000000000000000, 0.000000000000000000, 0.000000000000000000 ) ) ;
#3994 = ORIENTED_EDGE ( 'NONE', *, *, #5795, .T. ) ;
#3995 = CARTESIAN_POINT ( 'NONE',  ( -27.94853440685351487, 32.04789490541048735, 12.50000000000000000 ) ) ;
#3996 = DIRECTION ( 'NONE',  ( -1.000000000000000000, -0.000000000000000000, -0.000000000000000000 ) ) ;
#3997 = DIRECTION ( 'NONE',  ( -0.000000000000000000, -0.000000000000000000, -1.000000000000000000 ) ) ;
#3999 = ORIENTED_EDGE ( 'NONE', *, *, #338, .F. ) ;
#3998 = EDGE_CURVE ( 'NONE', #982, #2612, #7025, .T. ) ;
#4000 = EDGE_CURVE ( 'NONE', #3428, #6751, #6483, .T. ) ;
#4001 = CARTESIAN_POINT ( 'NONE',  ( -21.36205965554816899, 36.94370621080066996, 12.50000000000000000 ) ) ;
#4002 = ORIENTED_EDGE ( 'NONE', *, *, #4780, .F. ) ;
#4003 = CARTESIAN_POINT ( 'NONE',  ( 11.19775998191631494, -9.116737382323046646, 25.05096679924108116 ) ) ;
#4004 = ORIENTED_EDGE ( 'NONE', *, *, #1853, .T. ) ;
#4005 = DIRECTION ( 'NONE',  ( -0.2546397859767810523, -0.9670359762685662997, 0.000000000000000000 ) ) ;
#4006 = CARTESIAN_POINT ( 'NONE',  ( -43.71945676850810258, -24.78646803959793843, 11.00000000000000533 ) ) ;
#4007 = CARTESIAN_POINT ( 'NONE',  ( 6.044999999999995488, 18.38326261767710434, 0.000000000000000000 ) ) ;
#4008 = ORIENTED_EDGE ( 'NONE', *, *, #3385, .F. ) ;
#4009 = FACE_BOUND ( 'NONE', #4555, .T. ) ;
#4010 = ORIENTED_EDGE ( 'NONE', *, *, #6983, .T. ) ;
#4011 = LINE ( 'NONE', #6738, #5824 ) ;
#4012 = LINE ( 'NONE', #8221, #1918 ) ;
#4013 = ORIENTED_EDGE ( 'NONE', *, *, #5135, .F. ) ;
#4014 = CARTESIAN_POINT ( 'NONE',  ( -37.78311253585379603, 21.01390591497600369, 5.000000000000000000 ) ) ;
#4015 = VERTEX_POINT ( 'NONE', #1057 ) ;
#4016 = CARTESIAN_POINT ( 'NONE',  ( 26.41571058308499076, -28.20187700022801280, 34.99999999999996447 ) ) ;
#4017 = DIRECTION ( 'NONE',  ( -0.8660254037844432595, -0.4999999999999919509, -0.000000000000000000 ) ) ;
#4018 = ORIENTED_EDGE ( 'NONE', *, *, #7160, .F. ) ;
#4019 = CARTESIAN_POINT ( 'NONE',  ( -39.27425434980444408, -31.33525536030749947, 3.000000000000925926 ) ) ;
#4020 = VERTEX_POINT ( 'NONE', #3793 ) ;
#4021 = LINE ( 'NONE', #4067, #5411 ) ;
#4022 = DIRECTION ( 'NONE',  ( 0.9377419921775836942, 0.3473326303513915581, -0.000000000000000000 ) ) ;
#4023 = CARTESIAN_POINT ( 'NONE',  ( -37.63139720814402978, -21.72649730810393010, 35.00000000000000000 ) ) ;
#4024 = CIRCLE ( 'NONE', #152, 1.999999999999998224 ) ;
#4025 = VERTEX_POINT ( 'NONE', #973 ) ;
#4026 = DIRECTION ( 'NONE',  ( 0.000000000000000000, -0.000000000000000000, -1.000000000000000000 ) ) ;
#4027 = AXIS2_PLACEMENT_3D ( 'NONE', #7188, #2147, #4330 ) ;
#4028 = LINE ( 'NONE', #4877, #4755 ) ;
#4029 = AXIS2_PLACEMENT_3D ( 'NONE', #8696, #1881, #2279 ) ;
#4030 = AXIS2_PLACEMENT_3D ( 'NONE', #6832, #108, #4235 ) ;
#4031 = ORIENTED_EDGE ( 'NONE', *, *, #7022, .T. ) ;
#4032 = DIRECTION ( 'NONE',  ( 1.000000000000000000, 0.000000000000000000, 0.000000000000000000 ) ) ;
#4033 = ORIENTED_EDGE ( 'NONE', *, *, #5650, .T. ) ;
#4034 = CARTESIAN_POINT ( 'NONE',  ( 17.72356672685348045, -33.85622107339584375, 22.08601764442490989 ) ) ;
#4035 = CARTESIAN_POINT ( 'NONE',  ( -25.32800823056306783, -21.60329712445540196, 18.09999999999999787 ) ) ;
#4036 = AXIS2_PLACEMENT_3D ( 'NONE', #2395, #5264, #5168 ) ;
#4037 = CARTESIAN_POINT ( 'NONE',  ( 17.60072470878810336, -26.92935667042205949, 4.000000000000003553 ) ) ;
#4038 = ORIENTED_EDGE ( 'NONE', *, *, #6781, .T. ) ;
#4039 = CARTESIAN_POINT ( 'NONE',  ( 26.15174621610094619, -8.118552963142217749, 0.000000000000000000 ) ) ;
#4040 = ORIENTED_EDGE ( 'NONE', *, *, #7822, .F. ) ;
#4041 = VECTOR ( 'NONE', #6188, 1000.000000000000000 ) ;
#4042 = LINE ( 'NONE', #629, #1807 ) ;
#4043 = VERTEX_POINT ( 'NONE', #7838 ) ;
#4044 = DIRECTION ( 'NONE',  ( 0.000000000000000000, 0.000000000000000000, -1.000000000000000000 ) ) ;
#4045 = EDGE_CURVE ( 'NONE', #6541, #7079, #4119, .T. ) ;
#4046 = FACE_OUTER_BOUND ( 'NONE', #6573, .T. ) ;
#4047 = EDGE_CURVE ( 'NONE', #7060, #3694, #4976, .T. ) ;
#4048 = CARTESIAN_POINT ( 'NONE',  ( -41.96152422706627760, -24.22649730810383417, 17.50000000000000000 ) ) ;
#4049 = ORIENTED_EDGE ( 'NONE', *, *, #6091, .T. ) ;
#4050 = CYLINDRICAL_SURFACE ( 'NONE', #7893, 2.000000000000000000 ) ;
#4051 = ORIENTED_EDGE ( 'NONE', *, *, #1865, .F. ) ;
#4052 = LINE ( 'NONE', #8088, #961 ) ;
#4053 = LINE ( 'NONE', #6783, #8250 ) ;
#4054 = EDGE_CURVE ( 'NONE', #3784, #5700, #5638, .T. ) ;
#4055 = ORIENTED_EDGE ( 'NONE', *, *, #1272, .T. ) ;
#4056 = CARTESIAN_POINT ( 'NONE',  ( -15.00224001810105179, 14.88326261767710967, 16.00000000000000355 ) ) ;
#4057 = VERTEX_POINT ( 'NONE', #7745 ) ;
#4058 = AXIS2_PLACEMENT_3D ( 'NONE', #785, #5040, #3698 ) ;
#4059 = CYLINDRICAL_SURFACE ( 'NONE', #8747, 0.5999999999999998668 ) ;
#4060 = DIRECTION ( 'NONE',  ( 0.8660254037844363761, -0.5000000000000041078, -0.000000000000000000 ) ) ;
#4061 = ORIENTED_EDGE ( 'NONE', *, *, #8367, .T. ) ;
#4062 = VECTOR ( 'NONE', #8176, 1000.000000000000114 ) ;
#4063 = EDGE_CURVE ( 'NONE', #8385, #6931, #5719, .T. ) ;
#4064 = LINE ( 'NONE', #4781, #5375 ) ;
#4065 = VECTOR ( 'NONE', #687, 1000.000000000000000 ) ;
#4066 = ORIENTED_EDGE ( 'NONE', *, *, #6622, .F. ) ;
#4067 = CARTESIAN_POINT ( 'NONE',  ( -46.03787180435988091, -19.59981292466155622, 10.09999999999999964 ) ) ;
#4068 = DIRECTION ( 'NONE',  ( 0.000000000000000000, 0.000000000000000000, -1.000000000000000000 ) ) ;
#4069 = CARTESIAN_POINT ( 'NONE',  ( -39.68040182451932907, -24.10989559415148165, 23.33333333333330017 ) ) ;
#4070 = VECTOR ( 'NONE', #3997, 1000.000000000000000 ) ;
#4071 = ORIENTED_EDGE ( 'NONE', *, *, #3847, .F. ) ;
#4072 = AXIS2_PLACEMENT_3D ( 'NONE', #4102, #1992, #643 ) ;
#4073 = EDGE_CURVE ( 'NONE', #1098, #4519, #247, .T. ) ;
#4074 = ADVANCED_FACE ( 'NONE', ( #5057 ), #6438, .F. ) ;
#4075 = CARTESIAN_POINT ( 'NONE',  ( 42.95691275196078607, -2.183157863060338322, 4.000000000000000000 ) ) ;
#4076 = VECTOR ( 'NONE', #572, 1000.000000000000000 ) ;
#4077 = LINE ( 'NONE', #573, #3684 ) ;
#4078 = EDGE_CURVE ( 'NONE', #3500, #1595, #1547, .T. ) ;
#4079 = CARTESIAN_POINT ( 'NONE',  ( -17.10000000000000497, -29.00000000000000000, 18.40000000000000213 ) ) ;
#4080 = VERTEX_POINT ( 'NONE', #2230 ) ;
#4081 = DIRECTION ( 'NONE',  ( 0.000000000000000000, 0.000000000000000000, -1.000000000000000000 ) ) ;
#4082 = PLANE ( 'NONE',  #4522 ) ;
#4083 = DIRECTION ( 'NONE',  ( -0.000000000000000000, -0.000000000000000000, -1.000000000000000000 ) ) ;
#4084 = VERTEX_POINT ( 'NONE', #5762 ) ;
#4085 = CARTESIAN_POINT ( 'NONE',  ( -6.670124800754306804, 47.64295217488549383, 10.62714769560174588 ) ) ;
#4086 = EDGE_CURVE ( 'NONE', #7997, #1443, #7706, .T. ) ;
#4087 = EDGE_LOOP ( 'NONE', ( #5821, #5445, #2517, #8852, #6112 ) ) ;
#4088 = DIRECTION ( 'NONE',  ( 0.000000000000000000, -0.000000000000000000, 1.000000000000000000 ) ) ;
#4089 = ORIENTED_EDGE ( 'NONE', *, *, #506, .T. ) ;
#4090 = CARTESIAN_POINT ( 'NONE',  ( -14.17817460259215778, 17.88326261765006109, 4.000000000000000000 ) ) ;
#4091 = DIRECTION ( 'NONE',  ( -1.000000000000000000, 0.000000000000000000, 5.981805089575197183E-16 ) ) ;
#4092 = DIRECTION ( 'NONE',  ( 0.000000000000000000, -1.000000000000000000, 0.000000000000000000 ) ) ;
#4093 = AXIS2_PLACEMENT_3D ( 'NONE', #5850, #8581, #4557 ) ;
#4094 = DIRECTION ( 'NONE',  ( 0.000000000000000000, 0.000000000000000000, -1.000000000000000000 ) ) ;
#4095 = ORIENTED_EDGE ( 'NONE', *, *, #373, .F. ) ;
#4096 = DIRECTION ( 'NONE',  ( -0.8660254037844384856, 0.5000000000000002220, 0.000000000000000000 ) ) ;
#4097 = EDGE_CURVE ( 'NONE', #5818, #2414, #7556, .T. ) ;
#4098 = ORIENTED_EDGE ( 'NONE', *, *, #7623, .T. ) ;
#4099 = DIRECTION ( 'NONE',  ( -2.775557561562891351E-16, 1.000000000000000000, 1.110223024625156540E-16 ) ) ;
#4100 = DIRECTION ( 'NONE',  ( -0.000000000000000000, -0.000000000000000000, -1.000000000000000000 ) ) ;
#4101 = ORIENTED_EDGE ( 'NONE', *, *, #5929, .F. ) ;
#4102 = CARTESIAN_POINT ( 'NONE',  ( 27.50000000000000000, 24.85859933425698642, 16.00000000000000355 ) ) ;
#4103 = ORIENTED_EDGE ( 'NONE', *, *, #8182, .T. ) ;
#4104 = CARTESIAN_POINT ( 'NONE',  ( -28.50000000000000000, 24.85859933425698642, 35.00000000000000000 ) ) ;
#4105 = DIRECTION ( 'NONE',  ( 0.000000000000000000, 0.000000000000000000, -1.000000000000000000 ) ) ;
#4106 = ORIENTED_EDGE ( 'NONE', *, *, #3215, .F. ) ;
#4107 = ADVANCED_FACE ( 'NONE', ( #1568 ), #1696, .F. ) ;
#4108 = CIRCLE ( 'NONE', #5678, 2.000000000000001776 ) ;
#4109 = VERTEX_POINT ( 'NONE', #2407 ) ;
#4110 = AXIS2_PLACEMENT_3D ( 'NONE', #2584, #8008, #5418 ) ;
#4111 = ADVANCED_FACE ( 'NONE', ( #3751 ), #1617, .T. ) ;
#4112 = CARTESIAN_POINT ( 'NONE',  ( 26.15174621610094619, -8.118552963142217749, 0.000000000000000000 ) ) ;
#4113 = EDGE_LOOP ( 'NONE', ( #1280, #7549 ) ) ;
#4114 = DIRECTION ( 'NONE',  ( -0.5000000000000041078, -0.8660254037844362651, 0.000000000000000000 ) ) ;
#4115 = CARTESIAN_POINT ( 'NONE',  ( 11.19775998191648192, 14.88326261767695158, 6.000000000000000000 ) ) ;
#4116 = AXIS2_PLACEMENT_3D ( 'NONE', #4686, #7497, #7412 ) ;
#4117 = CARTESIAN_POINT ( 'NONE',  ( -46.29165124598852543, -26.72649730810375601, 0.000000000000000000 ) ) ;
#4118 = VERTEX_POINT ( 'NONE', #1426 ) ;
#4119 = CIRCLE ( 'NONE', #8837, 0.8000000000000009326 ) ;
#4120 = DIRECTION ( 'NONE',  ( 0.4999999999999882871, -0.8660254037844453689, 0.000000000000000000 ) ) ;
#4121 = EDGE_CURVE ( 'NONE', #6185, #8096, #607, .T. ) ;
#4122 = PLANE ( 'NONE',  #8474 ) ;
#4123 = ORIENTED_EDGE ( 'NONE', *, *, #7142, .T. ) ;
#4124 = DIRECTION ( 'NONE',  ( -0.000000000000000000, -0.000000000000000000, 1.000000000000000000 ) ) ;
#4125 = CARTESIAN_POINT ( 'NONE',  ( 6.044999999999995488, -0.6737384941803912231, 4.000000000000000000 ) ) ;
#4126 = ORIENTED_EDGE ( 'NONE', *, *, #5928, .T. ) ;
#4127 = CARTESIAN_POINT ( 'NONE',  ( -6.538549442119092170, 3.205131473985423973, 12.50000000000000000 ) ) ;
#4128 = DIRECTION ( 'NONE',  ( -6.387494316738385755E-16, 1.000000000000000000, 0.000000000000000000 ) ) ;
#4129 = CYLINDRICAL_SURFACE ( 'NONE', #3015, 2.000000000000000000 ) ;
#4130 = VERTEX_POINT ( 'NONE', #1999 ) ;
#4131 = CARTESIAN_POINT ( 'NONE',  ( 23.50000000000000711, -37.27534673587847180, 12.59999999999999964 ) ) ;
#4132 = VERTEX_POINT ( 'NONE', #7652 ) ;
#4133 = CARTESIAN_POINT ( 'NONE',  ( 7.499999998803009937, 47.65734459833933556, 9.131241383850849047 ) ) ;
#4134 = ORIENTED_EDGE ( 'NONE', *, *, #926, .T. ) ;
#4135 = LINE ( 'NONE', #1358, #8643 ) ;
#4136 = DIRECTION ( 'NONE',  ( -1.196361017915039486E-16, 1.000000000000000000, -0.000000000000000000 ) ) ;
#4137 = LINE ( 'NONE', #8885, #5779 ) ;
#4138 = LINE ( 'NONE', #590, #2201 ) ;
#4139 = ORIENTED_EDGE ( 'NONE', *, *, #2314, .F. ) ;
#4140 = LINE ( 'NONE', #6869, #3312 ) ;
#4141 = ORIENTED_EDGE ( 'NONE', *, *, #4073, .F. ) ;
#4142 = FACE_OUTER_BOUND ( 'NONE', #8380, .T. ) ;
#4143 = CARTESIAN_POINT ( 'NONE',  ( -25.06569860407251227, -57.92468245269447635, 0.000000000000000000 ) ) ;
#4144 = ORIENTED_EDGE ( 'NONE', *, *, #5144, .F. ) ;
#4145 = DIRECTION ( 'NONE',  ( 0.8660254037844364872, -0.5000000000000039968, -0.000000000000000000 ) ) ;
#4146 = FACE_OUTER_BOUND ( 'NONE', #6822, .T. ) ;
#4147 = CARTESIAN_POINT ( 'NONE',  ( 7.499999998803009937, 47.04081414617161983, 9.000000000000000000 ) ) ;
#4148 = ORIENTED_EDGE ( 'NONE', *, *, #4656, .T. ) ;
#4149 = ORIENTED_EDGE ( 'NONE', *, *, #6051, .F. ) ;
#4150 = CARTESIAN_POINT ( 'NONE',  ( -10.35859074135642643, -12.12909331178213179, 8.000000000000000000 ) ) ;
#4151 = EDGE_LOOP ( 'NONE', ( #993, #5662, #3407, #1393 ) ) ;
#4152 = DIRECTION ( 'NONE',  ( 0.8660254037844357100, -0.5000000000000049960, 0.000000000000000000 ) ) ;
#4153 = DIRECTION ( 'NONE',  ( 0.000000000000000000, 0.000000000000000000, -1.000000000000000000 ) ) ;
#4154 = CARTESIAN_POINT ( 'NONE',  ( -40.51814855409219263, -23.39316397477053755, 23.33333333333333570 ) ) ;
#4155 = EDGE_CURVE ( 'NONE', #3869, #8641, #4942, .T. ) ;
#4156 = EDGE_LOOP ( 'NONE', ( #5290, #5398, #2169, #3564 ) ) ;
#4157 = EDGE_CURVE ( 'NONE', #6541, #4905, #2816, .T. ) ;
#4158 = PLANE ( 'NONE',  #1476 ) ;
#4159 = DIRECTION ( 'NONE',  ( 0.000000000000000000, 0.000000000000000000, 1.000000000000000000 ) ) ;
#4160 = CARTESIAN_POINT ( 'NONE',  ( 37.63139720814386635, 21.72649730810419300, 35.00000000000000000 ) ) ;
#4161 = DIRECTION ( 'NONE',  ( 1.000000000000000000, -3.620603936281805870E-16, 0.000000000000000000 ) ) ;
#4162 = ORIENTED_EDGE ( 'NONE', *, *, #3424, .F. ) ;
#4163 = CARTESIAN_POINT ( 'NONE',  ( 35.82373386563200768, -22.77015222550713602, 35.00000000000005684 ) ) ;
#4164 = DIRECTION ( 'NONE',  ( 1.000000000000000000, 0.000000000000000000, 0.000000000000000000 ) ) ;
#4165 = DIRECTION ( 'NONE',  ( -0.8660254037844368202, 0.5000000000000031086, 0.000000000000000000 ) ) ;
#4166 = ORIENTED_EDGE ( 'NONE', *, *, #7011, .T. ) ;
#4167 = AXIS2_PLACEMENT_3D ( 'NONE', #2557, #6856, #8022 ) ;
#4168 = VECTOR ( 'NONE', #1788, 1000.000000000000000 ) ;
#4169 = DIRECTION ( 'NONE',  ( -1.000000000000000000, 3.620603936281805870E-16, -0.000000000000000000 ) ) ;
#4170 = ORIENTED_EDGE ( 'NONE', *, *, #7024, .F. ) ;
#4171 = EDGE_CURVE ( 'NONE', #7454, #6019, #4021, .T. ) ;
#4172 = PLANE ( 'NONE',  #8397 ) ;
#4173 = ORIENTED_EDGE ( 'NONE', *, *, #8302, .F. ) ;
#4174 = CARTESIAN_POINT ( 'NONE',  ( -8.461819164407865301, -9.116737382349995755, 27.31370849898443609 ) ) ;
#4175 = DIRECTION ( 'NONE',  ( 1.000000000000000000, 0.000000000000000000, 0.000000000000000000 ) ) ;
#4176 = CIRCLE ( 'NONE', #5877, 2.000000000000000000 ) ;
#4177 = VECTOR ( 'NONE', #3711, 1000.000000000000000 ) ;
#4178 = CARTESIAN_POINT ( 'NONE',  ( -14.17817460259215778, 18.22486238404406222, 0.000000000000000000 ) ) ;
#4179 = ORIENTED_EDGE ( 'NONE', *, *, #6355, .T. ) ;
#4180 = CARTESIAN_POINT ( 'NONE',  ( 16.50000000000000355, -32.03553925944023462, 30.99999999999999645 ) ) ;
#4181 = AXIS2_PLACEMENT_3D ( 'NONE', #139, #8305, #5030 ) ;
#4182 = ORIENTED_EDGE ( 'NONE', *, *, #8357, .F. ) ;
#4183 = ADVANCED_FACE ( 'NONE', ( #792 ), #7602, .F. ) ;
#4184 = EDGE_CURVE ( 'NONE', #5870, #1761, #66, .T. ) ;
#4185 = DIRECTION ( 'NONE',  ( 0.000000000000000000, 0.000000000000000000, 1.000000000000000000 ) ) ;
#4186 = DIRECTION ( 'NONE',  ( -0.000000000000000000, -0.000000000000000000, 1.000000000000000000 ) ) ;
#4187 = ORIENTED_EDGE ( 'NONE', *, *, #1823, .T. ) ;
#4188 = PLANE ( 'NONE',  #7921 ) ;
#4189 = EDGE_CURVE ( 'NONE', #6219, #7578, #1105, .T. ) ;
#4190 = DIRECTION ( 'NONE',  ( 0.8660254037844363761, 0.5000000000000039968, 0.000000000000000000 ) ) ;
#4191 = VECTOR ( 'NONE', #160, 1000.000000000000000 ) ;
#4192 = AXIS2_PLACEMENT_3D ( 'NONE', #8066, #538, #7393 ) ;
#4193 = CARTESIAN_POINT ( 'NONE',  ( -7.499999999999989342, 50.66987298107782323, 11.00000000000000000 ) ) ;
#4194 = ORIENTED_EDGE ( 'NONE', *, *, #3000, .F. ) ;
#4195 = CARTESIAN_POINT ( 'NONE',  ( -41.94969910391994716, 2.057525831635000468, 12.50000000000000000 ) ) ;
#4196 = ORIENTED_EDGE ( 'NONE', *, *, #5100, .T. ) ;
#4197 = EDGE_CURVE ( 'NONE', #7101, #1010, #2045, .T. ) ;
#4198 = DIRECTION ( 'NONE',  ( -1.000000000000000000, 0.000000000000000000, 0.000000000000000000 ) ) ;
#4199 = ORIENTED_EDGE ( 'NONE', *, *, #3160, .T. ) ;
#4200 = CARTESIAN_POINT ( 'NONE',  ( 16.50000000000000711, -40.04112945399642598, 16.46666666666666501 ) ) ;
#4201 = FACE_OUTER_BOUND ( 'NONE', #5995, .T. ) ;
#4202 = DIRECTION ( 'NONE',  ( 0.02653932133217758865, -0.9996477701786903314, -0.000000000000000000 ) ) ;
#4203 = VERTEX_POINT ( 'NONE', #115 ) ;
#4204 = VECTOR ( 'NONE', #1086, 1000.000000000000000 ) ;
#4205 = EDGE_CURVE ( 'NONE', #1466, #5724, #2966, .T. ) ;
#4206 = CARTESIAN_POINT ( 'NONE',  ( -13.40705325501500056, -38.60007460160269943, 12.00000000000000000 ) ) ;
#4207 = CARTESIAN_POINT ( 'NONE',  ( 40.79497959841734911, 27.55440429580424322, 11.66666666666665364 ) ) ;
#4208 = EDGE_CURVE ( 'NONE', #5870, #6412, #7488, .T. ) ;
#4209 = CARTESIAN_POINT ( 'NONE',  ( 23.25369948447964674, -35.34193115957781828, 18.89138042018175767 ) ) ;
#4210 = VECTOR ( 'NONE', #900, 1000.000000000000000 ) ;
#4211 = ORIENTED_EDGE ( 'NONE', *, *, #5006, .F. ) ;
#4212 = CARTESIAN_POINT ( 'NONE',  ( 41.75469484913615759, -26.80367146249291466, 11.66666666666668561 ) ) ;
#4213 = FACE_OUTER_BOUND ( 'NONE', #1245, .T. ) ;
#4214 = VECTOR ( 'NONE', #1279, 1000.000000000000227 ) ;
#4215 = CARTESIAN_POINT ( 'NONE',  ( 0.000000000000000000, -5.259372140063334200, 10.09999999999999964 ) ) ;
#4216 = ORIENTED_EDGE ( 'NONE', *, *, #1480, .T. ) ;
#4217 = ADVANCED_FACE ( 'NONE', ( #6752 ), #2724, .F. ) ;
#4218 = VECTOR ( 'NONE', #4092, 1000.000000000000000 ) ;
#4219 = CARTESIAN_POINT ( 'NONE',  ( -3.605974651467714232, -4.898254318786716688, 10.09999999999999964 ) ) ;
#4220 = ADVANCED_FACE ( 'NONE', ( #7564 ), #8811, .F. ) ;
#4221 = ORIENTED_EDGE ( 'NONE', *, *, #1197, .F. ) ;
#4222 = DIRECTION ( 'NONE',  ( -0.000000000000000000, -0.000000000000000000, -1.000000000000000000 ) ) ;
#4223 = ORIENTED_EDGE ( 'NONE', *, *, #4834, .T. ) ;
#4224 = CARTESIAN_POINT ( 'NONE',  ( 44.48854006528703309, -20.05330413534574774, 11.00000000000000355 ) ) ;
#4225 = DIRECTION ( 'NONE',  ( -1.000000000000000000, 0.000000000000000000, 0.000000000000000000 ) ) ;
#4226 = LINE ( 'NONE', #7630, #3630 ) ;
#4227 = VERTEX_POINT ( 'NONE', #3389 ) ;
#4228 = CARTESIAN_POINT ( 'NONE',  ( -38.05106172828543265, 16.54980429983895718, 12.50000000000000000 ) ) ;
#4229 = ORIENTED_EDGE ( 'NONE', *, *, #4488, .T. ) ;
#4230 = CARTESIAN_POINT ( 'NONE',  ( -38.98311253590483005, 21.01390591497600369, 5.000000000000000888 ) ) ;
#4231 = CARTESIAN_POINT ( 'NONE',  ( 38.16565829136300891, -2.183157863060336545, 10.09999999999999787 ) ) ;
#4232 = ORIENTED_EDGE ( 'NONE', *, *, #6233, .T. ) ;
#4233 = LINE ( 'NONE', #3560, #3066 ) ;
#4234 = CIRCLE ( 'NONE', #1377, 2.000000000000000000 ) ;
#4235 = DIRECTION ( 'NONE',  ( -1.000000000000000000, 0.000000000000000000, 0.000000000000000000 ) ) ;
#4236 = ADVANCED_FACE ( 'NONE', ( #5416 ), #8862, .F. ) ;
#4237 = EDGE_CURVE ( 'NONE', #3843, #5694, #5454, .T. ) ;
#4238 = CARTESIAN_POINT ( 'NONE',  ( 19.10674621610088053, -20.32085090246492598, 4.000000000000000000 ) ) ;
#4239 = ORIENTED_EDGE ( 'NONE', *, *, #5535, .F. ) ;
#4240 = CARTESIAN_POINT ( 'NONE',  ( 14.71171412856897476, -8.091954300746134976, 30.99999999999999645 ) ) ;
#4241 = ORIENTED_EDGE ( 'NONE', *, *, #5307, .F. ) ;
#4242 = EDGE_CURVE ( 'NONE', #3483, #5512, #4359, .T. ) ;
#4243 = VECTOR ( 'NONE', #4842, 1000.000000000000114 ) ;
#4244 = CIRCLE ( 'NONE', #3803, 2.000000000000000444 ) ;
#4245 = CYLINDRICAL_SURFACE ( 'NONE', #5092, 3.340420853704232584 ) ;
#4246 = ORIENTED_EDGE ( 'NONE', *, *, #2448, .T. ) ;
#4247 = CARTESIAN_POINT ( 'NONE',  ( -40.96473054147740811, -15.78342607522146146, 23.33333333333333570 ) ) ;
#4248 = CIRCLE ( 'NONE', #3087, 0.8000000000000034861 ) ;
#4249 = PLANE ( 'NONE',  #955 ) ;
#4250 = FACE_OUTER_BOUND ( 'NONE', #5836, .T. ) ;
#4251 = CIRCLE ( 'NONE', #6532, 1.999999999999998224 ) ;
#4252 = EDGE_LOOP ( 'NONE', ( #4, #6644, #8750 ) ) ;
#4253 = VECTOR ( 'NONE', #6978, 1000.000000000000114 ) ;
#4254 = DIRECTION ( 'NONE',  ( -1.000000000000000000, 0.000000000000000000, 0.000000000000000000 ) ) ;
#4255 = VECTOR ( 'NONE', #142, 999.9999999999998863 ) ;
#4256 = EDGE_CURVE ( 'NONE', #8406, #1265, #6220, .T. ) ;
#4257 = VECTOR ( 'NONE', #2581, 1000.000000000000114 ) ;
#4258 = CARTESIAN_POINT ( 'NONE',  ( 3.750000000598520788, 6.495190529419891057, 11.00000000000000000 ) ) ;
#4259 = CARTESIAN_POINT ( 'NONE',  ( -7.500000001196991839, 48.69038634316455472, 6.000000000001861622 ) ) ;
#4260 = ORIENTED_EDGE ( 'NONE', *, *, #5305, .F. ) ;
#4261 = CARTESIAN_POINT ( 'NONE',  ( -6.045000000000005258, 25.85859933425698642, 16.00000000000000355 ) ) ;
#4262 = CARTESIAN_POINT ( 'NONE',  ( -36.33454062992147726, -18.20647552145591774, 5.000000000000000000 ) ) ;
#4263 = AXIS2_PLACEMENT_3D ( 'NONE', #3353, #7572, #1436 ) ;
#4264 = AXIS2_PLACEMENT_3D ( 'NONE', #2095, #1470, #4152 ) ;
#4265 = EDGE_CURVE ( 'NONE', #3746, #1176, #6349, .T. ) ;
#4266 = CARTESIAN_POINT ( 'NONE',  ( 14.71171412856897476, -12.11673738234993714, 10.09999999999999964 ) ) ;
#4267 = VERTEX_POINT ( 'NONE', #8493 ) ;
#4268 = CARTESIAN_POINT ( 'NONE',  ( -37.84148984771827173, -29.67321112772004810, 10.54514172537120054 ) ) ;
#4269 = ORIENTED_EDGE ( 'NONE', *, *, #8726, .F. ) ;
#4270 = CARTESIAN_POINT ( 'NONE',  ( 38.16565829136300891, 28.93535121240287111, 50.07496987852774595 ) ) ;
#4271 = EDGE_LOOP ( 'NONE', ( #6650, #7558, #2663, #5453 ) ) ;
#4272 = CARTESIAN_POINT ( 'NONE',  ( -17.10000000000000497, -38.85893604565572446, 19.00000000000000355 ) ) ;
#4273 = DIRECTION ( 'NONE',  ( 0.5000000000000051070, 0.8660254037844357100, 0.000000000000000000 ) ) ;
#4274 = EDGE_CURVE ( 'NONE', #4132, #591, #8447, .T. ) ;
#4275 = ADVANCED_FACE ( 'NONE', ( #6475 ), #2981, .T. ) ;
#4276 = FACE_BOUND ( 'NONE', #6381, .T. ) ;
#4277 = ORIENTED_EDGE ( 'NONE', *, *, #1742, .T. ) ;
#4278 = CARTESIAN_POINT ( 'NONE',  ( -24.40952427225795418, 18.24084142499060590, 12.49999999999999645 ) ) ;
#4279 = EDGE_CURVE ( 'NONE', #521, #7765, #5004, .T. ) ;
#4280 = VERTEX_POINT ( 'NONE', #1517 ) ;
#4281 = DIRECTION ( 'NONE',  ( -0.000000000000000000, -0.000000000000000000, -1.000000000000000000 ) ) ;
#4282 = DIRECTION ( 'NONE',  ( 0.09332404931032581286, -0.9956357877358184005, 0.000000000000000000 ) ) ;
#4283 = ORIENTED_EDGE ( 'NONE', *, *, #3794, .T. ) ;
#4284 = DIRECTION ( 'NONE',  ( -1.000000000000000000, 0.000000000000000000, 0.000000000000000000 ) ) ;
#4285 = DIRECTION ( 'NONE',  ( 0.5000000000000008882, 0.8660254037844381525, -0.000000000000000000 ) ) ;
#4286 = LINE ( 'NONE', #5709, #183 ) ;
#4287 = ORIENTED_EDGE ( 'NONE', *, *, #1813, .F. ) ;
#4288 = DIRECTION ( 'NONE',  ( -5.981805089575197183E-16, 0.000000000000000000, -1.000000000000000000 ) ) ;
#4289 = ORIENTED_EDGE ( 'NONE', *, *, #1314, .T. ) ;
#4290 = DIRECTION ( 'NONE',  ( -0.8660254037844384856, -0.5000000000000002220, 0.000000000000000000 ) ) ;
#4291 = ORIENTED_EDGE ( 'NONE', *, *, #6508, .F. ) ;
#4292 = CARTESIAN_POINT ( 'NONE',  ( -40.59087060554323045, -23.03496158587216769, 23.33333333333334281 ) ) ;
#4293 = CARTESIAN_POINT ( 'NONE',  ( -42.78289081426766671, -3.385604543132454847, 0.000000000000000000 ) ) ;
#4294 = CARTESIAN_POINT ( 'NONE',  ( 16.50000000000000711, -39.34553609631348081, 18.57507198126668158 ) ) ;
#4295 = ORIENTED_EDGE ( 'NONE', *, *, #4987, .F. ) ;
#4296 = LINE ( 'NONE', #8413, #5889 ) ;
#4297 = CARTESIAN_POINT ( 'NONE',  ( 20.83879702366975550, -21.32085090246493664, 4.000000000000000000 ) ) ;
#4298 = CARTESIAN_POINT ( 'NONE',  ( 23.48395217935588875, -35.31822054246799070, 18.56030719279613805 ) ) ;
#4299 = EDGE_LOOP ( 'NONE', ( #8433, #5634, #7543, #8159 ) ) ;
#4300 = CARTESIAN_POINT ( 'NONE',  ( -6.458625426390474544, 39.83151536678312965, 0.000000000000000000 ) ) ;
#4301 = CARTESIAN_POINT ( 'NONE',  ( -44.51494162183654169, -2.385604543132453959, 12.50000000000000000 ) ) ;
#4302 = CARTESIAN_POINT ( 'NONE',  ( -11.80224001811209789, -9.116737382349995755, 4.000000000000000000 ) ) ;
#4303 = ORIENTED_EDGE ( 'NONE', *, *, #2196, .T. ) ;
#4304 = CARTESIAN_POINT ( 'NONE',  ( -38.52013225153950771, -29.14519562601956792, 10.95797945191021761 ) ) ;
#4305 = ORIENTED_EDGE ( 'NONE', *, *, #1030, .F. ) ;
#4306 = DIRECTION ( 'NONE',  ( -0.8660254037844341557, -0.5000000000000076605, 0.000000000000000000 ) ) ;
#4307 = VERTEX_POINT ( 'NONE', #834 ) ;
#4308 = CARTESIAN_POINT ( 'NONE',  ( -39.78311253585361129, 17.54980429983855927, 12.50000000000000000 ) ) ;
#4309 = CARTESIAN_POINT ( 'NONE',  ( 44.29806387481083618, -16.94331007669967804, 11.66666666666666785 ) ) ;
#4310 = VECTOR ( 'NONE', #7922, 1000.000000000000114 ) ;
#4311 = LINE ( 'NONE', #7042, #4210 ) ;
#4312 = EDGE_LOOP ( 'NONE', ( #8264, #1416, #7496, #4788, #8700, #7843, #61, #6059, #8277, #2173, #4870, #6698, #4437, #7221, #6361, #8740, #1250, #6675, #3283, #2503, #4443, #5272, #980, #3078, #1073, #771, #6131, #5087, #4643, #7656, #1538, #2644, #8796, #41, #4464, #6212, #5679, #227, #7975, #8230, #1383, #8306, #8582, #1689, #6906, #7431, #4989, #3735, #2786, #7396, #2217, #8243, #185, #8173, #343, #4783, #1112, #4593, #581, #6235, #4861, #2630, #8497, #7005, #8477, #1993, #2697 ) ) ;
#4313 = DIRECTION ( 'NONE',  ( -0.8660254037844429265, -0.4999999999999924505, 0.000000000000000000 ) ) ;
#4314 = ORIENTED_EDGE ( 'NONE', *, *, #1667, .F. ) ;
#4315 = EDGE_CURVE ( 'NONE', #2088, #1045, #5715, .T. ) ;
#4316 = FACE_OUTER_BOUND ( 'NONE', #5458, .T. ) ;
#4317 = CIRCLE ( 'NONE', #441, 1.500000000000000222 ) ;
#4318 = FACE_OUTER_BOUND ( 'NONE', #6845, .T. ) ;
#4319 = AXIS2_PLACEMENT_3D ( 'NONE', #1633, #4285, #995 ) ;
#4320 = VERTEX_POINT ( 'NONE', #3704 ) ;
#4321 = LINE ( 'NONE', #189, #5067 ) ;
#4322 = ADVANCED_FACE ( 'NONE', ( #3742 ), #248, .T. ) ;
#4323 = CARTESIAN_POINT ( 'NONE',  ( -28.50000000000000000, 25.85859933425698642, 16.00000000000000355 ) ) ;
#4324 = DIRECTION ( 'NONE',  ( 0.5000000000000039968, 0.8660254037844363761, 0.000000000000000000 ) ) ;
#4325 = VERTEX_POINT ( 'NONE', #3243 ) ;
#4326 = AXIS2_PLACEMENT_3D ( 'NONE', #4219, #6279, #8381 ) ;
#4327 = DIRECTION ( 'NONE',  ( -0.000000000000000000, 1.000000000000000000, -0.000000000000000000 ) ) ;
#4328 = EDGE_CURVE ( 'NONE', #1796, #7578, #2434, .T. ) ;
#4329 = DIRECTION ( 'NONE',  ( -1.706188113472160789E-16, -1.000000000000000000, 0.000000000000000000 ) ) ;
#4330 = DIRECTION ( 'NONE',  ( -1.000000000000000000, 0.000000000000000000, 0.000000000000000000 ) ) ;
#4331 = AXIS2_PLACEMENT_3D ( 'NONE', #1109, #3753, #7159 ) ;
#4332 = ORIENTED_EDGE ( 'NONE', *, *, #7165, .T. ) ;
#4333 = CARTESIAN_POINT ( 'NONE',  ( -40.96473054147742943, -9.470465668041919471, 23.33333333333333215 ) ) ;
#4334 = VECTOR ( 'NONE', #5021, 1000.000000000000000 ) ;
#4335 = DIRECTION ( 'NONE',  ( -0.000000000000000000, 0.000000000000000000, 1.000000000000000000 ) ) ;
#4336 = AXIS2_PLACEMENT_3D ( 'NONE', #6088, #8734, #6806 ) ;
#4337 = CARTESIAN_POINT ( 'NONE',  ( -41.70298551693151978, 4.224486752532996547, 12.50000000000000000 ) ) ;
#4338 = ADVANCED_FACE ( 'NONE', ( #4550 ), #1237, .F. ) ;
#4339 = EDGE_LOOP ( 'NONE', ( #2280, #1607, #8359, #3101 ) ) ;
#4340 = EDGE_CURVE ( 'NONE', #4519, #4203, #8715, .T. ) ;
#4341 = CARTESIAN_POINT ( 'NONE',  ( 12.94227870587920037, -36.10007460160268522, 27.31370849898443609 ) ) ;
#4342 = ORIENTED_EDGE ( 'NONE', *, *, #5006, .T. ) ;
#4343 = CARTESIAN_POINT ( 'NONE',  ( -37.78311253585379603, 21.01390591497600369, 5.000000000000000000 ) ) ;
#4344 = DIRECTION ( 'NONE',  ( -0.8660254037844434816, -0.4999999999999920064, 0.000000000000000000 ) ) ;
#4345 = ORIENTED_EDGE ( 'NONE', *, *, #7155, .T. ) ;
#4346 = FACE_OUTER_BOUND ( 'NONE', #4688, .T. ) ;
#4347 = CARTESIAN_POINT ( 'NONE',  ( 11.19775998195004796, 14.88326261781343973, 4.000000000000000000 ) ) ;
#4348 = AXIS2_PLACEMENT_3D ( 'NONE', #1954, #1594, #6924 ) ;
#4349 = ADVANCED_FACE ( 'NONE', ( #1046 ), #7908, .F. ) ;
#4350 = CARTESIAN_POINT ( 'NONE',  ( 32.67204633623978083, -11.88304999270156515, 11.59999999999999964 ) ) ;
#4351 = ADVANCED_FACE ( 'NONE', ( #2485 ), #3785, .F. ) ;
#4352 = ORIENTED_EDGE ( 'NONE', *, *, #5587, .F. ) ;
#4353 = DIRECTION ( 'NONE',  ( -0.000000000000000000, 0.000000000000000000, -1.000000000000000000 ) ) ;
#4354 = EDGE_CURVE ( 'NONE', #7238, #8042, #6565, .T. ) ;
#4355 = PRODUCT_DEFINITION_FORMATION_WITH_SPECIFIED_SOURCE ( 'δ»', '', #3037, .NOT_KNOWN. ) ;
#4356 = VECTOR ( 'NONE', #5348, 1000.000000000000000 ) ;
#4357 = ORIENTED_EDGE ( 'NONE', *, *, #3532, .F. ) ;
#4358 = CARTESIAN_POINT ( 'NONE',  ( -40.13139720814444189, -31.83012701892181440, 11.00000000000000000 ) ) ;
#4359 = CIRCLE ( 'NONE', #1916, 1.999999999999999112 ) ;
#4360 = ORIENTED_EDGE ( 'NONE', *, *, #2590, .F. ) ;
#4361 = CARTESIAN_POINT ( 'NONE',  ( 43.56985711980891551, -25.15506873667505872, 11.00000000000000000 ) ) ;
#4362 = CARTESIAN_POINT ( 'NONE',  ( 46.89715452186765532, 25.56328918846645593, 0.000000000000000000 ) ) ;
#4363 = AXIS2_PLACEMENT_3D ( 'NONE', #6148, #7540, #1361 ) ;
#4364 = ADVANCED_FACE ( 'NONE', ( #4504 ), #7227, .F. ) ;
#4365 = CARTESIAN_POINT ( 'NONE',  ( -38.98311253590483005, 21.01390591497600369, 27.31370849898443609 ) ) ;
#4366 = VERTEX_POINT ( 'NONE', #5882 ) ;
#4367 = DIRECTION ( 'NONE',  ( 0.000000000000000000, -0.000000000000000000, 1.000000000000000000 ) ) ;
#4368 = AXIS2_PLACEMENT_3D ( 'NONE', #5871, #1128, #8656 ) ;
#4369 = ORIENTED_EDGE ( 'NONE', *, *, #7355, .F. ) ;
#4370 = PLANE ( 'NONE',  #6971 ) ;
#4371 = FACE_OUTER_BOUND ( 'NONE', #54, .T. ) ;
#4372 = VECTOR ( 'NONE', #6703, 1000.000000000000000 ) ;
#4373 = ORIENTED_EDGE ( 'NONE', *, *, #4328, .T. ) ;
#4374 = FACE_OUTER_BOUND ( 'NONE', #8882, .T. ) ;
#4375 = CARTESIAN_POINT ( 'NONE',  ( 12.19775998193531485, 14.88326261767695158, 6.000000000000000000 ) ) ;
#4376 = DIRECTION ( 'NONE',  ( 0.000000000000000000, 0.000000000000000000, 1.000000000000000000 ) ) ;
#4377 = B_SPLINE_CURVE_WITH_KNOTS ( 'NONE', 3,
 ( #6229, #4259, #5720, #6402 ),
 .UNSPECIFIED., .F., .F.,
 ( 4, 4 ),
 ( 0.002106032798806209416, 0.01158318039345027257 ),
 .UNSPECIFIED. ) ;
#4378 = VERTEX_POINT ( 'NONE', #6609 ) ;
#4379 = EDGE_CURVE ( 'NONE', #7827, #2276, #7205, .T. ) ;
#4380 = DIRECTION ( 'NONE',  ( 0.8660254037844363761, -0.5000000000000041078, -0.000000000000000000 ) ) ;
#4381 = DIRECTION ( 'NONE',  ( -2.197316402903917367E-14, -1.000000000000000000, 0.000000000000000000 ) ) ;
#4382 = CARTESIAN_POINT ( 'NONE',  ( -13.40705325501500056, -38.60007460160269943, 12.00000000000000000 ) ) ;
#4383 = ORIENTED_EDGE ( 'NONE', *, *, #8440, .T. ) ;
#4384 = CARTESIAN_POINT ( 'NONE',  ( -37.63139720814417188, 8.775737923854579847, 34.99999999999998579 ) ) ;
#4385 = ADVANCED_FACE ( 'NONE', ( #6655 ), #6116, .F. ) ;
#4386 = CARTESIAN_POINT ( 'NONE',  ( 11.74227870582815036, -36.10007460160268522, 4.000000000000000000 ) ) ;
#4387 = EDGE_CURVE ( 'NONE', #8042, #4080, #6256, .T. ) ;
#4388 = ORIENTED_EDGE ( 'NONE', *, *, #3048, .T. ) ;
#4389 = AXIS2_PLACEMENT_3D ( 'NONE', #6440, #6276, #804 ) ;
#4390 = CIRCLE ( 'NONE', #2658, 4.099999999999999645 ) ;
#4391 = EDGE_CURVE ( 'NONE', #3559, #6661, #7553, .T. ) ;
#4392 = AXIS2_PLACEMENT_3D ( 'NONE', #2556, #349, #8556 ) ;
#4393 = FACE_OUTER_BOUND ( 'NONE', #415, .T. ) ;
#4394 = B_SPLINE_CURVE_WITH_KNOTS ( 'NONE', 3,
 ( #489, #3220, #7882, #3901, #5959, #6545, #3762, #4440, #7130, #439, #1838, #1069, #1747, #397, #6633, #5776 ),
 .UNSPECIFIED., .F., .F.,
 ( 4, 2, 2, 2, 2, 2, 2, 4 ),
 ( 1.055191096010040543E-17, 0.0008184487775041522552, 0.001227673166256222203, 0.001636897555008292151, 0.002046121943760362098, 0.002455346332512432263, 0.002864570721264502427, 0.003273795110016572158 ),
 .UNSPECIFIED. ) ;
#4395 = ORIENTED_EDGE ( 'NONE', *, *, #7274, .T. ) ;
#4396 = DIRECTION ( 'NONE',  ( 1.000000000000000000, -4.248810606027170163E-17, 0.000000000000000000 ) ) ;
#4397 = DIRECTION ( 'NONE',  ( -0.5271517987930732785, 0.8497711344998883920, -0.000000000000000000 ) ) ;
#4398 = AXIS2_PLACEMENT_3D ( 'NONE', #1629, #6337, #7049 ) ;
#4399 = DIRECTION ( 'NONE',  ( -0.000000000000000000, -0.000000000000000000, 1.000000000000000000 ) ) ;
#4400 = ORIENTED_EDGE ( 'NONE', *, *, #3594, .F. ) ;
#4401 = FACE_BOUND ( 'NONE', #4538, .T. ) ;
#4402 = AXIS2_PLACEMENT_3D ( 'NONE', #6394, #2902, #8410 ) ;
#4403 = VERTEX_POINT ( 'NONE', #4056 ) ;
#4404 = PRODUCT_RELATED_PRODUCT_CATEGORY ( 'part', '', ( #3037 ) ) ;
#4405 = DIRECTION ( 'NONE',  ( -1.000000000000000000, 0.000000000000000000, 0.000000000000000000 ) ) ;
#4406 = ORIENTED_EDGE ( 'NONE', *, *, #7829, .F. ) ;
#4407 = CARTESIAN_POINT ( 'NONE',  ( -34.44772910787709463, 0.5237688723248732359, 30.50000000000000355 ) ) ;
#4408 = AXIS2_PLACEMENT_3D ( 'NONE', #7525, #5374, #7390 ) ;
#4409 = CARTESIAN_POINT ( 'NONE',  ( -11.80224001808351453, 14.88326261767710967, 4.000000000000000000 ) ) ;
#4410 = CIRCLE ( 'NONE', #531, 1.000000000018832935 ) ;
#4411 = DIRECTION ( 'NONE',  ( -0.8660254037844363761, 0.5000000000000039968, 0.000000000000000000 ) ) ;
#4412 = ORIENTED_EDGE ( 'NONE', *, *, #5310, .T. ) ;
#4413 = LINE ( 'NONE', #7134, #5886 ) ;
#4414 = ORIENTED_EDGE ( 'NONE', *, *, #5799, .T. ) ;
#4415 = CARTESIAN_POINT ( 'NONE',  ( 3.841906313806135120, 52.71647217022254495, 0.000000000000000000 ) ) ;
#4416 = CARTESIAN_POINT ( 'NONE',  ( 17.10000000000000497, -114.9999999999999289, 18.99999999999999645 ) ) ;
#4417 = VERTEX_POINT ( 'NONE', #8091 ) ;
#4418 = CARTESIAN_POINT ( 'NONE',  ( -8.580561569927755983, -23.72845661736633360, 12.00000000000001066 ) ) ;
#4419 = DIRECTION ( 'NONE',  ( -1.000000000000000000, 0.000000000000000000, 0.000000000000000000 ) ) ;
#4420 = CARTESIAN_POINT ( 'NONE',  ( -11.80224001811209789, -9.116737382349995755, 4.000000000000000000 ) ) ;
#4421 = VERTEX_POINT ( 'NONE', #3334 ) ;
#4422 = DIRECTION ( 'NONE',  ( 0.000000000000000000, 0.000000000000000000, -1.000000000000000000 ) ) ;
#4423 = CARTESIAN_POINT ( 'NONE',  ( -14.17817460259215778, 25.85859933425698642, 85.99999999999994316 ) ) ;
#4424 = CARTESIAN_POINT ( 'NONE',  ( 0.000000000000000000, -29.00000000000000000, 12.00000000000000000 ) ) ;
#4425 = EDGE_LOOP ( 'NONE', ( #1829, #8167, #736, #5861, #1095, #3124 ) ) ;
#4426 = CARTESIAN_POINT ( 'NONE',  ( -37.63139720814405109, -14.62354207374304771, 35.00000000000000000 ) ) ;
#4427 = DIRECTION ( 'NONE',  ( 0.000000000000000000, -0.000000000000000000, 1.000000000000000000 ) ) ;
#4428 = DIRECTION ( 'NONE',  ( 1.000000000000000000, 0.000000000000000000, 0.000000000000000000 ) ) ;
#4429 = ORIENTED_EDGE ( 'NONE', *, *, #388, .T. ) ;
#4430 = DIRECTION ( 'NONE',  ( -1.000000000000000000, 0.000000000000000000, 0.000000000000000000 ) ) ;
#4431 = EDGE_CURVE ( 'NONE', #5977, #6615, #6067, .T. ) ;
#4432 = CARTESIAN_POINT ( 'NONE',  ( -28.50000000000000000, 18.24084142499060590, 30.50000000000000355 ) ) ;
#4433 = CARTESIAN_POINT ( 'NONE',  ( 3.191891195797324549E-13, -43.45299461620747650, 34.99999999999999289 ) ) ;
#4434 = CARTESIAN_POINT ( 'NONE',  ( -10.80224001806468159, 14.88326261767710967, 4.000000000000000000 ) ) ;
#4435 = ORIENTED_EDGE ( 'NONE', *, *, #7609, .T. ) ;
#4436 = DIRECTION ( 'NONE',  ( -0.000000000000000000, 1.000000000000000000, -0.000000000000000000 ) ) ;
#4437 = ORIENTED_EDGE ( 'NONE', *, *, #1192, .F. ) ;
#4438 = CARTESIAN_POINT ( 'NONE',  ( -42.80247941427413849, -26.07754871889445880, 10.99999999999997868 ) ) ;
#4439 = VERTEX_POINT ( 'NONE', #598 ) ;
#4440 = CARTESIAN_POINT ( 'NONE',  ( 44.67152414864743548, -17.73935198548216619, 10.35955570823853478 ) ) ;
#4441 = FACE_OUTER_BOUND ( 'NONE', #5920, .T. ) ;
#4442 = CARTESIAN_POINT ( 'NONE',  ( -47.63139720814429978, -18.83974596215520236, 9.000000000000000000 ) ) ;
#4443 = ORIENTED_EDGE ( 'NONE', *, *, #1907, .T. ) ;
#4444 = CARTESIAN_POINT ( 'NONE',  ( -43.01537180435992980, -24.83493649053850660, 5.000000000000000000 ) ) ;
#4445 = ADVANCED_FACE ( 'NONE', ( #5406 ), #8172, .T. ) ;
#4446 = EDGE_CURVE ( 'NONE', #3520, #5841, #8853, .T. ) ;
#4447 = VERTEX_POINT ( 'NONE', #2670 ) ;
#4448 = CARTESIAN_POINT ( 'NONE',  ( 7.475694986786469265, 46.83490369240180939, 11.66666666666666785 ) ) ;
#4449 = DIRECTION ( 'NONE',  ( -0.3535533905932722321, -0.6123724356957914727, -0.7071067811865510144 ) ) ;
#4450 = VERTEX_POINT ( 'NONE', #2716 ) ;
#4451 = DIRECTION ( 'NONE',  ( 0.000000000000000000, 0.000000000000000000, 1.000000000000000000 ) ) ;
#4452 = DIRECTION ( 'NONE',  ( -1.000000000000000000, 0.000000000000000000, 0.000000000000000000 ) ) ;
#4454 = AXIS2_PLACEMENT_3D ( 'NONE', #5798, #5713, #243 ) ;
#4453 = CARTESIAN_POINT ( 'NONE',  ( -42.68139720814439642, -27.41339745962116581, 5.000000000000000000 ) ) ;
#4455 = ORIENTED_EDGE ( 'NONE', *, *, #3443, .F. ) ;
#4456 = CARTESIAN_POINT ( 'NONE',  ( 46.53139720814404967, -20.74500185048163914, 4.999999999999996447 ) ) ;
#4457 = ADVANCED_FACE ( 'NONE', ( #1949 ), #7415, .T. ) ;
#4458 = EDGE_CURVE ( 'NONE', #1425, #4625, #5537, .T. ) ;
#4459 = CIRCLE ( 'NONE', #2592, 3.999999999999996447 ) ;
#4460 = AXIS2_PLACEMENT_3D ( 'NONE', #7772, #6340, #2891 ) ;
#4461 = ADVANCED_FACE ( 'NONE', ( #1370 ), #2084, .F. ) ;
#4462 = DIRECTION ( 'NONE',  ( 0.000000000000000000, 1.000000000000000000, 0.000000000000000000 ) ) ;
#4463 = CARTESIAN_POINT ( 'NONE',  ( 11.19775998191648192, 14.88326261767695158, 6.000000000000000000 ) ) ;
#4464 = ORIENTED_EDGE ( 'NONE', *, *, #8647, .F. ) ;
#4465 = CARTESIAN_POINT ( 'NONE',  ( 17.10000000000000497, -114.9999999999999289, 12.59999999999999964 ) ) ;
#4466 = CYLINDRICAL_SURFACE ( 'NONE', #526, 0.7999999999999970468 ) ;
#4467 = VECTOR ( 'NONE', #2263, 1000.000000000000000 ) ;
#4468 = LINE ( 'NONE', #3928, #4633 ) ;
#4469 = ADVANCED_FACE ( 'NONE', ( #728 ), #4188, .F. ) ;
#4470 = CYLINDRICAL_SURFACE ( 'NONE', #379, 4.099999999999999645 ) ;
#4471 = VECTOR ( 'NONE', #3132, 1000.000000000000000 ) ;
#4472 = ORIENTED_EDGE ( 'NONE', *, *, #2589, .F. ) ;
#4473 = DIRECTION ( 'NONE',  ( 0.000000000000000000, 0.000000000000000000, -1.000000000000000000 ) ) ;
#4474 = LINE ( 'NONE', #5853, #6897 ) ;
#4475 = LINE ( 'NONE', #5282, #5804 ) ;
#4476 = CARTESIAN_POINT ( 'NONE',  ( 17.49999999999999645, -7.259372140063334200, 30.99999999999999645 ) ) ;
#4478 = ORIENTED_EDGE ( 'NONE', *, *, #6691, .F. ) ;
#4477 = EDGE_CURVE ( 'NONE', #1649, #940, #6158, .T. ) ;
#4479 = FACE_BOUND ( 'NONE', #7084, .T. ) ;
#4480 = ORIENTED_EDGE ( 'NONE', *, *, #3531, .T. ) ;
#4481 = CARTESIAN_POINT ( 'NONE',  ( 41.81537180435958589, -26.91339745962176266, 5.000000000000000000 ) ) ;
#4482 = VERTEX_POINT ( 'NONE', #3423 ) ;
#4483 = CARTESIAN_POINT ( 'NONE',  ( 15.50000000000000000, 17.88326261765006109, 16.00000000000000000 ) ) ;
#4484 = CARTESIAN_POINT ( 'NONE',  ( -11.38027608956916303, -28.00452860718955961, 30.99999999999999645 ) ) ;
#4485 = EDGE_CURVE ( 'NONE', #2325, #3880, #3376, .T. ) ;
#4486 = LINE ( 'NONE', #5864, #5355 ) ;
#4487 = EDGE_LOOP ( 'NONE', ( #1143, #4289 ) ) ;
#4488 = EDGE_CURVE ( 'NONE', #24, #2042, #7930, .T. ) ;
#4489 = VECTOR ( 'NONE', #2709, 1000.000000000000000 ) ;
#4490 = DIRECTION ( 'NONE',  ( -0.000000000000000000, -0.000000000000000000, -1.000000000000000000 ) ) ;
#4491 = ORIENTED_EDGE ( 'NONE', *, *, #6588, .T. ) ;
#4492 = CARTESIAN_POINT ( 'NONE',  ( 12.28070141654607994, 40.21173014212470065, 23.33333333333330728 ) ) ;
#4493 = DIRECTION ( 'NONE',  ( -0.3540552036140431347, -0.6132416013436668978, -0.7061017286307076368 ) ) ;
#4494 = ORIENTED_EDGE ( 'NONE', *, *, #7326, .T. ) ;
#4495 = DIRECTION ( 'NONE',  ( 0.000000000000000000, 0.000000000000000000, -1.000000000000000000 ) ) ;
#4496 = DIRECTION ( 'NONE',  ( 0.8660254037844363761, -0.5000000000000039968, 0.000000000000000000 ) ) ;
#4497 = DIRECTION ( 'NONE',  ( -0.7250492712946070561, -0.6886969973763202857, 0.000000000000000000 ) ) ;
#4498 = EDGE_LOOP ( 'NONE', ( #5283, #5300, #8513, #3213, #4584, #1124, #5401, #7392, #7117, #1834, #3917, #5154, #7073, #5327, #7937, #1570, #1508, #4886, #4010 ) ) ;
#4499 = DIRECTION ( 'NONE',  ( -0.000000000000000000, 0.000000000000000000, 1.000000000000000000 ) ) ;
#4500 = AXIS2_PLACEMENT_3D ( 'NONE', #146, #5621, #5080 ) ;
#4501 = LINE ( 'NONE', #4638, #78 ) ;
#4502 = CARTESIAN_POINT ( 'NONE',  ( 17.49999999999999645, -5.259372140063334200, 10.09999999999999964 ) ) ;
#4503 = VERTEX_POINT ( 'NONE', #2130 ) ;
#4504 = FACE_OUTER_BOUND ( 'NONE', #2439, .T. ) ;
#4505 = EDGE_CURVE ( 'NONE', #2569, #7791, #4817, .T. ) ;
#4506 = CARTESIAN_POINT ( 'NONE',  ( 14.66760724610477418, 37.94555364585769297, 2.299999999999999822 ) ) ;
#4507 = VERTEX_POINT ( 'NONE', #6830 ) ;
#4508 = LINE ( 'NONE', #419, #5604 ) ;
#4509 = EDGE_CURVE ( 'NONE', #1413, #7755, #4689, .T. ) ;
#4510 = LINE ( 'NONE', #5227, #6776 ) ;
#4511 = ORIENTED_EDGE ( 'NONE', *, *, #1218, .F. ) ;
#4512 = CARTESIAN_POINT ( 'NONE',  ( 22.90000000000000213, -114.9999999999999289, 18.99999999999999289 ) ) ;
#4513 = ORIENTED_EDGE ( 'NONE', *, *, #3551, .T. ) ;
#4514 = CARTESIAN_POINT ( 'NONE',  ( -26.41571058308479891, 28.20187700022819399, 35.00000000000000000 ) ) ;
#4515 = CARTESIAN_POINT ( 'NONE',  ( -43.51494162183654169, -0.6535537355635753221, 0.000000000000000000 ) ) ;
#4516 = CARTESIAN_POINT ( 'NONE',  ( -1.807663342512066507, -42.40933969880379806, 35.00000000000007816 ) ) ;
#4517 = AXIS2_PLACEMENT_3D ( 'NONE', #8721, #3932, #6660 ) ;
#4518 = LINE ( 'NONE', #1111, #2166 ) ;
#4519 = VERTEX_POINT ( 'NONE', #10 ) ;
#4520 = LINE ( 'NONE', #1741, #3191 ) ;
#4521 = FACE_OUTER_BOUND ( 'NONE', #3862, .T. ) ;
#4522 = AXIS2_PLACEMENT_3D ( 'NONE', #621, #6854, #5428 ) ;
#4523 = ORIENTED_EDGE ( 'NONE', *, *, #2502, .F. ) ;
#4524 = CARTESIAN_POINT ( 'NONE',  ( 37.51315862767321363, -30.07327654705465036, 9.907087503331839073 ) ) ;
#4525 = ORIENTED_EDGE ( 'NONE', *, *, #2304, .T. ) ;
#4526 = CARTESIAN_POINT ( 'NONE',  ( -14.68948276227593652, 21.64540010045277540, 16.49999999999999645 ) ) ;
#4527 = VECTOR ( 'NONE', #767, 1000.000000000000000 ) ;
#4528 = DIRECTION ( 'NONE',  ( -1.000000000000000000, 0.000000000000000000, 0.000000000000000000 ) ) ;
#4529 = AXIS2_PLACEMENT_3D ( 'NONE', #2873, #6997, #7804 ) ;
#4530 = DIRECTION ( 'NONE',  ( 0.000000000000000000, 0.000000000000000000, 1.000000000000000000 ) ) ;
#4531 = VERTEX_POINT ( 'NONE', #8399 ) ;
#4532 = CIRCLE ( 'NONE', #7966, 2.399999999999999023 ) ;
#4533 = CARTESIAN_POINT ( 'NONE',  ( 13.59587200499385595, 17.00200250848286743, 4.000000000000000000 ) ) ;
#4534 = ORIENTED_EDGE ( 'NONE', *, *, #4205, .F. ) ;
#4535 = CARTESIAN_POINT ( 'NONE',  ( 23.81569860407205397, 41.25000000000004263, 0.000000000000000000 ) ) ;
#4536 = VECTOR ( 'NONE', #8266, 1000.000000000000000 ) ;
#4537 = CARTESIAN_POINT ( 'NONE',  ( 1.248484576876122736E-15, 40.56987298107782181, 5.000000000000000000 ) ) ;
#4538 = EDGE_LOOP ( 'NONE', ( #2077, #5377 ) ) ;
#4539 = CARTESIAN_POINT ( 'NONE',  ( -14.82393764822158388, 15.93651635355000273, 16.00000000000000355 ) ) ;
#4540 = EDGE_CURVE ( 'NONE', #7189, #982, #860, .T. ) ;
#4541 = CARTESIAN_POINT ( 'NONE',  ( 11.19775998191631494, -9.116737382323046646, 4.000000000000000000 ) ) ;
#4542 = CARTESIAN_POINT ( 'NONE',  ( -19.23020887378379129, -20.39213210111259400, 0.000000000000000000 ) ) ;
#4544 = ORIENTED_EDGE ( 'NONE', *, *, #6967, .F. ) ;
#4543 = ADVANCED_FACE ( 'NONE', ( #3010 ), #825, .T. ) ;
#4545 = AXIS2_PLACEMENT_3D ( 'NONE', #8372, #2317, #3710 ) ;
#4546 = CARTESIAN_POINT ( 'NONE',  ( -34.44772910787709463, 18.24084142499060590, 30.50000000000000355 ) ) ;
#4547 = LINE ( 'NONE', #7905, #7235 ) ;
#4548 = DIRECTION ( 'NONE',  ( 0.000000000000000000, 0.000000000000000000, 1.000000000000000000 ) ) ;
#4549 = ORIENTED_EDGE ( 'NONE', *, *, #3329, .F. ) ;
#4550 = FACE_OUTER_BOUND ( 'NONE', #5122, .T. ) ;
#4551 = CARTESIAN_POINT ( 'NONE',  ( -17.10000000000000497, -32.27417035836263892, 12.00000000000000711 ) ) ;
#4552 = ORIENTED_EDGE ( 'NONE', *, *, #6509, .F. ) ;
#4553 = CARTESIAN_POINT ( 'NONE',  ( 0.4363323087061939942, -53.45299461620749071, -0.000000000000000000 ) ) ;
#4554 = LINE ( 'NONE', #2438, #4792 ) ;
#4555 = EDGE_LOOP ( 'NONE', ( #2019, #8492 ) ) ;
#4556 = EDGE_CURVE ( 'NONE', #2192, #290, #7068, .T. ) ;
#4557 = DIRECTION ( 'NONE',  ( -1.000000000000000000, 0.000000000000000000, 0.000000000000000000 ) ) ;
#4558 = ORIENTED_EDGE ( 'NONE', *, *, #3003, .F. ) ;
#4559 = CARTESIAN_POINT ( 'NONE',  ( -1.561251128379127016E-14, 43.45299461620749071, 35.00000000000000000 ) ) ;
#4560 = CARTESIAN_POINT ( 'NONE',  ( 13.78348506850107746, 28.93535121240287111, 50.07496987852774595 ) ) ;
#4561 = CARTESIAN_POINT ( 'NONE',  ( -8.137872642729671924, -50.30159703908913826, 0.000000000000000000 ) ) ;
#4562 = ORIENTED_EDGE ( 'NONE', *, *, #6189, .T. ) ;
#4563 = DIRECTION ( 'NONE',  ( -0.9491433753508646820, 0.3148441726117346406, 0.000000000000000000 ) ) ;
#4564 = VERTEX_POINT ( 'NONE', #275 ) ;
#4565 = EDGE_CURVE ( 'NONE', #7765, #1627, #7686, .T. ) ;
#4566 = DIRECTION ( 'NONE',  ( -0.000000000000000000, -0.000000000000000000, 1.000000000000000000 ) ) ;
#4567 = EDGE_CURVE ( 'NONE', #1363, #6815, #7815, .T. ) ;
#4568 = DIRECTION ( 'NONE',  ( 0.000000000000000000, 0.000000000000000000, -1.000000000000000000 ) ) ;
#4569 = ORIENTED_EDGE ( 'NONE', *, *, #503, .F. ) ;
#4570 = CARTESIAN_POINT ( 'NONE',  ( 10.19775998189748201, -9.116737382323046646, 6.000000000000000000 ) ) ;
#4571 = ORIENTED_EDGE ( 'NONE', *, *, #7359, .F. ) ;
#4572 = CYLINDRICAL_SURFACE ( 'NONE', #4336, 4.099999999999999645 ) ;
#4573 = CARTESIAN_POINT ( 'NONE',  ( -17.49999999999999645, -6.506203797966179536, 10.09999999999999964 ) ) ;
#4574 = CARTESIAN_POINT ( 'NONE',  ( 16.50000000000000355, -32.03553925944023462, 16.00000000000000711 ) ) ;
#4575 = ORIENTED_EDGE ( 'NONE', *, *, #7771, .F. ) ;
#4576 = DIRECTION ( 'NONE',  ( -0.000000000000000000, -0.000000000000000000, -1.000000000000000000 ) ) ;
#4577 = ORIENTED_EDGE ( 'NONE', *, *, #7424, .T. ) ;
#4578 = CARTESIAN_POINT ( 'NONE',  ( 1.174850287149850736, 49.90747779242939686, 11.66666666666666607 ) ) ;
#4579 = DIRECTION ( 'NONE',  ( -1.000000000000000000, 0.000000000000000000, 0.000000000000000000 ) ) ;
#4580 = VERTEX_POINT ( 'NONE', #1678 ) ;
#4581 = CYLINDRICAL_SURFACE ( 'NONE', #5507, 4.099999999999999645 ) ;
#4582 = CARTESIAN_POINT ( 'NONE',  ( -15.52378647908693132, 36.64992874329254136, 16.50000000000000000 ) ) ;
#4583 = DIRECTION ( 'NONE',  ( 0.4999999999999915068, 0.8660254037844434816, -0.000000000000000000 ) ) ;
#4584 = ORIENTED_EDGE ( 'NONE', *, *, #4622, .T. ) ;
#4585 = LINE ( 'NONE', #6514, #7753 ) ;
#4586 = EDGE_CURVE ( 'NONE', #7615, #2264, #4931, .T. ) ;
#4587 = EDGE_CURVE ( 'NONE', #950, #5209, #1349, .T. ) ;
#4588 = CYLINDRICAL_SURFACE ( 'NONE', #5805, 3.063716784310707819 ) ;
#4589 = DIRECTION ( 'NONE',  ( -0.8660254037844363761, 0.5000000000000039968, -0.000000000000000000 ) ) ;
#4590 = ORIENTED_EDGE ( 'NONE', *, *, #3150, .F. ) ;
#4591 = CARTESIAN_POINT ( 'NONE',  ( -43.40489990004041232, 25.05983064143703842, 11.66666666666666785 ) ) ;
#4592 = CARTESIAN_POINT ( 'NONE',  ( -14.05408703669056969, 26.11378369362475027, 16.49999999999999645 ) ) ;
#4593 = ORIENTED_EDGE ( 'NONE', *, *, #6980, .F. ) ;
#4594 = CARTESIAN_POINT ( 'NONE',  ( 12.28070141654635705, -40.21173014212460117, 23.33333333333332860 ) ) ;
#4595 = DIRECTION ( 'NONE',  ( -0.8660254037844434816, -0.4999999999999920064, 0.000000000000000000 ) ) ;
#4596 = ORIENTED_EDGE ( 'NONE', *, *, #4379, .T. ) ;
#4597 = AXIS2_PLACEMENT_3D ( 'NONE', #4476, #5145, #3714 ) ;
#4598 = VECTOR ( 'NONE', #6496, 1000.000000000000000 ) ;
#4599 = EDGE_CURVE ( 'NONE', #3277, #2758, #4321, .T. ) ;
#4600 = EDGE_CURVE ( 'NONE', #4648, #6831, #2933, .T. ) ;
#4601 = DIRECTION ( 'NONE',  ( -1.000000000000000000, 0.000000000000000000, 0.000000000000000000 ) ) ;
#4602 = ORIENTED_EDGE ( 'NONE', *, *, #1935, .T. ) ;
#4603 = CARTESIAN_POINT ( 'NONE',  ( -43.73285094040505783, 29.68542455182721440, 0.000000000000000000 ) ) ;
#4604 = VECTOR ( 'NONE', #4380, 1000.000000000000000 ) ;
#4605 = CARTESIAN_POINT ( 'NONE',  ( 42.95691275196078607, -2.183157863060338322, 6.208745539402324987 ) ) ;
#4606 = ADVANCED_FACE ( 'NONE', ( #7729 ), #4995, .F. ) ;
#4607 = CARTESIAN_POINT ( 'NONE',  ( -14.41073099951970704, -46.67996057820800360, 0.000000000000000000 ) ) ;
#4608 = VECTOR ( 'NONE', #5810, 1000.000000000000000 ) ;
#4609 = VERTEX_POINT ( 'NONE', #6965 ) ;
#4610 = FACE_OUTER_BOUND ( 'NONE', #1371, .T. ) ;
#4611 = ORIENTED_EDGE ( 'NONE', *, *, #2265, .T. ) ;
#4612 = CIRCLE ( 'NONE', #738, 3.200000000017535928 ) ;
#4613 = APPLICATION_PROTOCOL_DEFINITION ( 'draft international standard', 'automotive_design', 1998, #7521 ) ;
#4614 = CARTESIAN_POINT ( 'NONE',  ( 13.84479552391148616, -30.14590778888478440, 12.00000000000000000 ) ) ;
#4615 = AXIS2_PLACEMENT_3D ( 'NONE', #2530, #1898, #4548 ) ;
#4616 = ORIENTED_EDGE ( 'NONE', *, *, #7523, .T. ) ;
#4617 = LINE ( 'NONE', #1213, #2536 ) ;
#4618 = VECTOR ( 'NONE', #2585, 1000.000000000000000 ) ;
#4619 = VERTEX_POINT ( 'NONE', #7051 ) ;
#4620 = CARTESIAN_POINT ( 'NONE',  ( -17.02378647908693310, 34.05185253193923245, 16.49999999999999645 ) ) ;
#4621 = CARTESIAN_POINT ( 'NONE',  ( -37.45298551693169031, 15.58570268470066189, 0.000000000000000000 ) ) ;
#4622 = EDGE_CURVE ( 'NONE', #6482, #4109, #6356, .T. ) ;
#4623 = EDGE_CURVE ( 'NONE', #6488, #2035, #2971, .T. ) ;
#4624 = CARTESIAN_POINT ( 'NONE',  ( -34.44772910787709463, 18.24084142499060590, 12.50000000000000000 ) ) ;
#4625 = VERTEX_POINT ( 'NONE', #4418 ) ;
#4626 = CARTESIAN_POINT ( 'NONE',  ( 47.63139720814405109, -18.83974596215585251, 11.00000000000000000 ) ) ;
#4627 = ORIENTED_EDGE ( 'NONE', *, *, #2511, .F. ) ;
#4628 = LINE ( 'NONE', #7351, #1100 ) ;
#4629 = DIRECTION ( 'NONE',  ( 0.000000000000000000, 0.000000000000000000, 1.000000000000000000 ) ) ;
#4630 = ORIENTED_EDGE ( 'NONE', *, *, #5490, .F. ) ;
#4631 = LINE ( 'NONE', #6598, #3642 ) ;
#4632 = DIRECTION ( 'NONE',  ( 0.000000000000000000, 0.000000000000000000, -1.000000000000000000 ) ) ;
#4633 = VECTOR ( 'NONE', #2490, 1000.000000000000114 ) ;
#4634 = DIRECTION ( 'NONE',  ( 1.000000000000000000, -3.528681642006276099E-16, 0.000000000000000000 ) ) ;
#4635 = EDGE_LOOP ( 'NONE', ( #2917, #6870, #8660, #3772 ) ) ;
#4636 = CARTESIAN_POINT ( 'NONE',  ( -11.80224001811209789, -9.116737382349995755, 27.31370849898443609 ) ) ;
#4637 = AXIS2_PLACEMENT_3D ( 'NONE', #432, #299, #3801 ) ;
#4638 = CARTESIAN_POINT ( 'NONE',  ( -32.57114317030001160, -24.92487113059612369, 4.999999999999996447 ) ) ;
#4639 = CARTESIAN_POINT ( 'NONE',  ( 6.044999999999998153, 25.85859933425698642, 16.00000000000000000 ) ) ;
#4640 = AXIS2_PLACEMENT_3D ( 'NONE', #5153, #5201, #7936 ) ;
#4641 = ORIENTED_EDGE ( 'NONE', *, *, #7648, .F. ) ;
#4642 = CARTESIAN_POINT ( 'NONE',  ( -37.63139720814417899, 21.72649730810364233, 35.00000000000000000 ) ) ;
#4643 = ORIENTED_EDGE ( 'NONE', *, *, #3180, .F. ) ;
#4644 = CARTESIAN_POINT ( 'NONE',  ( 6.151339674900440535, -39.90151699902700244, 35.00000000000000000 ) ) ;
#4645 = VECTOR ( 'NONE', #2667, 999.9999999999998863 ) ;
#4646 = EDGE_CURVE ( 'NONE', #5117, #5841, #3200, .T. ) ;
#4647 = CARTESIAN_POINT ( 'NONE',  ( -41.13139720754592332, -30.09807621238956088, 11.00000000000000000 ) ) ;
#4648 = VERTEX_POINT ( 'NONE', #5620 ) ;
#4649 = AXIS2_PLACEMENT_3D ( 'NONE', #4541, #5259, #501 ) ;
#4650 = VECTOR ( 'NONE', #4005, 1000.000000000000114 ) ;
#4651 = FACE_OUTER_BOUND ( 'NONE', #845, .T. ) ;
#4652 = EDGE_CURVE ( 'NONE', #7552, #3419, #8352, .T. ) ;
#4653 = ORIENTED_EDGE ( 'NONE', *, *, #7742, .T. ) ;
#4654 = CARTESIAN_POINT ( 'NONE',  ( -34.31431336363080220, 23.64161655865799716, 35.00000000000000000 ) ) ;
#4655 = DIRECTION ( 'NONE',  ( -1.000000000000000000, 0.000000000000000000, 0.000000000000000000 ) ) ;
#4656 = EDGE_CURVE ( 'NONE', #8593, #390, #2296, .T. ) ;
#4657 = CARTESIAN_POINT ( 'NONE',  ( 8.580561569927752430, -23.72845661736633360, 4.000000000000000000 ) ) ;
#4658 = ADVANCED_FACE ( 'NONE', ( #4374 ), #6423, .F. ) ;
#4659 = EDGE_CURVE ( 'NONE', #8847, #6062, #4233, .T. ) ;
#4660 = B_SPLINE_CURVE_WITH_KNOTS ( 'NONE', 3,
 ( #8322, #2182, #7064, #6303, #4294, #6981 ),
 .UNSPECIFIED., .F., .F.,
 ( 4, 2, 4 ),
 ( 0.000000000000000000, 0.0005415788424338082840, 0.001083157684867616568 ),
 .UNSPECIFIED. ) ;
#4661 = EDGE_LOOP ( 'NONE', ( #1512, #1717, #4491, #8426 ) ) ;
#4662 = CARTESIAN_POINT ( 'NONE',  ( -22.90000000000000213, -32.27417035836263892, 12.60000000000000675 ) ) ;
#4663 = DIRECTION ( 'NONE',  ( -0.6211018600785876975, -0.7837298510372809890, 0.000000000000000000 ) ) ;
#4664 = ORIENTED_EDGE ( 'NONE', *, *, #5084, .T. ) ;
#4665 = DIRECTION ( 'NONE',  ( 0.8660254037844363761, 0.5000000000000039968, -0.000000000000000000 ) ) ;
#4666 = AXIS2_PLACEMENT_3D ( 'NONE', #7658, #3663, #6397 ) ;
#4667 = ORIENTED_EDGE ( 'NONE', *, *, #6316, .F. ) ;
#4668 = CARTESIAN_POINT ( 'NONE',  ( 21.83879702366976616, -19.58880009489606167, 10.09999999999999964 ) ) ;
#4669 = DIRECTION ( 'NONE',  ( 0.000000000000000000, 0.000000000000000000, 1.000000000000000000 ) ) ;
#4670 = LINE ( 'NONE', #1262, #4070 ) ;
#4671 = EDGE_LOOP ( 'NONE', ( #8107, #3375, #1931, #499, #4051, #1293 ) ) ;
#4672 = VECTOR ( 'NONE', #6623, 1000.000000000000114 ) ;
#4673 = AXIS2_PLACEMENT_3D ( 'NONE', #3701, #5085, #4381 ) ;
#4674 = AXIS2_PLACEMENT_3D ( 'NONE', #7894, #7855, #548 ) ;
#4675 = CARTESIAN_POINT ( 'NONE',  ( -7.500000001196883481, 47.65719667295147843, 9.131689754664778391 ) ) ;
#4676 = ORIENTED_EDGE ( 'NONE', *, *, #6453, .F. ) ;
#4677 = CIRCLE ( 'NONE', #2673, 2.000000000000000000 ) ;
#4678 = CARTESIAN_POINT ( 'NONE',  ( 0.000000000000000000, 0.000000000000000000, 16.00000000000000355 ) ) ;
#4679 = ORIENTED_EDGE ( 'NONE', *, *, #4431, .T. ) ;
#4680 = DIRECTION ( 'NONE',  ( -0.000000000000000000, -0.000000000000000000, -1.000000000000000000 ) ) ;
#4681 = CARTESIAN_POINT ( 'NONE',  ( -1.182579951851807865, 50.10680887716915777, 11.00000000000000533 ) ) ;
#4682 = CARTESIAN_POINT ( 'NONE',  ( -11.80224001811209789, -9.116737382349995755, 10.09999999999999787 ) ) ;
#4683 = ORIENTED_EDGE ( 'NONE', *, *, #4446, .F. ) ;
#4684 = DIRECTION ( 'NONE',  ( 0.5000000000000039968, -0.8660254037844363761, 0.000000000000000000 ) ) ;
#4685 = ORIENTED_EDGE ( 'NONE', *, *, #3637, .F. ) ;
#4686 = CARTESIAN_POINT ( 'NONE',  ( -27.50000000000000000, 24.85859933425698642, 35.00000000000000000 ) ) ;
#4687 = CARTESIAN_POINT ( 'NONE',  ( 0.000000000000000000, 0.000000000000000000, 35.00000000000000000 ) ) ;
#4688 = EDGE_LOOP ( 'NONE', ( #8019, #4956, #2184, #8463 ) ) ;
#4689 = LINE ( 'NONE', #4726, #4065 ) ;
#4690 = VECTOR ( 'NONE', #6085, 1000.000000000000000 ) ;
#4691 = ORIENTED_EDGE ( 'NONE', *, *, #235, .F. ) ;
#4692 = LINE ( 'NONE', #1141, #1014 ) ;
#4693 = AXIS2_PLACEMENT_3D ( 'NONE', #51, #3371, #1321 ) ;
#4694 = DIRECTION ( 'NONE',  ( -1.000000000000000000, 0.000000000000000000, 0.000000000000000000 ) ) ;
#4695 = ORIENTED_EDGE ( 'NONE', *, *, #8265, .F. ) ;
#4696 = CARTESIAN_POINT ( 'NONE',  ( -38.41711149266136971, -30.84038370100192950, 6.000000000001862510 ) ) ;
#4697 = ORIENTED_EDGE ( 'NONE', *, *, #3024, .F. ) ;
#4698 = CARTESIAN_POINT ( 'NONE',  ( -11.21568662505942804, 36.97761492408295680, 35.00000000000000711 ) ) ;
#4699 = DIRECTION ( 'NONE',  ( -0.8660254037844433705, -0.4999999999999918954, 0.000000000000000000 ) ) ;
#4700 = CARTESIAN_POINT ( 'NONE',  ( -17.49999999999999645, -4.506203797966179536, 10.09999999999999964 ) ) ;
#4701 = ORIENTED_EDGE ( 'NONE', *, *, #3792, .T. ) ;
#4702 = DIRECTION ( 'NONE',  ( -1.000000000000000000, 0.000000000000000000, 5.981805089575197183E-16 ) ) ;
#4703 = ADVANCED_FACE ( 'NONE', ( #5921 ), #7218, .T. ) ;
#4704 = CARTESIAN_POINT ( 'NONE',  ( 0.000000000000000000, 0.000000000000000000, 18.09999999999999787 ) ) ;
#4705 = PLANE ( 'NONE',  #2537 ) ;
#4706 = DIRECTION ( 'NONE',  ( 0.000000000000000000, 0.000000000000000000, 1.000000000000000000 ) ) ;
#4707 = EDGE_LOOP ( 'NONE', ( #8446, #4004, #2974, #4713 ) ) ;
#4708 = FACE_OUTER_BOUND ( 'NONE', #4339, .T. ) ;
#4709 = FACE_OUTER_BOUND ( 'NONE', #1168, .T. ) ;
#4710 = LINE ( 'NONE', #8117, #587 ) ;
#4711 = ORIENTED_EDGE ( 'NONE', *, *, #4078, .T. ) ;
#4712 = LINE ( 'NONE', #7440, #6901 ) ;
#4713 = ORIENTED_EDGE ( 'NONE', *, *, #8707, .F. ) ;
#4714 = LINE ( 'NONE', #4758, #6105 ) ;
#4715 = ORIENTED_EDGE ( 'NONE', *, *, #3022, .T. ) ;
#4716 = CARTESIAN_POINT ( 'NONE',  ( 16.55277938900914947, -28.63282683651050320, 4.000000000000003553 ) ) ;
#4717 = LINE ( 'NONE', #3365, #4218 ) ;
#4718 = LINE ( 'NONE', #3416, #1053 ) ;
#4719 = EDGE_CURVE ( 'NONE', #144, #5586, #2472, .T. ) ;
#4720 = ORIENTED_EDGE ( 'NONE', *, *, #2404, .T. ) ;
#4721 = LINE ( 'NONE', #637, #4895 ) ;
#4722 = EDGE_LOOP ( 'NONE', ( #2742, #7907, #4342, #8154 ) ) ;
#4723 = DIRECTION ( 'NONE',  ( -0.8660254037844432595, -0.4999999999999920064, -0.000000000000000000 ) ) ;
#4724 = LINE ( 'NONE', #4904, #4645 ) ;
#4725 = EDGE_LOOP ( 'NONE', ( #504, #7986, #2695, #6840 ) ) ;
#4726 = CARTESIAN_POINT ( 'NONE',  ( -8.580561569927754206, -14.11673738234993714, 16.00000000000000000 ) ) ;
#4727 = ORIENTED_EDGE ( 'NONE', *, *, #8155, .T. ) ;
#4728 = LINE ( 'NONE', #3378, #2168 ) ;
#4729 = EDGE_CURVE ( 'NONE', #1325, #8087, #5924, .T. ) ;
#4730 = CARTESIAN_POINT ( 'NONE',  ( 9.878561921568492110, -36.10007460160268522, 12.00000000000000000 ) ) ;
#4731 = EDGE_CURVE ( 'NONE', #2029, #3922, #7360, .T. ) ;
#4732 = VERTEX_POINT ( 'NONE', #1800 ) ;
#4733 = EDGE_CURVE ( 'NONE', #1627, #6143, #4631, .T. ) ;
#4734 = DIRECTION ( 'NONE',  ( 0.000000000000000000, 0.000000000000000000, -1.000000000000000000 ) ) ;
#4735 = ORIENTED_EDGE ( 'NONE', *, *, #3951, .T. ) ;
#4736 = DIRECTION ( 'NONE',  ( 0.000000000000000000, -1.000000000000000000, 0.000000000000000000 ) ) ;
#4737 = CARTESIAN_POINT ( 'NONE',  ( -23.18634227167864026, -35.36717490554791965, 18.93273950404481809 ) ) ;
#4738 = CARTESIAN_POINT ( 'NONE',  ( -37.32970327118547260, -21.90068038381982873, 35.00000000000000000 ) ) ;
#4739 = CIRCLE ( 'NONE', #5872, 3.340420853704232584 ) ;
#4740 = EDGE_CURVE ( 'NONE', #4132, #8760, #758, .T. ) ;
#4741 = VERTEX_POINT ( 'NONE', #5257 ) ;
#4742 = FACE_OUTER_BOUND ( 'NONE', #3759, .T. ) ;
#4743 = CIRCLE ( 'NONE', #5740, 0.8000000000000009326 ) ;
#4744 = AXIS2_PLACEMENT_3D ( 'NONE', #8136, #7457, #4818 ) ;
#4745 = DIRECTION ( 'NONE',  ( -1.000000000000000000, -0.000000000000000000, -0.000000000000000000 ) ) ;
#4746 = DIRECTION ( 'NONE',  ( 0.000000000000000000, 0.000000000000000000, 1.000000000000000000 ) ) ;
#4747 = VERTEX_POINT ( 'NONE', #7304 ) ;
#4748 = DIRECTION ( 'NONE',  ( 0.5000000000000003331, 0.8660254037844385966, -0.000000000000000000 ) ) ;
#4749 = CARTESIAN_POINT ( 'NONE',  ( -7.499999999999989342, 50.66987298107782323, 9.000000000000000000 ) ) ;
#4750 = EDGE_CURVE ( 'NONE', #8000, #4227, #5974, .T. ) ;
#4751 = VECTOR ( 'NONE', #4576, 1000.000000000000000 ) ;
#4752 = LINE ( 'NONE', #7478, #2301 ) ;
#4753 = ORIENTED_EDGE ( 'NONE', *, *, #277, .T. ) ;
#4754 = DIRECTION ( 'NONE',  ( -0.000000000000000000, -0.000000000000000000, -1.000000000000000000 ) ) ;
#4755 = VECTOR ( 'NONE', #1432, 1000.000000000000000 ) ;
#4756 = ORIENTED_EDGE ( 'NONE', *, *, #277, .F. ) ;
#4757 = AXIS2_PLACEMENT_3D ( 'NONE', #5147, #1832, #2413 ) ;
#4758 = CARTESIAN_POINT ( 'NONE',  ( 21.88688724951296294, -12.63640024522943150, 11.59999999999999964 ) ) ;
#4759 = ORIENTED_EDGE ( 'NONE', *, *, #7228, .T. ) ;
#4760 = DIRECTION ( 'NONE',  ( 0.000000000000000000, 0.000000000000000000, -1.000000000000000000 ) ) ;
#4761 = LINE ( 'NONE', #6103, #8818 ) ;
#4762 = ADVANCED_FACE ( 'NONE', ( #8704 ), #7896, .F. ) ;
#4763 = CARTESIAN_POINT ( 'NONE',  ( -11.80224001808351453, 14.88326261767710967, 16.00000000000000355 ) ) ;
#4764 = EDGE_CURVE ( 'NONE', #6153, #6416, #451, .T. ) ;
#4765 = DIRECTION ( 'NONE',  ( -1.000000000000000000, 0.000000000000000000, 0.000000000000000000 ) ) ;
#4766 = ORIENTED_EDGE ( 'NONE', *, *, #7798, .F. ) ;
#4767 = LINE ( 'NONE', #2800, #5169 ) ;
#4768 = ORIENTED_EDGE ( 'NONE', *, *, #8094, .F. ) ;
#4769 = DIRECTION ( 'NONE',  ( -1.000000000000000000, 0.000000000000000000, 0.000000000000000000 ) ) ;
#4770 = CARTESIAN_POINT ( 'NONE',  ( -11.15192553872102010, -13.41873196626567655, 37.05107468579354446 ) ) ;
#4771 = VERTEX_POINT ( 'NONE', #4539 ) ;
#4772 = DIRECTION ( 'NONE',  ( -0.000000000000000000, -0.000000000000000000, -1.000000000000000000 ) ) ;
#4773 = ORIENTED_EDGE ( 'NONE', *, *, #1272, .F. ) ;
#4774 = CIRCLE ( 'NONE', #5907, 4.999999999999997335 ) ;
#4775 = CARTESIAN_POINT ( 'NONE',  ( -11.80224001808351453, 14.88326261767710967, 6.000000000000000000 ) ) ;
#4776 = CARTESIAN_POINT ( 'NONE',  ( -4.499999999999976019, 40.66987298107783033, 4.999999999999996447 ) ) ;
#4777 = ORIENTED_EDGE ( 'NONE', *, *, #1164, .F. ) ;
#4778 = EDGE_LOOP ( 'NONE', ( #831, #3005, #3706, #5056, #7090, #3873, #4683, #7349, #7993, #4332, #1288 ) ) ;
#4779 = AXIS2_PLACEMENT_3D ( 'NONE', #1072, #3812, #5116 ) ;
#4780 = EDGE_CURVE ( 'NONE', #623, #2134, #7266, .T. ) ;
#4781 = CARTESIAN_POINT ( 'NONE',  ( -33.37114317029999455, -23.53923048454100808, 4.999999999999996447 ) ) ;
#4782 = AXIS2_PLACEMENT_3D ( 'NONE', #8269, #4145, #7593 ) ;
#4783 = ORIENTED_EDGE ( 'NONE', *, *, #8429, .T. ) ;
#4784 = CARTESIAN_POINT ( 'NONE',  ( -17.02378647908693310, 34.05185253193923245, 12.50000000000000000 ) ) ;
#4785 = CARTESIAN_POINT ( 'NONE',  ( -23.50000000000001066, -35.33577517560276959, 18.47901385279807229 ) ) ;
#4786 = DIRECTION ( 'NONE',  ( -0.000000000000000000, -0.000000000000000000, 1.000000000000000000 ) ) ;
#4787 = AXIS2_PLACEMENT_3D ( 'NONE', #8082, #3825, #362 ) ;
#4788 = ORIENTED_EDGE ( 'NONE', *, *, #3986, .F. ) ;
#4789 = VECTOR ( 'NONE', #6645, 1000.000000000000114 ) ;
#4790 = CARTESIAN_POINT ( 'NONE',  ( -41.56185691933844595, -9.613715481249377248, 0.000000000000000000 ) ) ;
#4791 = DIRECTION ( 'NONE',  ( 0.5000000000000001110, 0.8660254037844385966, -0.000000000000000000 ) ) ;
#4792 = VECTOR ( 'NONE', #380, 1000.000000000000000 ) ;
#4793 = DIRECTION ( 'NONE',  ( -1.000000000000000000, 0.000000000000000000, 0.000000000000000000 ) ) ;
#4794 = PLANE ( 'NONE',  #6537 ) ;
#4795 = CARTESIAN_POINT ( 'NONE',  ( 0.000000000000000000, -46.86226820536257520, 2.299999999999999822 ) ) ;
#4796 = ORIENTED_EDGE ( 'NONE', *, *, #7137, .T. ) ;
#4797 = DIRECTION ( 'NONE',  ( 0.000000000000000000, 0.000000000000000000, -1.000000000000000000 ) ) ;
#4798 = CARTESIAN_POINT ( 'NONE',  ( 20.12620908988082746, -5.259372140063334200, 16.00000000000000000 ) ) ;
#4799 = DIRECTION ( 'NONE',  ( -0.000000000000000000, -0.000000000000000000, 1.000000000000000000 ) ) ;
#4800 = ORIENTED_EDGE ( 'NONE', *, *, #8585, .T. ) ;
#4801 = CARTESIAN_POINT ( 'NONE',  ( 23.50000000000001066, -37.33310551045668291, 12.42492801873331310 ) ) ;
#4802 = ORIENTED_EDGE ( 'NONE', *, *, #449, .F. ) ;
#4803 = CARTESIAN_POINT ( 'NONE',  ( 5.739015387074696939, 48.05751908648282722, 11.00000000000000178 ) ) ;
#4804 = EDGE_LOOP ( 'NONE', ( #7876, #155, #3289, #5420, #410, #7127, #8416, #2849 ) ) ;
#4805 = CARTESIAN_POINT ( 'NONE',  ( -26.14708080932900813, 35.16810406380066212, 0.000000000000000000 ) ) ;
#4806 = CARTESIAN_POINT ( 'NONE',  ( -13.40705325501500056, -41.10007460160269233, 12.00000000000000000 ) ) ;
#4807 = CARTESIAN_POINT ( 'NONE',  ( -44.27453955771138538, -22.84792225714627634, 11.00000000000000533 ) ) ;
#4808 = VECTOR ( 'NONE', #4128, 1000.000000000000000 ) ;
#4809 = CARTESIAN_POINT ( 'NONE',  ( -23.50000000000000355, -37.27534673587851444, 12.60000000000000675 ) ) ;
#4810 = ORIENTED_EDGE ( 'NONE', *, *, #893, .F. ) ;
#4811 = DIRECTION ( 'NONE',  ( -0.000000000000000000, -0.000000000000000000, -1.000000000000000000 ) ) ;
#4812 = ORIENTED_EDGE ( 'NONE', *, *, #1566, .F. ) ;
#4813 = ADVANCED_FACE ( 'NONE', ( #1080 ), #3962, .T. ) ;
#4814 = DIRECTION ( 'NONE',  ( -1.000000000000000000, 0.000000000000000000, 0.000000000000000000 ) ) ;
#4815 = CARTESIAN_POINT ( 'NONE',  ( 14.14227870593024861, -36.10007460160268522, 27.31370849898443609 ) ) ;
#4816 = ORIENTED_EDGE ( 'NONE', *, *, #4587, .F. ) ;
#4817 = LINE ( 'NONE', #4862, #6641 ) ;
#4818 = DIRECTION ( 'NONE',  ( -0.000000000000000000, 0.000000000000000000, -1.000000000000000000 ) ) ;
#4819 = AXIS2_PLACEMENT_3D ( 'NONE', #1506, #5077, #273 ) ;
#4820 = ADVANCED_FACE ( 'NONE', ( #1847 ), #4581, .F. ) ;
#4821 = CARTESIAN_POINT ( 'NONE',  ( 41.05860311233816873, -8.325866583873127169, 2.299999999999999822 ) ) ;
#4822 = ORIENTED_EDGE ( 'NONE', *, *, #3314, .T. ) ;
#4823 = VERTEX_POINT ( 'NONE', #8524 ) ;
#4824 = VECTOR ( 'NONE', #4153, 1000.000000000000000 ) ;
#4825 = LINE ( 'NONE', #1424, #2514 ) ;
#4826 = ORIENTED_EDGE ( 'NONE', *, *, #5985, .F. ) ;
#4827 = AXIS2_PLACEMENT_3D ( 'NONE', #8197, #8778, #4746 ) ;
#4828 = CARTESIAN_POINT ( 'NONE',  ( -17.10000000000000497, -41.16833712241421495, 12.00000000000000711 ) ) ;
#4829 = VECTOR ( 'NONE', #5462, 1000.000000000000000 ) ;
#4830 = FACE_BOUND ( 'NONE', #5991, .T. ) ;
#4831 = VECTOR ( 'NONE', #3420, 1000.000000000000000 ) ;
#4832 = CARTESIAN_POINT ( 'NONE',  ( -35.82373386563167372, -22.77015222550768314, 35.00000000000007105 ) ) ;
#4833 = VERTEX_POINT ( 'NONE', #3097 ) ;
#4834 = EDGE_CURVE ( 'NONE', #6961, #3618, #2388, .T. ) ;
#4835 = AXIS2_PLACEMENT_3D ( 'NONE', #4916, #8320, #2179 ) ;
#4836 = DIRECTION ( 'NONE',  ( -0.000000000000000000, -0.000000000000000000, -1.000000000000000000 ) ) ;
#4837 = DIRECTION ( 'NONE',  ( 1.000000000000000000, 0.000000000000000000, 0.000000000000000000 ) ) ;
#4838 = DIRECTION ( 'NONE',  ( -0.5000000000000038858, -0.8660254037844363761, 0.000000000000000000 ) ) ;
#4839 = DIRECTION ( 'NONE',  ( -0.5000000000000043299, -0.8660254037844361541, 0.000000000000000000 ) ) ;
#4840 = ORIENTED_EDGE ( 'NONE', *, *, #6172, .T. ) ;
#4841 = CARTESIAN_POINT ( 'NONE',  ( 43.15889115148553401, -25.36980824256325562, 11.66666666666667140 ) ) ;
#4842 = DIRECTION ( 'NONE',  ( 0.2546397859767810523, 0.9670359762685662997, 0.000000000000000000 ) ) ;
#4843 = EDGE_CURVE ( 'NONE', #7095, #6348, #1642, .T. ) ;
#4844 = EDGE_CURVE ( 'NONE', #6081, #7563, #1446, .T. ) ;
#4845 = DIRECTION ( 'NONE',  ( 0.4423126583253231270, 0.8968609213725313722, 0.000000000000000000 ) ) ;
#4846 = EDGE_CURVE ( 'NONE', #1021, #7931, #1407, .T. ) ;
#4847 = ORIENTED_EDGE ( 'NONE', *, *, #3008, .F. ) ;
#4848 = FACE_OUTER_BOUND ( 'NONE', #5781, .T. ) ;
#4849 = ORIENTED_EDGE ( 'NONE', *, *, #1714, .T. ) ;
#4850 = CARTESIAN_POINT ( 'NONE',  ( -5.500000001196981181, -7.339214707652979591E-16, 11.00000000000000000 ) ) ;
#4851 = ORIENTED_EDGE ( 'NONE', *, *, #7209, .T. ) ;
#4852 = LINE ( 'NONE', #631, #3931 ) ;
#4853 = CARTESIAN_POINT ( 'NONE',  ( -9.707022081916605316, -29.10007460160269588, 30.99999999999999645 ) ) ;
#4854 = CARTESIAN_POINT ( 'NONE',  ( -44.48854006528694782, -19.33461762284634133, 10.99999999999999645 ) ) ;
#4855 = DIRECTION ( 'NONE',  ( -0.000000000000000000, -0.000000000000000000, 1.000000000000000000 ) ) ;
#4856 = VERTEX_POINT ( 'NONE', #4716 ) ;
#4857 = PLANE ( 'NONE',  #161 ) ;
#4858 = VERTEX_POINT ( 'NONE', #4805 ) ;
#4859 = CARTESIAN_POINT ( 'NONE',  ( 0.000000000000000000, -46.86226820536257520, 2.299999999999999822 ) ) ;
#4860 = DIRECTION ( 'NONE',  ( -0.4999999999999999445, -0.8660254037844387076, 0.000000000000000000 ) ) ;
#4861 = ORIENTED_EDGE ( 'NONE', *, *, #2448, .F. ) ;
#4862 = CARTESIAN_POINT ( 'NONE',  ( 38.16565829136300891, -2.742840745465485064, 50.07496987852774595 ) ) ;
#4863 = DIRECTION ( 'NONE',  ( 0.000000000000000000, 0.000000000000000000, 1.000000000000000000 ) ) ;
#4864 = CARTESIAN_POINT ( 'NONE',  ( -15.49999999999999645, -6.506203797966179536, 30.99999999999999645 ) ) ;
#4865 = EDGE_CURVE ( 'NONE', #1752, #2550, #5479, .T. ) ;
#4866 = VERTEX_POINT ( 'NONE', #2020 ) ;
#4867 = DIRECTION ( 'NONE',  ( 0.000000000000000000, 0.000000000000000000, -1.000000000000000000 ) ) ;
#4868 = ORIENTED_EDGE ( 'NONE', *, *, #2603, .T. ) ;
#4869 = DIRECTION ( 'NONE',  ( -0.000000000000000000, -0.000000000000000000, 1.000000000000000000 ) ) ;
#4870 = ORIENTED_EDGE ( 'NONE', *, *, #6042, .T. ) ;
#4871 = CARTESIAN_POINT ( 'NONE',  ( -34.05106172828569555, 23.47800753011462760, 12.50000000000000000 ) ) ;
#4872 = CARTESIAN_POINT ( 'NONE',  ( -46.03787180435988091, -19.59981292466155622, 0.000000000000000000 ) ) ;
#4873 = FACE_OUTER_BOUND ( 'NONE', #1785, .T. ) ;
#4874 = EDGE_CURVE ( 'NONE', #6482, #7740, #4852, .T. ) ;
#4875 = ORIENTED_EDGE ( 'NONE', *, *, #6210, .F. ) ;
#4876 = EDGE_CURVE ( 'NONE', #6163, #6175, #8208, .T. ) ;
#4877 = CARTESIAN_POINT ( 'NONE',  ( 11.09294674498499589, -41.10007460160269233, 12.00000000000000000 ) ) ;
#4878 = CARTESIAN_POINT ( 'NONE',  ( 11.09294674498499589, -36.10007460160269233, 0.000000000000000000 ) ) ;
#4879 = CARTESIAN_POINT ( 'NONE',  ( 44.72017534088823965, 28.82043108098578088, 0.000000000000000000 ) ) ;
#4880 =( BOUNDED_CURVE ( )  B_SPLINE_CURVE ( 3, ( #6952, #1496, #7673, #7718 ),
 .UNSPECIFIED., .F., .F. ) 
 B_SPLINE_CURVE_WITH_KNOTS ( ( 4, 4 ),
 ( 1.570796326794897002, 3.141592653589793116 ),
 .UNSPECIFIED. ) 
 CURVE ( )  GEOMETRIC_REPRESENTATION_ITEM ( )  RATIONAL_B_SPLINE_CURVE ( ( 1.000000000000000000, 0.8047378541243650485, 0.8047378541243650485, 1.000000000000000000 ) ) 
 REPRESENTATION_ITEM ( '' )  );
#4881 = CARTESIAN_POINT ( 'NONE',  ( 17.10000000000000497, -28.99999999999999645, 18.99999999999999645 ) ) ;
#4882 = ORIENTED_EDGE ( 'NONE', *, *, #4844, .T. ) ;
#4883 = CARTESIAN_POINT ( 'NONE',  ( -7.500000001196991839, 47.70064302455345739, 9.000000000002787104 ) ) ;
#4884 = DIRECTION ( 'NONE',  ( 0.000000000000000000, 0.000000000000000000, -1.000000000000000000 ) ) ;
#4885 = DIRECTION ( 'NONE',  ( 0.000000000000000000, 0.000000000000000000, -1.000000000000000000 ) ) ;
#4886 = ORIENTED_EDGE ( 'NONE', *, *, #1399, .T. ) ;
#4887 = CIRCLE ( 'NONE', #7885, 1.999999999999998224 ) ;
#4888 = CARTESIAN_POINT ( 'NONE',  ( -37.63939103867643610, -29.88484535207156156, 10.25733249009926951 ) ) ;
#4889 = ORIENTED_EDGE ( 'NONE', *, *, #2691, .F. ) ;
#4890 = PLANE ( 'NONE',  #4529 ) ;
#4891 = ORIENTED_EDGE ( 'NONE', *, *, #1473, .F. ) ;
#4892 = FACE_OUTER_BOUND ( 'NONE', #3504, .T. ) ;
#4893 = ADVANCED_FACE ( 'NONE', ( #8254 ), #1934, .T. ) ;
#4894 = DIRECTION ( 'NONE',  ( -0.000000000000000000, 1.000000000000000000, -0.000000000000000000 ) ) ;
#4895 = VECTOR ( 'NONE', #4684, 1000.000000000000114 ) ;
#4896 = EDGE_CURVE ( 'NONE', #6240, #8859, #8792, .T. ) ;
#4897 = VECTOR ( 'NONE', #2824, 1000.000000000000000 ) ;
#4898 = FACE_BOUND ( 'NONE', #8803, .T. ) ;
#4899 = ORIENTED_EDGE ( 'NONE', *, *, #6238, .F. ) ;
#4900 = LINE ( 'NONE', #2252, #2028 ) ;
#4901 = VECTOR ( 'NONE', #902, 1000.000000000000000 ) ;
#4902 = ORIENTED_EDGE ( 'NONE', *, *, #3792, .F. ) ;
#4903 = DIRECTION ( 'NONE',  ( 0.000000000000000000, 1.000000000000000000, -0.000000000000000000 ) ) ;
#4904 = CARTESIAN_POINT ( 'NONE',  ( -14.17817460259215778, 17.88326261765006109, 16.00000000000000355 ) ) ;
#4905 = VERTEX_POINT ( 'NONE', #7538 ) ;
#4906 = DIRECTION ( 'NONE',  ( 0.9448157352777264428, 0.3276022380442618065, 0.000000000000000000 ) ) ;
#4907 = CYLINDRICAL_SURFACE ( 'NONE', #4030, 4.099999999999999645 ) ;
#4908 = CIRCLE ( 'NONE', #170, 2.499999999999998668 ) ;
#4909 = CARTESIAN_POINT ( 'NONE',  ( 9.640366921179685633, -8.091954300746134976, 4.000000000000000000 ) ) ;
#4910 = ORIENTED_EDGE ( 'NONE', *, *, #4391, .T. ) ;
#4911 = EDGE_CURVE ( 'NONE', #7633, #6826, #1311, .T. ) ;
#4912 = CARTESIAN_POINT ( 'NONE',  ( 1.136542967019287869E-14, -114.9999999999999289, 19.00000000000000711 ) ) ;
#4913 = ORIENTED_EDGE ( 'NONE', *, *, #6453, .T. ) ;
#4914 = DIRECTION ( 'NONE',  ( -0.000000000000000000, -0.000000000000000000, -1.000000000000000000 ) ) ;
#4915 = ORIENTED_EDGE ( 'NONE', *, *, #613, .F. ) ;
#4916 = CARTESIAN_POINT ( 'NONE',  ( -26.14708080932900813, 35.16810406380066212, 12.50000000000000000 ) ) ;
#4917 = CARTESIAN_POINT ( 'NONE',  ( 23.50000000000000355, -29.00000000000000000, 0.000000000000000000 ) ) ;
#4918 = EDGE_CURVE ( 'NONE', #2506, #1098, #4135, .T. ) ;
#4919 = LINE ( 'NONE', #5631, #4191 ) ;
#4920 = EDGE_LOOP ( 'NONE', ( #6769, #8165, #8520, #5912 ) ) ;
#4921 = VECTOR ( 'NONE', #7912, 1000.000000000000000 ) ;
#4922 = LINE ( 'NONE', #2362, #3610 ) ;
#4923 = LINE ( 'NONE', #6007, #4968 ) ;
#4924 = EDGE_CURVE ( 'NONE', #931, #313, #2070, .T. ) ;
#4925 = CARTESIAN_POINT ( 'NONE',  ( -11.80224001811209789, -9.116737382349995755, 16.00000000000000355 ) ) ;
#4926 = EDGE_CURVE ( 'NONE', #7095, #3500, #8125, .T. ) ;
#4927 = VECTOR ( 'NONE', #6285, 1000.000000000000000 ) ;
#4928 = ORIENTED_EDGE ( 'NONE', *, *, #8102, .F. ) ;
#4929 = CARTESIAN_POINT ( 'NONE',  ( 34.15121321063428894, -27.58478427049286097, 23.33333333333333570 ) ) ;
#4930 = CARTESIAN_POINT ( 'NONE',  ( 17.60072470878810336, -26.92935667042205949, 45.78333789394355335 ) ) ;
#4931 = CIRCLE ( 'NONE', #49, 1.000000000018832935 ) ;
#4932 = EDGE_CURVE ( 'NONE', #8304, #5294, #6055, .T. ) ;
#4933 = CARTESIAN_POINT ( 'NONE',  ( 14.39775998193531592, 14.88326261767695158, 16.00000000000000355 ) ) ;
#4934 = ORIENTED_EDGE ( 'NONE', *, *, #8450, .F. ) ;
#4935 = CIRCLE ( 'NONE', #5071, 1.200000000051035354 ) ;
#4936 = LINE ( 'NONE', #216, #3749 ) ;
#4937 = ORIENTED_EDGE ( 'NONE', *, *, #6014, .T. ) ;
#4938 = FACE_OUTER_BOUND ( 'NONE', #2853, .T. ) ;
#4939 = ORIENTED_EDGE ( 'NONE', *, *, #1286, .T. ) ;
#4940 = DIRECTION ( 'NONE',  ( 0.000000000000000000, 0.000000000000000000, -1.000000000000000000 ) ) ;
#4941 = CARTESIAN_POINT ( 'NONE',  ( 47.63139720814410083, 18.10319407817827297, 0.000000000000000000 ) ) ;
#4942 = B_SPLINE_CURVE_WITH_KNOTS ( 'NONE', 3,
 ( #2141, #695, #4200, #6166 ),
 .UNSPECIFIED., .F., .F.,
 ( 4, 4 ),
 ( 0.000000000000000000, 0.006107495116546506064 ),
 .UNSPECIFIED. ) ;
#4943 = DIRECTION ( 'NONE',  ( -1.000000000000000000, 0.000000000000000000, 0.000000000000000000 ) ) ;
#4944 = VERTEX_POINT ( 'NONE', #6862 ) ;
#4945 = DIRECTION ( 'NONE',  ( 0.000000000000000000, 0.000000000000000000, 1.000000000000000000 ) ) ;
#4946 = ORIENTED_EDGE ( 'NONE', *, *, #999, .F. ) ;
#4947 = CARTESIAN_POINT ( 'NONE',  ( -44.86537180435990990, -21.63064249653605131, 4.999999999999998224 ) ) ;
#4948 = CARTESIAN_POINT ( 'NONE',  ( -9.707022081916605316, -29.10007460160269588, 45.78333789394355335 ) ) ;
#4949 = VERTEX_POINT ( 'NONE', #7584 ) ;
#4950 = DIRECTION ( 'NONE',  ( -0.000000000000000000, -1.000000000000000000, -0.000000000000000000 ) ) ;
#4951 = CIRCLE ( 'NONE', #5400, 4.099999999999999645 ) ;
#4952 = CARTESIAN_POINT ( 'NONE',  ( 41.05860311233816873, -8.325866583873127169, 0.000000000000000000 ) ) ;
#4953 = CARTESIAN_POINT ( 'NONE',  ( -41.16537180435997101, -28.03923048454092992, 4.999999999999996447 ) ) ;
#4954 = ORIENTED_EDGE ( 'NONE', *, *, #1049, .T. ) ;
#4955 = DIRECTION ( 'NONE',  ( -1.000000000000000000, 0.000000000000000000, -0.000000000000000000 ) ) ;
#4956 = ORIENTED_EDGE ( 'NONE', *, *, #7377, .T. ) ;
#4957 = AXIS2_PLACEMENT_3D ( 'NONE', #5673, #7734, #1598 ) ;
#4958 = CIRCLE ( 'NONE', #1085, 2.400000000000000355 ) ;
#4959 = CARTESIAN_POINT ( 'NONE',  ( 12.94227870587920037, -36.10007460160268522, 12.00000000000000000 ) ) ;
#4960 = ORIENTED_EDGE ( 'NONE', *, *, #6429, .T. ) ;
#4961 = CARTESIAN_POINT ( 'NONE',  ( -40.86070251696148148, -21.19898910433455441, 23.33333333333334281 ) ) ;
#4962 = CARTESIAN_POINT ( 'NONE',  ( -4.999999999999997335, -52.11324865405187978, 0.000000000000000000 ) ) ;
#4963 = CYLINDRICAL_SURFACE ( 'NONE', #7325, 2.000000000000001776 ) ;
#4964 = AXIS2_PLACEMENT_3D ( 'NONE', #4270, #7625, #132 ) ;
#4965 = VECTOR ( 'NONE', #7906, 1000.000000000000000 ) ;
#4966 = AXIS2_PLACEMENT_3D ( 'NONE', #8448, #1097, #3837 ) ;
#4967 = CARTESIAN_POINT ( 'NONE',  ( -28.50000000000000000, 25.85859933425698642, 35.00000000000000000 ) ) ;
#4968 = VECTOR ( 'NONE', #2731, 999.9999999999998863 ) ;
#4969 = AXIS2_PLACEMENT_3D ( 'NONE', #6986, #8451, #4428 ) ;
#4970 = DIRECTION ( 'NONE',  ( 0.4999999999999882871, -0.8660254037844453689, 0.000000000000000000 ) ) ;
#4971 = LINE ( 'NONE', #6359, #6264 ) ;
#4972 = ORIENTED_EDGE ( 'NONE', *, *, #3970, .T. ) ;
#4973 = CARTESIAN_POINT ( 'NONE',  ( 45.26537180435958874, -20.93782217350917563, 4.999999999999996447 ) ) ;
#4974 = DIRECTION ( 'NONE',  ( -0.8660254037844432595, -0.4999999999999918954, -0.000000000000000000 ) ) ;
#4975 = CIRCLE ( 'NONE', #8835, 3.699999999903309966 ) ;
#4976 = CIRCLE ( 'NONE', #8411, 0.8000000000000000444 ) ;
#4977 = CARTESIAN_POINT ( 'NONE',  ( -19.29764992882473251, 36.51936874512504971, 12.50000000000000000 ) ) ;
#4979 = ORIENTED_EDGE ( 'NONE', *, *, #8436, .T. ) ;
#4978 = EDGE_CURVE ( 'NONE', #6115, #8593, #2349, .T. ) ;
#4980 = CARTESIAN_POINT ( 'NONE',  ( -38.74927670639156929, -28.99903582774625477, 10.99999999999999822 ) ) ;
#4981 = EDGE_CURVE ( 'NONE', #7214, #1710, #3745, .T. ) ;
#4982 = ORIENTED_EDGE ( 'NONE', *, *, #1851, .T. ) ;
#4983 = DIRECTION ( 'NONE',  ( -0.000000000000000000, -0.000000000000000000, -1.000000000000000000 ) ) ;
#4984 = ORIENTED_EDGE ( 'NONE', *, *, #3269, .F. ) ;
#4985 = CARTESIAN_POINT ( 'NONE',  ( -24.40952427225795418, 25.85859933425698642, 16.00000000000000355 ) ) ;
#4986 = CARTESIAN_POINT ( 'NONE',  ( 40.71998297938514355, 22.30928821533282047, 23.33333333333333215 ) ) ;
#4987 = EDGE_CURVE ( 'NONE', #50, #8340, #6010, .T. ) ;
#4988 = CARTESIAN_POINT ( 'NONE',  ( 38.16565829136300891, 25.18882062048294301, 4.000000000000000000 ) ) ;
#4989 = ORIENTED_EDGE ( 'NONE', *, *, #2145, .F. ) ;
#4990 = FACE_OUTER_BOUND ( 'NONE', #4271, .T. ) ;
#4991 = ORIENTED_EDGE ( 'NONE', *, *, #1337, .F. ) ;
#4992 = FACE_OUTER_BOUND ( 'NONE', #2129, .T. ) ;
#4993 = CARTESIAN_POINT ( 'NONE',  ( -12.32203622912169294, 25.11378369362475027, 16.49999999999999645 ) ) ;
#4994 = ORIENTED_EDGE ( 'NONE', *, *, #6991, .F. ) ;
#4995 = PLANE ( 'NONE',  #2061 ) ;
#4996 = DIRECTION ( 'NONE',  ( -0.000000000000000000, -0.000000000000000000, -1.000000000000000000 ) ) ;
#4997 = EDGE_CURVE ( 'NONE', #4771, #313, #8080, .T. ) ;
#4998 = PLANE ( 'NONE',  #2628 ) ;
#4999 = ORIENTED_EDGE ( 'NONE', *, *, #7523, .F. ) ;
#5000 = CARTESIAN_POINT ( 'NONE',  ( 23.50000000000000355, -114.9999999999999289, 18.39999999999999503 ) ) ;
#5001 = EDGE_LOOP ( 'NONE', ( #4101, #2703, #5726, #7054, #7174 ) ) ;
#5002 = DIRECTION ( 'NONE',  ( -1.000000000000000000, 0.000000000000000000, 0.000000000000000000 ) ) ;
#5003 = ORIENTED_EDGE ( 'NONE', *, *, #4086, .F. ) ;
#5004 = LINE ( 'NONE', #5088, #333 ) ;
#5005 = CARTESIAN_POINT ( 'NONE',  ( 8.809648422589070549, -11.24674282370767564, 4.000000000000000000 ) ) ;
#5006 = EDGE_CURVE ( 'NONE', #8010, #5899, #7085, .T. ) ;
#5007 = DIRECTION ( 'NONE',  ( 0.000000000000000000, 0.000000000000000000, -1.000000000000000000 ) ) ;
#5008 = EDGE_CURVE ( 'NONE', #5035, #808, #6911, .T. ) ;
#5009 = EDGE_CURVE ( 'NONE', #1710, #2841, #5669, .T. ) ;
#5010 = ORIENTED_EDGE ( 'NONE', *, *, #3299, .T. ) ;
#5011 = CARTESIAN_POINT ( 'NONE',  ( 11.19775998191631494, -9.116737382323046646, 4.000000000000000000 ) ) ;
#5012 = ORIENTED_EDGE ( 'NONE', *, *, #8723, .F. ) ;
#5013 = DIRECTION ( 'NONE',  ( 0.000000000000000000, 1.000000000000000000, 0.000000000000000000 ) ) ;
#5014 = CARTESIAN_POINT ( 'NONE',  ( 47.63139720814410794, 21.72649730810376312, 0.000000000000000000 ) ) ;
#5015 = VERTEX_POINT ( 'NONE', #5697 ) ;
#5016 = CARTESIAN_POINT ( 'NONE',  ( 39.68040182451952091, -24.10989559415110861, 23.33333333333330373 ) ) ;
#5017 = ADVANCED_FACE ( 'NONE', ( #3549 ), #2247, .F. ) ;
#5018 = LINE ( 'NONE', #2865, #6244 ) ;
#5019 = DIRECTION ( 'NONE',  ( -1.000000000000000000, 0.000000000000000000, 0.000000000000000000 ) ) ;
#5020 = EDGE_LOOP ( 'NONE', ( #1131, #4575, #2188, #2041 ) ) ;
#5021 = DIRECTION ( 'NONE',  ( 0.000000000000000000, 0.000000000000000000, -1.000000000000000000 ) ) ;
#5022 = EDGE_LOOP ( 'NONE', ( #543, #1860, #464, #496 ) ) ;
#5023 = CARTESIAN_POINT ( 'NONE',  ( 37.49776912048583455, -30.29483725054038601, 9.262448948963307060 ) ) ;
#5024 = ORIENTED_EDGE ( 'NONE', *, *, #8841, .T. ) ;
#5025 = CARTESIAN_POINT ( 'NONE',  ( -45.66185691933844737, -9.613715481249377248, 2.299999999999999822 ) ) ;
#5026 = CARTESIAN_POINT ( 'NONE',  ( 27.49999999999998579, 25.85859933425698642, 16.00000000000000355 ) ) ;
#5027 = CIRCLE ( 'NONE', #3176, 4.100165136718310954 ) ;
#5028 = DIRECTION ( 'NONE',  ( 1.000000000000000000, -0.000000000000000000, -0.000000000000000000 ) ) ;
#5029 = ORIENTED_EDGE ( 'NONE', *, *, #6771, .T. ) ;
#5030 = DIRECTION ( 'NONE',  ( 1.000000000000000000, 0.000000000000000000, -0.000000000000000000 ) ) ;
#5031 = ORIENTED_EDGE ( 'NONE', *, *, #5985, .T. ) ;
#5032 = LINE ( 'NONE', #1454, #6979 ) ;
#5033 = CARTESIAN_POINT ( 'NONE',  ( 5.499999998803010826, 50.66987298107782323, 11.00000000000000000 ) ) ;
#5034 = EDGE_CURVE ( 'NONE', #7821, #6006, #6325, .T. ) ;
#5035 = VERTEX_POINT ( 'NONE', #4985 ) ;
#5036 = DIRECTION ( 'NONE',  ( -0.000000000000000000, 1.000000000000000000, -0.000000000000000000 ) ) ;
#5037 = EDGE_CURVE ( 'NONE', #7366, #7124, #4880, .T. ) ;
#5038 = CYLINDRICAL_SURFACE ( 'NONE', #4460, 3.999999999999885425 ) ;
#5039 = AXIS2_PLACEMENT_3D ( 'NONE', #1697, #6575, #5280 ) ;
#5040 = DIRECTION ( 'NONE',  ( 0.000000000000000000, -1.000000000000000000, 0.000000000000000000 ) ) ;
#5041 = ORIENTED_EDGE ( 'NONE', *, *, #2360, .T. ) ;
#5042 = VECTOR ( 'NONE', #987, 1000.000000000000000 ) ;
#5043 = CARTESIAN_POINT ( 'NONE',  ( -4.499999999999976019, 40.66987298107783033, 4.999999999999996447 ) ) ;
#5044 = VECTOR ( 'NONE', #2103, 1000.000000000000000 ) ;
#5045 = CARTESIAN_POINT ( 'NONE',  ( 13.59587200499385595, 17.88326261765006109, 16.00000000000000355 ) ) ;
#5046 = LINE ( 'NONE', #7104, #5044 ) ;
#5047 = VECTOR ( 'NONE', #4786, 1000.000000000000000 ) ;
#5048 = ORIENTED_EDGE ( 'NONE', *, *, #6722, .T. ) ;
#5049 = CARTESIAN_POINT ( 'NONE',  ( -40.94585055683310060, -20.07352544399556749, 23.33333333333333570 ) ) ;
#5050 = DIRECTION ( 'NONE',  ( 1.000000000000000000, 0.000000000000000000, 0.000000000000000000 ) ) ;
#5051 = AXIS2_PLACEMENT_3D ( 'NONE', #2735, #4748, #8151 ) ;
#5052 = EDGE_CURVE ( 'NONE', #3202, #8871, #8427, .T. ) ;
#5053 = VERTEX_POINT ( 'NONE', #4308 ) ;
#5054 = EDGE_CURVE ( 'NONE', #1761, #7931, #726, .T. ) ;
#5055 = DIRECTION ( 'NONE',  ( -1.000000000000000000, 0.000000000000000000, 0.000000000000000000 ) ) ;
#5056 = ORIENTED_EDGE ( 'NONE', *, *, #1464, .F. ) ;
#5057 = FACE_OUTER_BOUND ( 'NONE', #7194, .T. ) ;
#5058 = CARTESIAN_POINT ( 'NONE',  ( 17.60072470878810336, -26.92935667042205949, 4.000000000000003553 ) ) ;
#5059 = FACE_OUTER_BOUND ( 'NONE', #403, .T. ) ;
#5060 = VECTOR ( 'NONE', #1511, 1000.000000000000000 ) ;
#5061 = LINE ( 'NONE', #5855, #3590 ) ;
#5062 = EDGE_LOOP ( 'NONE', ( #606, #477, #8421, #7757, #7168, #8084 ) ) ;
#5063 = CARTESIAN_POINT ( 'NONE',  ( 9.640366921179685633, -8.091954300746134976, 16.00000000000000355 ) ) ;
#5064 = CIRCLE ( 'NONE', #7067, 4.099999999999999645 ) ;
#5065 = ORIENTED_EDGE ( 'NONE', *, *, #3660, .F. ) ;
#5066 = PLANE ( 'NONE',  #4964 ) ;
#5067 = VECTOR ( 'NONE', #7010, 1000.000000000000000 ) ;
#5068 = ORIENTED_EDGE ( 'NONE', *, *, #3990, .T. ) ;
#5069 = DIRECTION ( 'NONE',  ( -0.000000000000000000, -0.000000000000000000, -1.000000000000000000 ) ) ;
#5070 = FACE_OUTER_BOUND ( 'NONE', #3522, .T. ) ;
#5071 = AXIS2_PLACEMENT_3D ( 'NONE', #5997, #1919, #8776 ) ;
#5072 = PLANE ( 'NONE',  #5771 ) ;
#5073 = VERTEX_POINT ( 'NONE', #3681 ) ;
#5074 = CARTESIAN_POINT ( 'NONE',  ( -16.50000000000000355, -29.00000000000000000, 12.00000000000000711 ) ) ;
#5075 = ORIENTED_EDGE ( 'NONE', *, *, #586, .F. ) ;
#5076 = CYLINDRICAL_SURFACE ( 'NONE', #8263, 2.000000000000001776 ) ;
#5077 = DIRECTION ( 'NONE',  ( -0.9996477701786902204, -0.02653932133217758171, 0.000000000000000000 ) ) ;
#5078 = ORIENTED_EDGE ( 'NONE', *, *, #104, .T. ) ;
#5079 = CARTESIAN_POINT ( 'NONE',  ( 11.09294674498501365, -31.10007460160269588, 45.78333789394355335 ) ) ;
#5080 = DIRECTION ( 'NONE',  ( 0.000000000000000000, 0.000000000000000000, 1.000000000000000000 ) ) ;
#5081 = CARTESIAN_POINT ( 'NONE',  ( 15.49999999999999645, -7.259372140063334200, 16.00000000000000000 ) ) ;
#5082 = ORIENTED_EDGE ( 'NONE', *, *, #8423, .T. ) ;
#5083 = CARTESIAN_POINT ( 'NONE',  ( 15.60072470878810336, -26.92935667042205949, 4.000000000000003553 ) ) ;
#5084 = EDGE_CURVE ( 'NONE', #5841, #3604, #813, .T. ) ;
#5085 = DIRECTION ( 'NONE',  ( -1.000000000000000000, 2.197316402903917367E-14, 0.000000000000000000 ) ) ;
#5086 = DIRECTION ( 'NONE',  ( -0.000000000000000000, -0.000000000000000000, -1.000000000000000000 ) ) ;
#5087 = ORIENTED_EDGE ( 'NONE', *, *, #261, .T. ) ;
#5088 = CARTESIAN_POINT ( 'NONE',  ( 38.16565829136300891, -2.183157863060336545, 10.09999999999999964 ) ) ;
#5089 = ADVANCED_FACE ( 'NONE', ( #4892 ), #897, .F. ) ;
#5090 = DIRECTION ( 'NONE',  ( -0.000000000000000000, -0.000000000000000000, -1.000000000000000000 ) ) ;
#5091 = VECTOR ( 'NONE', #2736, 1000.000000000000000 ) ;
#5092 = AXIS2_PLACEMENT_3D ( 'NONE', #2353, #6974, #2177 ) ;
#5093 = AXIS2_PLACEMENT_3D ( 'NONE', #3413, #8161, #3364 ) ;
#5094 = CARTESIAN_POINT ( 'NONE',  ( 0.000000000000000000, 0.000000000000000000, 4.000000000000000000 ) ) ;
#5095 = EDGE_LOOP ( 'NONE', ( #3703, #6523, #2, #6888 ) ) ;
#5096 = CARTESIAN_POINT ( 'NONE',  ( 38.16565829136300891, 28.93535121240287111, 0.000000000000000000 ) ) ;
#5097 = DIRECTION ( 'NONE',  ( 0.8660254037844385966, -0.5000000000000000000, 0.000000000000000000 ) ) ;
#5098 = LINE ( 'NONE', #5766, #4672 ) ;
#5099 = VECTOR ( 'NONE', #5534, 1000.000000000000000 ) ;
#5100 = EDGE_CURVE ( 'NONE', #6115, #5560, #5351, .T. ) ;
#5101 = EDGE_CURVE ( 'NONE', #6594, #5073, #1174, .T. ) ;
#5102 = CARTESIAN_POINT ( 'NONE',  ( 0.000000000000000000, -46.86226820536257520, 2.299999999999999822 ) ) ;
#5103 = ORIENTED_EDGE ( 'NONE', *, *, #2132, .T. ) ;
#5104 = DIRECTION ( 'NONE',  ( -0.000000000000000000, 1.000000000000000000, -0.000000000000000000 ) ) ;
#5105 = VECTOR ( 'NONE', #4335, 1000.000000000000000 ) ;
#5106 = ORIENTED_EDGE ( 'NONE', *, *, #8342, .F. ) ;
#5107 = CARTESIAN_POINT ( 'NONE',  ( 32.67204633623978793, -11.88304999270157225, 10.09999999999999964 ) ) ;
#5108 = VERTEX_POINT ( 'NONE', #5025 ) ;
#5109 = DIRECTION ( 'NONE',  ( -1.000000000000000000, 0.000000000000000000, 0.000000000000000000 ) ) ;
#5110 = VECTOR ( 'NONE', #2328, 1000.000000000000000 ) ;
#5111 = CARTESIAN_POINT ( 'NONE',  ( 47.63139720814415767, 10.85992115641602673, 0.000000000000000000 ) ) ;
#5112 = CIRCLE ( 'NONE', #6686, 0.8000000000000009326 ) ;
#5113 = EDGE_CURVE ( 'NONE', #7821, #1152, #5477, .T. ) ;
#5114 = EDGE_CURVE ( 'NONE', #6426, #3256, #1621, .T. ) ;
#5115 = EDGE_CURVE ( 'NONE', #8719, #4057, #8031, .T. ) ;
#5116 = DIRECTION ( 'NONE',  ( 0.000000000000000000, 0.000000000000000000, 1.000000000000000000 ) ) ;
#5117 = VERTEX_POINT ( 'NONE', #1162 ) ;
#5118 = CARTESIAN_POINT ( 'NONE',  ( -6.458625426390474544, 39.83151536678312965, 4.212084633368291087 ) ) ;
#5119 = EDGE_LOOP ( 'NONE', ( #2195, #2315, #8337, #8874 ) ) ;
#5120 = DIRECTION ( 'NONE',  ( 0.000000000000000000, 0.000000000000000000, -1.000000000000000000 ) ) ;
#5121 = FACE_OUTER_BOUND ( 'NONE', #8601, .T. ) ;
#5122 = EDGE_LOOP ( 'NONE', ( #110, #2016, #6909, #7535 ) ) ;
#5123 = CARTESIAN_POINT ( 'NONE',  ( 20.83879702366975550, -21.32085090246493664, 10.09999999999999964 ) ) ;
#5124 = DIRECTION ( 'NONE',  ( -0.000000000000000000, 0.000000000000000000, 1.000000000000000000 ) ) ;
#5125 = EDGE_CURVE ( 'NONE', #2841, #6480, #4394, .T. ) ;
#5126 = CARTESIAN_POINT ( 'NONE',  ( 22.90000000000000213, -114.9999999999999289, 11.99999999999999822 ) ) ;
#5127 = EDGE_LOOP ( 'NONE', ( #2500, #7881, #3804, #1924, #4523, #1154 ) ) ;
#5128 = CARTESIAN_POINT ( 'NONE',  ( -9.859227261804676345, 33.37949395435406075, 0.000000000000000000 ) ) ;
#5129 = DIRECTION ( 'NONE',  ( -1.000000000000000000, 0.000000000000000000, 0.000000000000000000 ) ) ;
#5130 = CARTESIAN_POINT ( 'NONE',  ( 7.997759981897481829, -9.116737382323046646, 4.000000000000000000 ) ) ;
#5131 = ORIENTED_EDGE ( 'NONE', *, *, #8283, .F. ) ;
#5132 = CARTESIAN_POINT ( 'NONE',  ( -40.96473054147740100, -19.31770896186023023, 23.33333333333333570 ) ) ;
#5133 = DIRECTION ( 'NONE',  ( -0.8660254037844363761, 0.5000000000000039968, -0.000000000000000000 ) ) ;
#5134 = EDGE_CURVE ( 'NONE', #3169, #4609, #2377, .T. ) ;
#5135 = EDGE_CURVE ( 'NONE', #808, #7860, #7255, .T. ) ;
#5136 = LINE ( 'NONE', #5939, #491 ) ;
#5137 = EDGE_LOOP ( 'NONE', ( #6946, #639, #553, #6030, #7166 ) ) ;
#5138 = CARTESIAN_POINT ( 'NONE',  ( 7.499999999999971578, 50.66987298107782323, 0.000000000000000000 ) ) ;
#5139 = ORIENTED_EDGE ( 'NONE', *, *, #1968, .T. ) ;
#5140 = CARTESIAN_POINT ( 'NONE',  ( -20.70224001811205028, -3.141400665743015352, 30.99999999999999645 ) ) ;
#5141 = CARTESIAN_POINT ( 'NONE',  ( 6.044999999999995488, 17.88326261765006109, 16.00000000000000355 ) ) ;
#5142 = ADVANCED_FACE ( 'NONE', ( #7932 ), #2555, .F. ) ;
#5143 = DIRECTION ( 'NONE',  ( 0.000000000000000000, 0.000000000000000000, -1.000000000000000000 ) ) ;
#5144 = EDGE_CURVE ( 'NONE', #2552, #2550, #1707, .T. ) ;
#5145 = DIRECTION ( 'NONE',  ( -0.000000000000000000, -0.000000000000000000, 1.000000000000000000 ) ) ;
#5146 = ORIENTED_EDGE ( 'NONE', *, *, #3048, .F. ) ;
#5147 = CARTESIAN_POINT ( 'NONE',  ( -41.78289081426766671, -1.653553735563576543, 12.50000000000000000 ) ) ;
#5148 = EDGE_LOOP ( 'NONE', ( #5382, #7459, #5815, #4720, #6145, #837, #6632, #2899, #1453, #1875 ) ) ;
#5149 = CARTESIAN_POINT ( 'NONE',  ( -23.50000000000000711, -29.00000000000000000, 12.00000000000000000 ) ) ;
#5150 = ORIENTED_EDGE ( 'NONE', *, *, #4446, .T. ) ;
#5151 = DIRECTION ( 'NONE',  ( 0.000000000000000000, 0.000000000000000000, 1.000000000000000000 ) ) ;
#5152 = LINE ( 'NONE', #6546, #3958 ) ;
#5153 = CARTESIAN_POINT ( 'NONE',  ( 0.000000000000000000, 0.000000000000000000, 11.00000000000000000 ) ) ;
#5154 = ORIENTED_EDGE ( 'NONE', *, *, #8695, .F. ) ;
#5155 = CARTESIAN_POINT ( 'NONE',  ( 15.86867390121923016, -25.92935667042205239, 4.000000000000000000 ) ) ;
#5156 = EDGE_CURVE ( 'NONE', #4741, #6836, #5291, .T. ) ;
#5157 = ORIENTED_EDGE ( 'NONE', *, *, #7490, .F. ) ;
#5158 = CARTESIAN_POINT ( 'NONE',  ( 2.071488159577623556, 45.98590094833468811, 23.33333333333334281 ) ) ;
#5159 = CARTESIAN_POINT ( 'NONE',  ( 17.10000000000000497, -29.00000000000000000, 18.39999999999999503 ) ) ;
#5160 = VERTEX_POINT ( 'NONE', #7295 ) ;
#5161 = CARTESIAN_POINT ( 'NONE',  ( 4.213287844756022693, 48.93839829375051664, 10.99999999999999645 ) ) ;
#5162 = EDGE_CURVE ( 'NONE', #2042, #1909, #3857, .T. ) ;
#5163 = VECTOR ( 'NONE', #6766, 1000.000000000000114 ) ;
#5164 = CYLINDRICAL_SURFACE ( 'NONE', #2492, 0.7999999999999970468 ) ;
#5166 = CIRCLE ( 'NONE', #4454, 1.999999999999998224 ) ;
#5165 = DIRECTION ( 'NONE',  ( -0.000000000000000000, 1.000000000000000000, -0.000000000000000000 ) ) ;
#5167 = ORIENTED_EDGE ( 'NONE', *, *, #3937, .T. ) ;
#5168 = DIRECTION ( 'NONE',  ( 1.196361017915039486E-16, -1.000000000000000000, 0.000000000000000000 ) ) ;
#5169 = VECTOR ( 'NONE', #6916, 1000.000000000000000 ) ;
#5170 = CARTESIAN_POINT ( 'NONE',  ( 47.63139720814405109, -18.83974596215585251, 9.000000000000000000 ) ) ;
#5171 = CARTESIAN_POINT ( 'NONE',  ( 38.16565829136300891, 25.18882062048294301, 10.09999999999999964 ) ) ;
#5172 = ORIENTED_EDGE ( 'NONE', *, *, #7697, .T. ) ;
#5173 = DIRECTION ( 'NONE',  ( -0.000000000000000000, -0.000000000000000000, -1.000000000000000000 ) ) ;
#5174 = DIRECTION ( 'NONE',  ( 0.000000000000000000, 0.000000000000000000, -1.000000000000000000 ) ) ;
#5175 = ORIENTED_EDGE ( 'NONE', *, *, #5009, .T. ) ;
#5176 = CARTESIAN_POINT ( 'NONE',  ( 18.81569860407232753, -32.58974596215541197, 35.00000000000004263 ) ) ;
#5177 = EDGE_CURVE ( 'NONE', #5973, #1029, #5909, .T. ) ;
#5178 = DIRECTION ( 'NONE',  ( 0.000000000000000000, 0.000000000000000000, 1.000000000000000000 ) ) ;
#5179 = VERTEX_POINT ( 'NONE', #3086 ) ;
#5180 = AXIS2_PLACEMENT_3D ( 'NONE', #5094, #2945, #249 ) ;
#5181 = DIRECTION ( 'NONE',  ( -0.000000000000000000, 1.000000000000000000, -0.000000000000000000 ) ) ;
#5182 = VECTOR ( 'NONE', #6141, 1000.000000000000227 ) ;
#5183 = EDGE_CURVE ( 'NONE', #125, #1458, #5822, .T. ) ;
#5184 = AXIS2_PLACEMENT_3D ( 'NONE', #3267, #7434, #5378 ) ;
#5185 = VERTEX_POINT ( 'NONE', #8555 ) ;
#5186 = CARTESIAN_POINT ( 'NONE',  ( -1.310119419433833254, 53.39577177537488950, 0.000000000000000000 ) ) ;
#5187 = CARTESIAN_POINT ( 'NONE',  ( -9.707022081916605316, -31.10007460160269588, 45.78333789394355335 ) ) ;
#5188 = CARTESIAN_POINT ( 'NONE',  ( -41.56185691933844595, -9.613715481249377248, 2.299999999999999822 ) ) ;
#5189 = DIRECTION ( 'NONE',  ( 1.000000000000000000, 0.000000000000000000, 0.000000000000000000 ) ) ;
#5190 = EDGE_LOOP ( 'NONE', ( #4899, #4816, #7484, #1117 ) ) ;
#5191 = LINE ( 'NONE', #7801, #8615 ) ;
#5192 = EDGE_CURVE ( 'NONE', #7860, #4949, #3041, .T. ) ;
#5193 = DIRECTION ( 'NONE',  ( -1.000000000000000000, 0.000000000000000000, 0.000000000000000000 ) ) ;
#5194 = ORIENTED_EDGE ( 'NONE', *, *, #8707, .T. ) ;
#5195 = CARTESIAN_POINT ( 'NONE',  ( 37.54507668975912793, -30.01505134978511435, 10.02771664459674383 ) ) ;
#5196 = VECTOR ( 'NONE', #6745, 1000.000000000000000 ) ;
#5197 = ORIENTED_EDGE ( 'NONE', *, *, #3129, .F. ) ;
#5198 = CARTESIAN_POINT ( 'NONE',  ( -4.499999999999976019, 50.66987298107783744, 4.999999999999996447 ) ) ;
#5199 = LINE ( 'NONE', #5337, #8529 ) ;
#5200 = ADVANCED_FACE ( 'NONE', ( #304 ), #8514, .F. ) ;
#5201 = DIRECTION ( 'NONE',  ( 0.000000000000000000, 0.000000000000000000, -1.000000000000000000 ) ) ;
#5202 = ORIENTED_EDGE ( 'NONE', *, *, #8558, .F. ) ;
#5203 = AXIS2_PLACEMENT_3D ( 'NONE', #1362, #4094, #2659 ) ;
#5204 = CARTESIAN_POINT ( 'NONE',  ( 16.50000000000000355, -114.9999999999999289, 18.39999999999999503 ) ) ;
#5205 = ORIENTED_EDGE ( 'NONE', *, *, #5681, .T. ) ;
#5206 = AXIS2_PLACEMENT_3D ( 'NONE', #6382, #145, #5743 ) ;
#5207 = DIRECTION ( 'NONE',  ( -1.000000000000000000, 0.000000000000000000, 0.000000000000000000 ) ) ;
#5208 = FACE_OUTER_BOUND ( 'NONE', #5451, .T. ) ;
#5209 = VERTEX_POINT ( 'NONE', #7207 ) ;
#5210 = DIRECTION ( 'NONE',  ( -0.5000000000000000000, -0.8660254037844385966, -0.000000000000000000 ) ) ;
#5211 = AXIS2_PLACEMENT_3D ( 'NONE', #2650, #1400, #5381 ) ;
#5212 = CARTESIAN_POINT ( 'NONE',  ( -39.78311253585448526, 17.54980429983865164, 0.000000000000000000 ) ) ;
#5213 = B_SPLINE_CURVE_WITH_KNOTS ( 'NONE', 3,
 ( #130, #4980, #4304, #2155, #1616, #7081, #4268, #2870, #4888, #7620, #3674, #6409, #2955, #260, #6995, #892 ),
 .UNSPECIFIED., .F., .F.,
 ( 4, 2, 2, 2, 2, 2, 2, 4 ),
 ( 7.751166900626968557E-16, 0.0008184487775033394289, 0.001227673166254613030, 0.001636897555005886306, 0.002046121943757159365, 0.002455346332508432858, 0.002864570721259706351, 0.003273795110010979843 ),
 .UNSPECIFIED. ) ;
#5214 = EDGE_CURVE ( 'NONE', #6416, #5015, #969, .T. ) ;
#5215 = AXIS2_PLACEMENT_3D ( 'NONE', #5833, #4495, #3824 ) ;
#5216 = CARTESIAN_POINT ( 'NONE',  ( 45.05996863671558827, -17.35513098285755618, 8.999999999999996447 ) ) ;
#5217 = ORIENTED_EDGE ( 'NONE', *, *, #122, .T. ) ;
#5218 = CARTESIAN_POINT ( 'NONE',  ( -46.77425435060241199, -18.34487430400156072, 3.000000001396025517 ) ) ;
#5219 = DIRECTION ( 'NONE',  ( -0.000000000000000000, -0.000000000000000000, -1.000000000000000000 ) ) ;
#5220 = CARTESIAN_POINT ( 'NONE',  ( 28.50000000000000000, 25.85859933425698642, 16.00000000000000355 ) ) ;
#5221 = ORIENTED_EDGE ( 'NONE', *, *, #3830, .F. ) ;
#5222 = CARTESIAN_POINT ( 'NONE',  ( 11.19775998191631494, -9.116737382323046646, 6.000000000000000000 ) ) ;
#5223 = CARTESIAN_POINT ( 'NONE',  ( 43.88139720814402267, -25.33493649053911767, 5.000000000000000000 ) ) ;
#5224 = EDGE_LOOP ( 'NONE', ( #1437, #8181, #7619, #7670 ) ) ;
#5225 = CARTESIAN_POINT ( 'NONE',  ( 20.48236527073888524, -35.47649730810360325, 23.33333333333336057 ) ) ;
#5226 = ADVANCED_FACE ( 'NONE', ( #2509 ), #4572, .F. ) ;
#5227 = CARTESIAN_POINT ( 'NONE',  ( 2.439025348532335435, 5.571992812967120123, 10.09999999999999964 ) ) ;
#5228 = ORIENTED_EDGE ( 'NONE', *, *, #3675, .T. ) ;
#5229 = DIRECTION ( 'NONE',  ( -2.775557561562891351E-16, 1.000000000000000000, 1.110223024625156540E-16 ) ) ;
#5230 = ORIENTED_EDGE ( 'NONE', *, *, #4987, .T. ) ;
#5231 = CARTESIAN_POINT ( 'NONE',  ( -14.41073099951975856, 46.67996057820799649, 0.000000000000000000 ) ) ;
#5232 = CARTESIAN_POINT ( 'NONE',  ( -6.045000000000004370, 49.66987298107782323, 10.09999999999999964 ) ) ;
#5233 = CARTESIAN_POINT ( 'NONE',  ( -4.624048011533931302, -52.33030463579514446, -0.000000000000000000 ) ) ;
#5234 = CIRCLE ( 'NONE', #4969, 5.999999999999998224 ) ;
#5235 = ORIENTED_EDGE ( 'NONE', *, *, #107, .T. ) ;
#5236 = FACE_BOUND ( 'NONE', #2464, .T. ) ;
#5237 = ORIENTED_EDGE ( 'NONE', *, *, #3970, .F. ) ;
#5238 = CARTESIAN_POINT ( 'NONE',  ( -22.90000000000000213, -114.9999999999999289, 12.00000000000000711 ) ) ;
#5239 = DIRECTION ( 'NONE',  ( -1.000000000000000000, 0.000000000000000000, 0.000000000000000000 ) ) ;
#5240 = EDGE_LOOP ( 'NONE', ( #1121, #1991 ) ) ;
#5241 = LINE ( 'NONE', #6584, #3978 ) ;
#5242 = ORIENTED_EDGE ( 'NONE', *, *, #816, .F. ) ;
#5243 = CARTESIAN_POINT ( 'NONE',  ( 39.27425435179908675, -31.33525535869552314, 3.000000001396265326 ) ) ;
#5244 = CARTESIAN_POINT ( 'NONE',  ( -16.50000000000000355, -32.27417035836263892, 0.000000000000000000 ) ) ;
#5245 = EDGE_CURVE ( 'NONE', #3559, #1334, #8827, .T. ) ;
#5246 = VECTOR ( 'NONE', #6192, 1000.000000000000000 ) ;
#5247 = CARTESIAN_POINT ( 'NONE',  ( 0.000000000000000000, -29.00000000000000000, 0.000000000000000000 ) ) ;
#5248 = EDGE_CURVE ( 'NONE', #3586, #5117, #2059, .T. ) ;
#5249 = VERTEX_POINT ( 'NONE', #3355 ) ;
#5250 = AXIS2_PLACEMENT_3D ( 'NONE', #8725, #5324, #1911 ) ;
#5251 = CARTESIAN_POINT ( 'NONE',  ( 25.32800823056312467, -21.60329712445542683, 18.09999999999999787 ) ) ;
#5252 = ORIENTED_EDGE ( 'NONE', *, *, #355, .T. ) ;
#5253 = CARTESIAN_POINT ( 'NONE',  ( -36.58311253580275491, 21.01390591497600369, 27.31370849898443609 ) ) ;
#5254 = AXIS2_PLACEMENT_3D ( 'NONE', #556, #7550, #1414 ) ;
#5255 = DIRECTION ( 'NONE',  ( -0.4999999999999933942, 0.8660254037844425934, 1.734723475976806700E-15 ) ) ;
#5256 = ORIENTED_EDGE ( 'NONE', *, *, #2386, .F. ) ;
#5257 = CARTESIAN_POINT ( 'NONE',  ( -34.44772910787709463, 0.5237688723248732359, 30.50000000000000355 ) ) ;
#5258 = EDGE_CURVE ( 'NONE', #2622, #1469, #458, .T. ) ;
#5259 = DIRECTION ( 'NONE',  ( -0.000000000000000000, -0.000000000000000000, 1.000000000000000000 ) ) ;
#5260 = EDGE_CURVE ( 'NONE', #6961, #5545, #1613, .T. ) ;
#5261 = CARTESIAN_POINT ( 'NONE',  ( 11.19775998191648192, 14.88326261767695158, 4.000000000000000000 ) ) ;
#5262 = ORIENTED_EDGE ( 'NONE', *, *, #5941, .T. ) ;
#5263 = AXIS2_PLACEMENT_3D ( 'NONE', #8414, #291, #3029 ) ;
#5264 = DIRECTION ( 'NONE',  ( -1.000000000000000000, -1.196361017915039486E-16, 0.000000000000000000 ) ) ;
#5265 = EDGE_CURVE ( 'NONE', #3618, #7601, #5027, .T. ) ;
#5266 = CARTESIAN_POINT ( 'NONE',  ( 11.09294674498501365, -31.10007460160269588, 30.99999999999999645 ) ) ;
#5267 = DIRECTION ( 'NONE',  ( -1.000000000000000000, 0.000000000000000000, 0.000000000000000000 ) ) ;
#5268 = ORIENTED_EDGE ( 'NONE', *, *, #723, .F. ) ;
#5269 = CARTESIAN_POINT ( 'NONE',  ( -43.80856875062653444, 23.93628870189942504, 11.66666666666666607 ) ) ;
#5270 = ADVANCED_FACE ( 'NONE', ( #2597 ), #1394, .F. ) ;
#5271 = CARTESIAN_POINT ( 'NONE',  ( -43.88139720814437084, -25.33493649053849950, 5.000000000000000000 ) ) ;
#5272 = ORIENTED_EDGE ( 'NONE', *, *, #4750, .F. ) ;
#5273 = CARTESIAN_POINT ( 'NONE',  ( 23.81569860407199712, -41.24999999999997158, 0.000000000000000000 ) ) ;
#5274 = DIRECTION ( 'NONE',  ( 0.000000000000000000, 0.000000000000000000, -1.000000000000000000 ) ) ;
#5275 = ORIENTED_EDGE ( 'NONE', *, *, #6892, .F. ) ;
#5276 = CARTESIAN_POINT ( 'NONE',  ( -19.88393864176968862, 35.03496094614806111, 16.50000000000000000 ) ) ;
#5277 = VERTEX_POINT ( 'NONE', #2782 ) ;
#5278 = ADVANCED_FACE ( 'NONE', ( #8875 ), #5427, .F. ) ;
#5279 = CARTESIAN_POINT ( 'NONE',  ( -38.78921435738392631, 24.78691184400019765, 23.33333333333335347 ) ) ;
#5280 = DIRECTION ( 'NONE',  ( -1.000000000000000000, 0.000000000000000000, 0.000000000000000000 ) ) ;
#5281 = EDGE_CURVE ( 'NONE', #3169, #4320, #1347, .T. ) ;
#5282 = CARTESIAN_POINT ( 'NONE',  ( -14.17817460259215778, 25.85859933425698642, 16.49999999999999645 ) ) ;
#5283 = ORIENTED_EDGE ( 'NONE', *, *, #1087, .F. ) ;
#5284 = CARTESIAN_POINT ( 'NONE',  ( -28.50000000000000000, 0.5237688723248731248, 16.00000000000000355 ) ) ;
#5285 = ORIENTED_EDGE ( 'NONE', *, *, #5248, .F. ) ;
#5286 = CARTESIAN_POINT ( 'NONE',  ( 23.50000000000000355, -32.27417035836263892, 12.59999999999999964 ) ) ;
#5287 = DIRECTION ( 'NONE',  ( -1.000000000000000000, -0.000000000000000000, 0.000000000000000000 ) ) ;
#5288 = ORIENTED_EDGE ( 'NONE', *, *, #3254, .T. ) ;
#5289 = DIRECTION ( 'NONE',  ( 0.5000000000000051070, 0.8660254037844357100, 0.000000000000000000 ) ) ;
#5290 = ORIENTED_EDGE ( 'NONE', *, *, #2859, .F. ) ;
#5291 = LINE ( 'NONE', #4407, #4598 ) ;
#5292 = CARTESIAN_POINT ( 'NONE',  ( 43.55034400294252350, -24.69179201507203558, 11.66666666666666785 ) ) ;
#5293 = DIRECTION ( 'NONE',  ( -0.8660254037844432595, -0.4999999999999919509, -0.000000000000000000 ) ) ;
#5294 = VERTEX_POINT ( 'NONE', #8199 ) ;
#5295 = DIRECTION ( 'NONE',  ( 5.782411586641495428E-16, 1.000000000000000000, 0.000000000000000000 ) ) ;
#5296 = ORIENTED_EDGE ( 'NONE', *, *, #4874, .F. ) ;
#5297 = CARTESIAN_POINT ( 'NONE',  ( 46.29165124598848990, 26.72649730810375956, 0.000000000000000000 ) ) ;
#5298 = DIRECTION ( 'NONE',  ( 0.000000000000000000, 1.000000000000000000, -0.000000000000000000 ) ) ;
#5299 = EDGE_CURVE ( 'NONE', #560, #688, #8193, .T. ) ;
#5300 = ORIENTED_EDGE ( 'NONE', *, *, #700, .T. ) ;
#5301 = CARTESIAN_POINT ( 'NONE',  ( 28.35050823056319658, -16.36817355857836631, 11.59999999999999964 ) ) ;
#5302 = CARTESIAN_POINT ( 'NONE',  ( 15.82910387489105553, -34.49732208145494639, 0.000000000000000000 ) ) ;
#5303 = DIRECTION ( 'NONE',  ( -0.8660254037844432595, -0.4999999999999922284, 1.110223024625156540E-16 ) ) ;
#5304 = ORIENTED_EDGE ( 'NONE', *, *, #7056, .F. ) ;
#5305 = EDGE_CURVE ( 'NONE', #3053, #1787, #5336, .T. ) ;
#5306 = FACE_OUTER_BOUND ( 'NONE', #8667, .T. ) ;
#5307 = EDGE_CURVE ( 'NONE', #1787, #6163, #3401, .T. ) ;
#5308 = FACE_OUTER_BOUND ( 'NONE', #8728, .T. ) ;
#5309 = PLANE ( 'NONE',  #23 ) ;
#5310 = EDGE_CURVE ( 'NONE', #7864, #7860, #6853, .T. ) ;
#5311 = ORIENTED_EDGE ( 'NONE', *, *, #5848, .F. ) ;
#5312 = CARTESIAN_POINT ( 'NONE',  ( -40.94585055683319297, 20.07352544399536498, 23.33333333333334636 ) ) ;
#5313 = ORIENTED_EDGE ( 'NONE', *, *, #8672, .T. ) ;
#5314 = CARTESIAN_POINT ( 'NONE',  ( 22.14903193740543941, -38.36324865405178741, 11.66666666666668029 ) ) ;
#5315 = CARTESIAN_POINT ( 'NONE',  ( 15.49999999999999645, -12.11673738234993714, 10.09999999999999964 ) ) ;
#5316 = ORIENTED_EDGE ( 'NONE', *, *, #1959, .T. ) ;
#5317 = CIRCLE ( 'NONE', #7878, 2.000000000000001776 ) ;
#5318 = VECTOR ( 'NONE', #7476, 1000.000000000000000 ) ;
#5319 = CARTESIAN_POINT ( 'NONE',  ( -9.707022081916605316, -29.10007460160269588, 12.00000000000000000 ) ) ;
#5320 = EDGE_CURVE ( 'NONE', #5478, #297, #7328, .T. ) ;
#5321 = ORIENTED_EDGE ( 'NONE', *, *, #8282, .F. ) ;
#5322 = CARTESIAN_POINT ( 'NONE',  ( -42.63371846347664729, 25.97118909052985103, 11.66666666666666430 ) ) ;
#5323 = AXIS2_PLACEMENT_3D ( 'NONE', #3890, #4563, #479 ) ;
#5324 = DIRECTION ( 'NONE',  ( 0.000000000000000000, 1.000000000000000000, -0.000000000000000000 ) ) ;
#5325 = CARTESIAN_POINT ( 'NONE',  ( -46.07348509163541905, -27.10437217193523551, -0.000000000000000000 ) ) ;
#5326 = AXIS2_PLACEMENT_3D ( 'NONE', #4560, #3887, #1737 ) ;
#5327 = ORIENTED_EDGE ( 'NONE', *, *, #7904, .T. ) ;
#5328 = LINE ( 'NONE', #111, #6605 ) ;
#5329 = VECTOR ( 'NONE', #1576, 1000.000000000000227 ) ;
#5330 = CARTESIAN_POINT ( 'NONE',  ( -18.78581259319935270, -0.4987383874300706510, 10.09999999999999964 ) ) ;
#5331 = CARTESIAN_POINT ( 'NONE',  ( -17.10000000000000497, -38.85893604565572446, 19.00000000000000355 ) ) ;
#5332 = DIRECTION ( 'NONE',  ( 1.000000000000000000, -1.334402673828313586E-16, 0.000000000000000000 ) ) ;
#5333 = LINE ( 'NONE', #8732, #8540 ) ;
#5334 = VECTOR ( 'NONE', #26, 999.9999999999998863 ) ;
#5335 = VERTEX_POINT ( 'NONE', #6001 ) ;
#5336 = LINE ( 'NONE', #4668, #1158 ) ;
#5337 = CARTESIAN_POINT ( 'NONE',  ( -28.49999999999999645, -2.141400665743015352, 16.00000000000000355 ) ) ;
#5338 = CIRCLE ( 'NONE', #7471, 0.8000000000000009326 ) ;
#5339 = CARTESIAN_POINT ( 'NONE',  ( -20.70224001811205028, -4.506203797966179536, 30.99999999999999645 ) ) ;
#5340 = ORIENTED_EDGE ( 'NONE', *, *, #2208, .T. ) ;
#5341 = CARTESIAN_POINT ( 'NONE',  ( -15.49999999999999645, -4.506203797966179536, 12.50000000000000000 ) ) ;
#5342 = ORIENTED_EDGE ( 'NONE', *, *, #6456, .T. ) ;
#5343 = DIRECTION ( 'NONE',  ( 1.334402673828313586E-16, -1.000000000000000000, 0.000000000000000000 ) ) ;
#5344 = ORIENTED_EDGE ( 'NONE', *, *, #934, .F. ) ;
#5345 = CARTESIAN_POINT ( 'NONE',  ( 39.61094084446813213, -28.50155380568570607, 11.00000000000000000 ) ) ;
#5346 = CARTESIAN_POINT ( 'NONE',  ( -17.10000000000000497, -41.16833712241421495, 12.00000000000000711 ) ) ;
#5347 = CIRCLE ( 'NONE', #1044, 0.7999999999999970468 ) ;
#5348 = DIRECTION ( 'NONE',  ( -1.000000000000000000, 0.000000000000000000, 0.000000000000000000 ) ) ;
#5349 = ORIENTED_EDGE ( 'NONE', *, *, #7356, .F. ) ;
#5350 = LINE ( 'NONE', #720, #732 ) ;
#5351 = B_SPLINE_CURVE_WITH_KNOTS ( 'NONE', 3,
 ( #4272, #6373, #7806, #7628, #134, #2875 ),
 .UNSPECIFIED., .F., .F.,
 ( 4, 2, 4 ),
 ( 0.000000000000000000, 0.0005415788424338012367, 0.001083157684867602473 ),
 .UNSPECIFIED. ) ;
#5352 = ORIENTED_EDGE ( 'NONE', *, *, #8378, .T. ) ;
#5353 = DIRECTION ( 'NONE',  ( -0.000000000000000000, -0.000000000000000000, -1.000000000000000000 ) ) ;
#5354 = PLANE ( 'NONE',  #4615 ) ;
#5355 = VECTOR ( 'NONE', #6591, 1000.000000000000114 ) ;
#5356 = EDGE_LOOP ( 'NONE', ( #901, #6437, #5217, #7329 ) ) ;
#5357 = CARTESIAN_POINT ( 'NONE',  ( 15.50000000000000000, 17.88326261765006109, 4.000000000000000000 ) ) ;
#5358 = ORIENTED_EDGE ( 'NONE', *, *, #2866, .T. ) ;
#5359 = CARTESIAN_POINT ( 'NONE',  ( 38.16565829136300891, -2.183157863060336545, 0.000000000000000000 ) ) ;
#5360 = CARTESIAN_POINT ( 'NONE',  ( -16.50000000000000355, -32.27417035836263892, 0.000000000000000000 ) ) ;
#5361 = EDGE_CURVE ( 'NONE', #2851, #445, #1184, .T. ) ;
#5362 = ORIENTED_EDGE ( 'NONE', *, *, #6855, .T. ) ;
#5363 = AXIS2_PLACEMENT_3D ( 'NONE', #8162, #1982, #2796 ) ;
#5364 = CARTESIAN_POINT ( 'NONE',  ( -17.66274917170923331, -21.63433582126976518, 37.05107468579354446 ) ) ;
#5365 = ORIENTED_EDGE ( 'NONE', *, *, #3279, .T. ) ;
#5366 = CARTESIAN_POINT ( 'NONE',  ( -40.10967058561706722, 27.99366909568924555, 11.66666666666666785 ) ) ;
#5367 = FACE_OUTER_BOUND ( 'NONE', #3113, .T. ) ;
#5368 = CARTESIAN_POINT ( 'NONE',  ( 42.03139720814402125, -28.53923048454156230, 4.999999999999998224 ) ) ;
#5369 = VERTEX_POINT ( 'NONE', #3995 ) ;
#5370 = LINE ( 'NONE', #8108, #6032 ) ;
#5371 = DIRECTION ( 'NONE',  ( 0.5239726598894770548, 0.8517350830442211862, -0.000000000000000000 ) ) ;
#5372 = CARTESIAN_POINT ( 'NONE',  ( -20.70224001811205028, -4.506203797966175983, 12.50000000000000000 ) ) ;
#5373 = EDGE_LOOP ( 'NONE', ( #1822, #4494 ) ) ;
#5374 = DIRECTION ( 'NONE',  ( 0.000000000000000000, 0.000000000000000000, -1.000000000000000000 ) ) ;
#5375 = VECTOR ( 'NONE', #2043, 1000.000000000000114 ) ;
#5376 = EDGE_CURVE ( 'NONE', #7916, #3604, #6720, .T. ) ;
#5377 = ORIENTED_EDGE ( 'NONE', *, *, #1927, .F. ) ;
#5378 = DIRECTION ( 'NONE',  ( -1.000000000000000000, 0.000000000000000000, 0.000000000000000000 ) ) ;
#5379 = LINE ( 'NONE', #4035, #3661 ) ;
#5380 = EDGE_CURVE ( 'NONE', #8205, #7323, #8781, .T. ) ;
#5381 = DIRECTION ( 'NONE',  ( -1.000000000000000000, 0.000000000000000000, -0.000000000000000000 ) ) ;
#5382 = ORIENTED_EDGE ( 'NONE', *, *, #8227, .T. ) ;
#5383 = STYLED_ITEM ( 'NONE', ( #5722 ), #2410 ) ;
#5384 = AXIS2_PLACEMENT_3D ( 'NONE', #6687, #498, #2606 ) ;
#5385 = DIRECTION ( 'NONE',  ( 0.000000000000000000, 0.000000000000000000, -1.000000000000000000 ) ) ;
#5386 = ORIENTED_EDGE ( 'NONE', *, *, #3794, .F. ) ;
#5387 = AXIS2_PLACEMENT_3D ( 'NONE', #440, #1163, #490 ) ;
#5388 = DIRECTION ( 'NONE',  ( -0.000000000000000000, -1.000000000000000000, -0.000000000000000000 ) ) ;
#5389 = ORIENTED_EDGE ( 'NONE', *, *, #4750, .T. ) ;
#5390 = CARTESIAN_POINT ( 'NONE',  ( -4.099999999999999645, -46.86226820536257520, 2.299999999999999822 ) ) ;
#5391 = ADVANCED_FACE ( 'NONE', ( #4708 ), #1300, .T. ) ;
#5392 = EDGE_CURVE ( 'NONE', #2540, #7516, #2462, .T. ) ;
#5393 = CARTESIAN_POINT ( 'NONE',  ( -8.461819164407865301, -9.116737382349995755, 4.000000000000000000 ) ) ;
#5394 = EDGE_CURVE ( 'NONE', #6831, #3274, #2236, .T. ) ;
#5395 = VECTOR ( 'NONE', #2619, 1000.000000000000000 ) ;
#5396 = AXIS2_PLACEMENT_3D ( 'NONE', #5883, #5802, #330 ) ;
#5397 = FACE_OUTER_BOUND ( 'NONE', #7200, .T. ) ;
#5398 = ORIENTED_EDGE ( 'NONE', *, *, #219, .F. ) ;
#5399 = CARTESIAN_POINT ( 'NONE',  ( -10.80224001806468159, 14.88326261767710967, 6.000000000000000000 ) ) ;
#5400 = AXIS2_PLACEMENT_3D ( 'NONE', #3387, #4734, #8860 ) ;
#5401 = ORIENTED_EDGE ( 'NONE', *, *, #4315, .T. ) ;
#5402 = CARTESIAN_POINT ( 'NONE',  ( 17.14963164645766369, -29.00000000000000000, 18.99999999999999645 ) ) ;
#5403 = CARTESIAN_POINT ( 'NONE',  ( -28.50000000000000000, 25.85859933425698642, 16.00000000000000355 ) ) ;
#5404 = B_SPLINE_CURVE_WITH_KNOTS ( 'NONE', 3,
 ( #6029, #3154, #7193, #5138 ),
 .UNSPECIFIED., .F., .F.,
 ( 4, 4 ),
 ( 0.002106032798809135461, 0.01158318039124453698 ),
 .UNSPECIFIED. ) ;
#5405 = ORIENTED_EDGE ( 'NONE', *, *, #7137, .F. ) ;
#5406 = FACE_OUTER_BOUND ( 'NONE', #2804, .T. ) ;
#5407 = EDGE_CURVE ( 'NONE', #7079, #6541, #5338, .T. ) ;
#5408 = VECTOR ( 'NONE', #3442, 1000.000000000000000 ) ;
#5409 = ORIENTED_EDGE ( 'NONE', *, *, #6090, .T. ) ;
#5410 = CARTESIAN_POINT ( 'NONE',  ( -20.02970073639360749, 39.25141955269392469, 12.50000000000000000 ) ) ;
#5411 = VECTOR ( 'NONE', #19, 1000.000000000000000 ) ;
#5412 = DIRECTION ( 'NONE',  ( -0.000000000000000000, -0.000000000000000000, -1.000000000000000000 ) ) ;
#5413 = ORIENTED_EDGE ( 'NONE', *, *, #5376, .F. ) ;
#5414 = LINE ( 'NONE', #5364, #3662 ) ;
#5415 = ORIENTED_EDGE ( 'NONE', *, *, #7510, .T. ) ;
#5416 = FACE_OUTER_BOUND ( 'NONE', #225, .T. ) ;
#5417 = EDGE_CURVE ( 'NONE', #8294, #1805, #3616, .T. ) ;
#5418 = DIRECTION ( 'NONE',  ( 0.4999999999999918954, -0.8660254037844432595, 0.000000000000000000 ) ) ;
#5419 = FACE_OUTER_BOUND ( 'NONE', #309, .T. ) ;
#5420 = ORIENTED_EDGE ( 'NONE', *, *, #5320, .T. ) ;
#5421 = CARTESIAN_POINT ( 'NONE',  ( -11.80224001811209789, -9.116737382349995755, 27.31370849898443609 ) ) ;
#5422 = ADVANCED_FACE ( 'NONE', ( #2277 ), #2950, .F. ) ;
#5423 = FACE_OUTER_BOUND ( 'NONE', #5934, .T. ) ;
#5424 = CARTESIAN_POINT ( 'NONE',  ( 13.84479552391148260, -30.14590778888478440, 30.99999999999999645 ) ) ;
#5425 = ADVANCED_FACE ( 'NONE', ( #4346 ), #169, .F. ) ;
#5426 = ORIENTED_EDGE ( 'NONE', *, *, #6243, .F. ) ;
#5427 = PLANE ( 'NONE',  #5051 ) ;
#5428 = DIRECTION ( 'NONE',  ( 0.000000000000000000, -0.000000000000000000, -1.000000000000000000 ) ) ;
#5429 = DIRECTION ( 'NONE',  ( 0.000000000000000000, 0.000000000000000000, 1.000000000000000000 ) ) ;
#5430 = ORIENTED_EDGE ( 'NONE', *, *, #7923, .T. ) ;
#5431 = CARTESIAN_POINT ( 'NONE',  ( 22.90000000000000213, -37.81970556111439663, 11.99999999999999822 ) ) ;
#5432 = ORIENTED_EDGE ( 'NONE', *, *, #6316, .T. ) ;
#5433 = DIRECTION ( 'NONE',  ( 4.438242276566100506E-16, 0.2747211278973775705, -0.9615239476408233843 ) ) ;
#5434 = VERTEX_POINT ( 'NONE', #4300 ) ;
#5435 = CARTESIAN_POINT ( 'NONE',  ( -16.50000000000000355, -32.27417035836263892, -70.99999999999992895 ) ) ;
#5436 = CARTESIAN_POINT ( 'NONE',  ( 11.19775998191648192, 14.88326261767695158, 4.000000000000000000 ) ) ;
#5437 = CARTESIAN_POINT ( 'NONE',  ( -44.48854006528696203, -20.05330413626831287, 11.00000000000000178 ) ) ;
#5438 = CARTESIAN_POINT ( 'NONE',  ( 3.190431509224704383E-13, -43.45299461620748360, 35.00000000000000000 ) ) ;
#5439 = ORIENTED_EDGE ( 'NONE', *, *, #8726, .T. ) ;
#5440 = CARTESIAN_POINT ( 'NONE',  ( 43.88139720814402267, -25.33493649053911767, 11.00000000000000000 ) ) ;
#5441 = ORIENTED_EDGE ( 'NONE', *, *, #638, .T. ) ;
#5442 = ADVANCED_FACE ( 'NONE', ( #2151 ), #1527, .F. ) ;
#5443 = FACE_OUTER_BOUND ( 'NONE', #2244, .T. ) ;
#5444 = DIRECTION ( 'NONE',  ( -0.5000000000000039968, -0.8660254037844363761, -0.000000000000000000 ) ) ;
#5445 = ORIENTED_EDGE ( 'NONE', *, *, #5156, .F. ) ;
#5446 = DIRECTION ( 'NONE',  ( -0.000000000000000000, 0.000000000000000000, -1.000000000000000000 ) ) ;
#5447 = ORIENTED_EDGE ( 'NONE', *, *, #2132, .F. ) ;
#5448 = CARTESIAN_POINT ( 'NONE',  ( -37.78311253585379603, 21.01390591497600369, 12.50000000000000000 ) ) ;
#5449 = LINE ( 'NONE', #5360, #4062 ) ;
#5450 = VERTEX_POINT ( 'NONE', #6362 ) ;
#5451 = EDGE_LOOP ( 'NONE', ( #8028, #7281, #2997, #470 ) ) ;
#5452 = PLANE ( 'NONE',  #649 ) ;
#5453 = ORIENTED_EDGE ( 'NONE', *, *, #4171, .T. ) ;
#5454 = LINE ( 'NONE', #4871, #6070 ) ;
#5455 = CARTESIAN_POINT ( 'NONE',  ( -23.37131321465030709, -35.31076334490056468, 18.78002880990149492 ) ) ;
#5456 = DIRECTION ( 'NONE',  ( -1.000000000000000000, 0.000000000000000000, -0.000000000000000000 ) ) ;
#5457 = VECTOR ( 'NONE', #4399, 1000.000000000000000 ) ;
#5458 = EDGE_LOOP ( 'NONE', ( #1579, #7176, #4902, #1501 ) ) ;
#5459 = CARTESIAN_POINT ( 'NONE',  ( -34.00989778565062949, -8.450694429803208507, 12.50000000000000000 ) ) ;
#5460 = CARTESIAN_POINT ( 'NONE',  ( 46.03787180435961801, -19.59981292466219216, 0.000000000000000000 ) ) ;
#5461 = VECTOR ( 'NONE', #6428, 1000.000000000000000 ) ;
#5462 = DIRECTION ( 'NONE',  ( 0.000000000000000000, 0.000000000000000000, -1.000000000000000000 ) ) ;
#5463 = CARTESIAN_POINT ( 'NONE',  ( 39.49352456541442535, 32.19840296091088305, -0.000000000000000000 ) ) ;
#5464 = CARTESIAN_POINT ( 'NONE',  ( -28.35050823056304736, -16.36817355857862211, 18.09999999999999787 ) ) ;
#5465 = VERTEX_POINT ( 'NONE', #2109 ) ;
#5466 = DIRECTION ( 'NONE',  ( 0.8660254037844363761, 0.5000000000000039968, 0.000000000000000000 ) ) ;
#5467 = CARTESIAN_POINT ( 'NONE',  ( 23.50000000000000355, -32.27417035836263892, 0.000000000000000000 ) ) ;
#5468 = VECTOR ( 'NONE', #1502, 1000.000000000000000 ) ;
#5469 = PLANE ( 'NONE',  #4029 ) ;
#5471 = ORIENTED_EDGE ( 'NONE', *, *, #4157, .F. ) ;
#5470 = EDGE_CURVE ( 'NONE', #2154, #1445, #7074, .T. ) ;
#5472 = DIRECTION ( 'NONE',  ( 0.5000000000000051070, 0.8660254037844357100, 0.000000000000000000 ) ) ;
#5473 = CIRCLE ( 'NONE', #4331, 2.000000000000001776 ) ;
#5474 = VERTEX_POINT ( 'NONE', #4883 ) ;
#5475 = ADVANCED_FACE ( 'NONE', ( #8244, #803 ), #7773, .T. ) ;
#5476 = DIRECTION ( 'NONE',  ( -0.5000000000000039968, -0.8660254037844363761, 0.000000000000000000 ) ) ;
#5477 = CIRCLE ( 'NONE', #746, 3.340420853704234361 ) ;
#5478 = VERTEX_POINT ( 'NONE', #7956 ) ;
#5479 = LINE ( 'NONE', #8160, #4650 ) ;
#5480 = LINE ( 'NONE', #6864, #1240 ) ;
#5481 = LINE ( 'NONE', #3324, #915 ) ;
#5482 = CARTESIAN_POINT ( 'NONE',  ( 8.580561569927752430, -23.72845661736633360, 30.99999999999999645 ) ) ;
#5483 = VERTEX_POINT ( 'NONE', #5359 ) ;
#5484 = FACE_OUTER_BOUND ( 'NONE', #8075, .T. ) ;
#5485 = EDGE_LOOP ( 'NONE', ( #5784, #6501 ) ) ;
#5486 = DIRECTION ( 'NONE',  ( -5.551115123125781470E-17, 1.000000000000000000, 0.000000000000000000 ) ) ;
#5487 = DIRECTION ( 'NONE',  ( 0.000000000000000000, 0.000000000000000000, -1.000000000000000000 ) ) ;
#5488 = ORIENTED_EDGE ( 'NONE', *, *, #7724, .F. ) ;
#5489 = DIRECTION ( 'NONE',  ( -0.000000000000000000, -0.000000000000000000, -1.000000000000000000 ) ) ;
#5490 = EDGE_CURVE ( 'NONE', #2612, #3967, #4508, .T. ) ;
#5491 = VECTOR ( 'NONE', #7691, 1000.000000000000000 ) ;
#5492 = DIRECTION ( 'NONE',  ( 0.000000000000000000, -0.000000000000000000, -1.000000000000000000 ) ) ;
#5493 = CARTESIAN_POINT ( 'NONE',  ( -22.90000000000000213, -37.81970556111442505, 12.00000000000000711 ) ) ;
#5494 = ORIENTED_EDGE ( 'NONE', *, *, #6945, .F. ) ;
#5495 = ORIENTED_EDGE ( 'NONE', *, *, #3670, .T. ) ;
#5496 = AXIS2_PLACEMENT_3D ( 'NONE', #1167, #7887, #1791 ) ;
#5497 = DIRECTION ( 'NONE',  ( -0.000000000000000000, 0.000000000000000000, -1.000000000000000000 ) ) ;
#5498 = AXIS2_PLACEMENT_3D ( 'NONE', #4465, #7190, #7952 ) ;
#5499 = VERTEX_POINT ( 'NONE', #3977 ) ;
#5500 = DIRECTION ( 'NONE',  ( -0.000000000000000000, -0.000000000000000000, -1.000000000000000000 ) ) ;
#5501 = FACE_OUTER_BOUND ( 'NONE', #1889, .T. ) ;
#5502 = EDGE_CURVE ( 'NONE', #3287, #2547, #2888, .T. ) ;
#5503 = EDGE_CURVE ( 'NONE', #1532, #2008, #162, .T. ) ;
#5504 = CARTESIAN_POINT ( 'NONE',  ( -39.49352456541443956, -32.19840296091088305, -0.000000000000000000 ) ) ;
#5505 = AXIS2_PLACEMENT_3D ( 'NONE', #3991, #3894, #6629 ) ;
#5506 = ORIENTED_EDGE ( 'NONE', *, *, #3104, .T. ) ;
#5507 = AXIS2_PLACEMENT_3D ( 'NONE', #5789, #1758, #7857 ) ;
#5508 = LINE ( 'NONE', #2102, #2037 ) ;
#5509 = DIRECTION ( 'NONE',  ( -1.000000000000000000, 0.000000000000000000, 0.000000000000000000 ) ) ;
#5510 = DIRECTION ( 'NONE',  ( -0.000000000000000000, -0.000000000000000000, -1.000000000000000000 ) ) ;
#5511 = DIRECTION ( 'NONE',  ( -0.8660254037844363761, -0.5000000000000039968, 0.000000000000000000 ) ) ;
#5512 = VERTEX_POINT ( 'NONE', #2488 ) ;
#5513 = CARTESIAN_POINT ( 'NONE',  ( 43.40489990004045495, -25.05983064143695671, 11.66666666666666785 ) ) ;
#5514 = CARTESIAN_POINT ( 'NONE',  ( 0.000000000000000000, 0.000000000000000000, 10.09999999999999964 ) ) ;
#5515 = DIRECTION ( 'NONE',  ( -0.3986426455677924974, -0.5840240073273574861, 0.7071067811865519026 ) ) ;
#5516 = ORIENTED_EDGE ( 'NONE', *, *, #3517, .F. ) ;
#5517 = DIRECTION ( 'NONE',  ( 0.000000000000000000, -0.000000000000000000, -1.000000000000000000 ) ) ;
#5518 = ORIENTED_EDGE ( 'NONE', *, *, #6498, .T. ) ;
#5519 = CARTESIAN_POINT ( 'NONE',  ( 6.683089365263710668, 47.63290961559769698, 10.63489959782819838 ) ) ;
#5520 = ORIENTED_EDGE ( 'NONE', *, *, #7008, .F. ) ;
#5521 = CARTESIAN_POINT ( 'NONE',  ( -20.36713805963060153, -36.97265300744836480, 19.00000000000000355 ) ) ;
#5522 = DIRECTION ( 'NONE',  ( 0.000000000000000000, 0.000000000000000000, 1.000000000000000000 ) ) ;
#5523 = EDGE_CURVE ( 'NONE', #8316, #928, #4692, .T. ) ;
#5524 = CARTESIAN_POINT ( 'NONE',  ( -43.56985711980882314, -25.15506873667523635, 11.00000000000000000 ) ) ;
#5525 = ADVANCED_FACE ( 'NONE', ( #2320 ), #3877, .F. ) ;
#5526 = CIRCLE ( 'NONE', #6094, 2.400000000000000355 ) ;
#5527 = CIRCLE ( 'NONE', #8104, 0.8000000000000012657 ) ;
#5528 = LINE ( 'NONE', #1893, #8073 ) ;
#5529 = ORIENTED_EDGE ( 'NONE', *, *, #1017, .F. ) ;
#5530 = LINE ( 'NONE', #3418, #3744 ) ;
#5531 = VECTOR ( 'NONE', #1070, 999.9999999999998863 ) ;
#5532 = ORIENTED_EDGE ( 'NONE', *, *, #1729, .T. ) ;
#5533 = DIRECTION ( 'NONE',  ( 0.8660254037844363761, -0.5000000000000039968, 0.000000000000000000 ) ) ;
#5534 = DIRECTION ( 'NONE',  ( 0.000000000000000000, -1.000000000000000000, 0.000000000000000000 ) ) ;
#5535 = EDGE_CURVE ( 'NONE', #6737, #8090, #5938, .T. ) ;
#5536 = ORIENTED_EDGE ( 'NONE', *, *, #1700, .F. ) ;
#5537 = LINE ( 'NONE', #2033, #8076 ) ;
#5538 = ADVANCED_FACE ( 'NONE', ( #5581 ), #3516, .T. ) ;
#5539 = PLANE ( 'NONE',  #7886 ) ;
#5540 = VECTOR ( 'NONE', #8480, 1000.000000000000000 ) ;
#5541 = DIRECTION ( 'NONE',  ( 0.9781352566858384501, 0.2079697565227427436, 0.000000000000000000 ) ) ;
#5542 = VERTEX_POINT ( 'NONE', #8311 ) ;
#5543 = CARTESIAN_POINT ( 'NONE',  ( 46.13139720814405109, -21.43782217350918984, 4.999999999999996447 ) ) ;
#5544 = ADVANCED_FACE ( 'NONE', ( #8174 ), #5539, .F. ) ;
#5545 = VERTEX_POINT ( 'NONE', #2171 ) ;
#5546 = VECTOR ( 'NONE', #5174, 1000.000000000000000 ) ;
#5547 = CARTESIAN_POINT ( 'NONE',  ( -37.55996863551823139, -30.34551204169638794, 9.000000000002787104 ) ) ;
#5548 = VERTEX_POINT ( 'NONE', #781 ) ;
#5549 = CARTESIAN_POINT ( 'NONE',  ( -17.10000000000000497, -114.9999999999999289, 12.00000000000000711 ) ) ;
#5550 = DIRECTION ( 'NONE',  ( 0.000000000000000000, -1.000000000000000000, -0.000000000000000000 ) ) ;
#5551 = VECTOR ( 'NONE', #1755, 1000.000000000000000 ) ;
#5552 = PLANE ( 'NONE',  #6616 ) ;
#5553 = EDGE_LOOP ( 'NONE', ( #3181, #763, #4979, #5775 ) ) ;
#5554 = ADVANCED_FACE ( 'NONE', ( #1510 ), #4907, .F. ) ;
#5555 = DIRECTION ( 'NONE',  ( -1.000000000000000000, 0.000000000000000000, 0.000000000000000000 ) ) ;
#5556 = DIRECTION ( 'NONE',  ( -0.000000000000000000, -0.000000000000000000, -1.000000000000000000 ) ) ;
#5557 = EDGE_CURVE ( 'NONE', #8466, #8402, #8225, .T. ) ;
#5558 = CARTESIAN_POINT ( 'NONE',  ( -28.50000000000000000, 24.85859933425698642, 16.00000000000000355 ) ) ;
#5559 = CARTESIAN_POINT ( 'NONE',  ( -43.01537180435992980, -24.83493649053850660, 5.000000000000000000 ) ) ;
#5560 = VERTEX_POINT ( 'NONE', #57 ) ;
#5561 = CARTESIAN_POINT ( 'NONE',  ( -24.41503000176012250, 34.16810406380067633, 12.50000000000000000 ) ) ;
#5562 = CARTESIAN_POINT ( 'NONE',  ( 16.50000000000000355, -32.27417035836263892, 12.00000000000000711 ) ) ;
#5563 = CARTESIAN_POINT ( 'NONE',  ( -23.50000000000000355, -114.9999999999999289, 0.000000000000000000 ) ) ;
#5564 = EDGE_LOOP ( 'NONE', ( #274, #1242, #1225, #1713, #251, #1033, #8048, #5646 ) ) ;
#5565 = CARTESIAN_POINT ( 'NONE',  ( -9.859227261804676345, 33.37949395435406075, 12.50000000000000000 ) ) ;
#5566 = ORIENTED_EDGE ( 'NONE', *, *, #3271, .F. ) ;
#5567 = CARTESIAN_POINT ( 'NONE',  ( 36.95860311233816731, -8.325866583873127169, 2.299999999999999822 ) ) ;
#5568 = VERTEX_POINT ( 'NONE', #600 ) ;
#5569 = CARTESIAN_POINT ( 'NONE',  ( 44.48854006528703309, -19.69395706816867886, 11.00000000000000355 ) ) ;
#5570 = PLANE ( 'NONE',  #3379 ) ;
#5571 = ADVANCED_FACE ( 'NONE', ( #3336 ), #2086, .F. ) ;
#5572 = CARTESIAN_POINT ( 'NONE',  ( -15.52378647908693132, 36.64992874329254136, 16.50000000000000000 ) ) ;
#5573 = ORIENTED_EDGE ( 'NONE', *, *, #6401, .F. ) ;
#5574 = CARTESIAN_POINT ( 'NONE',  ( 32.57114317029964923, -24.92487113059662107, 4.999999999999998224 ) ) ;
#5575 = EDGE_CURVE ( 'NONE', #4080, #3049, #7504, .T. ) ;
#5576 = EDGE_LOOP ( 'NONE', ( #131, #8473, #3045, #3988 ) ) ;
#5577 = PLANE ( 'NONE',  #2249 ) ;
#5578 = CARTESIAN_POINT ( 'NONE',  ( 39.06565829136307144, 0.000000000000000000, 10.09999999999999964 ) ) ;
#5579 = ORIENTED_EDGE ( 'NONE', *, *, #6945, .T. ) ;
#5580 = CARTESIAN_POINT ( 'NONE',  ( 16.50000000000000355, -114.9999999999999289, 18.39999999999999503 ) ) ;
#5581 = FACE_OUTER_BOUND ( 'NONE', #6000, .T. ) ;
#5582 = ADVANCED_FACE ( 'NONE', ( #1326 ), #2760, .T. ) ;
#5583 = FACE_OUTER_BOUND ( 'NONE', #7407, .T. ) ;
#5584 = ORIENTED_EDGE ( 'NONE', *, *, #1433, .F. ) ;
#5585 = CARTESIAN_POINT ( 'NONE',  ( 7.178166107490244903E-15, -114.9999999999999289, 12.00000000000001243 ) ) ;
#5586 = VERTEX_POINT ( 'NONE', #1994 ) ;
#5587 = EDGE_CURVE ( 'NONE', #757, #795, #4728, .T. ) ;
#5588 = ADVANCED_FACE ( 'NONE', ( #6160 ), #4059, .F. ) ;
#5589 = DIRECTION ( 'NONE',  ( -0.000000000000000000, 0.000000000000000000, -1.000000000000000000 ) ) ;
#5590 = ORIENTED_EDGE ( 'NONE', *, *, #3818, .F. ) ;
#5591 = CARTESIAN_POINT ( 'NONE',  ( -20.70048771748834326, -39.08959456950842082, 12.00000000000000711 ) ) ;
#5592 = LINE ( 'NONE', #4872, #6681 ) ;
#5593 = CARTESIAN_POINT ( 'NONE',  ( 17.49999999999999645, -5.259372140063335088, 30.99999999999999645 ) ) ;
#5594 = ORIENTED_EDGE ( 'NONE', *, *, #3998, .T. ) ;
#5595 = CARTESIAN_POINT ( 'NONE',  ( -47.63139720814414346, 21.72649730810373470, 0.000000000000000000 ) ) ;
#5596 = CARTESIAN_POINT ( 'NONE',  ( 38.78921435738382684, 24.78691184400056002, 23.33333333333338189 ) ) ;
#5597 = LINE ( 'NONE', #8330, #7614 ) ;
#5598 = VERTEX_POINT ( 'NONE', #6788 ) ;
#5599 = DIRECTION ( 'NONE',  ( 0.000000000000000000, 0.000000000000000000, 1.000000000000000000 ) ) ;
#5600 = AXIS2_PLACEMENT_3D ( 'NONE', #4382, #3740, #3654 ) ;
#5601 = CARTESIAN_POINT ( 'NONE',  ( 41.13139720874250571, -30.09807621031689706, 9.000000000000000000 ) ) ;
#5602 = ORIENTED_EDGE ( 'NONE', *, *, #3879, .F. ) ;
#5603 = AXIS2_PLACEMENT_3D ( 'NONE', #6184, #8379, #5645 ) ;
#5604 = VECTOR ( 'NONE', #7279, 1000.000000000000000 ) ;
#5605 = CARTESIAN_POINT ( 'NONE',  ( -38.05106172828543265, 16.54980429983895718, 0.000000000000000000 ) ) ;
#5606 = ORIENTED_EDGE ( 'NONE', *, *, #7110, .F. ) ;
#5607 = FACE_OUTER_BOUND ( 'NONE', #3525, .T. ) ;
#5608 = ORIENTED_EDGE ( 'NONE', *, *, #8357, .T. ) ;
#5609 = CARTESIAN_POINT ( 'NONE',  ( -11.80224001811209789, -9.116737382349995755, 30.99999999999999645 ) ) ;
#5610 = DIRECTION ( 'NONE',  ( 0.8660254037844364872, -0.5000000000000039968, -0.000000000000000000 ) ) ;
#5611 = CIRCLE ( 'NONE', #3886, 1.000000000000000888 ) ;
#5612 = PLANE ( 'NONE',  #6065 ) ;
#5613 = ORIENTED_EDGE ( 'NONE', *, *, #2207, .T. ) ;
#5614 = CARTESIAN_POINT ( 'NONE',  ( -37.78311253585379603, 21.01390591497600369, 5.000000000000000000 ) ) ;
#5615 = AXIS2_PLACEMENT_3D ( 'NONE', #5614, #6287, #98 ) ;
#5616 = ORIENTED_EDGE ( 'NONE', *, *, #1050, .F. ) ;
#5617 = CARTESIAN_POINT ( 'NONE',  ( -9.666507322133384150, 18.38326261767711145, 4.000000000000000000 ) ) ;
#5618 = CYLINDRICAL_SURFACE ( 'NONE', #4398, 0.5999999999999998668 ) ;
#5619 = ORIENTED_EDGE ( 'NONE', *, *, #2687, .T. ) ;
#5620 = CARTESIAN_POINT ( 'NONE',  ( 6.044999999999995488, 49.66987298107782323, 0.000000000000000000 ) ) ;
#5621 = DIRECTION ( 'NONE',  ( 0.000000000000000000, 1.000000000000000000, -0.000000000000000000 ) ) ;
#5622 = B_SPLINE_SURFACE_WITH_KNOTS ( 'NONE', 3, 3, ( 
 ( #5970, #8564, #7138, #8701 ),
 ( #3134, #8521, #3908, #2384 ),
 ( #497, #2518, #4578, #7177 ),
 ( #7215, #5158, #3770, #1034 ),
 ( #3729, #1675, #7301, #4415 ),
 ( #6642, #6552, #6459, #356 ),
 ( #7854, #315, #4448, #3093 ),
 ( #7892, #4492, #1077, #7941 ),
 ( #3819, #1797, #404, #4535 ),
 ( #7263, #1125, #3863, #6595 ),
 ( #446, #8196, #798, #5463 ),
 ( #1523, #2861, #3535, #1435 ),
 ( #2055, #839, #4207, #547 ),
 ( #8741, #5596, #3576, #4879 ),
 ( #6307, #6272, #8329, #2561 ),
 ( #2778, #1390, #75, #6685 ),
 ( #4160, #3959, #6894, #5297 ) ),
 .UNSPECIFIED., .F., .F., .F.,
 ( 4, 1, 1, 1, 2, 1, 1, 1, 2, 1, 1, 1, 4 ),
 ( 4, 4 ),
 ( 0.000000000000000000, 0.02416282657140347151, 0.04832565314280694302, 0.07248847971421040759, 0.09665130628561389992, 0.2983256531428069014, 0.5000000000000000000, 0.7016743468571929876, 0.9033486937143860862, 0.9275115202857895369, 0.9516743468571930986, 0.9758371734285965493, 1.000000000000000000 ),
 ( 0.000000000000000000, 1.000000000000000000 ),
 .UNSPECIFIED. ) ;
#5623 = DIRECTION ( 'NONE',  ( 0.000000000000000000, 0.000000000000000000, -1.000000000000000000 ) ) ;
#5624 = ORIENTED_EDGE ( 'NONE', *, *, #1984, .F. ) ;
#5625 = DIRECTION ( 'NONE',  ( -0.000000000000000000, -0.000000000000000000, -1.000000000000000000 ) ) ;
#5626 = EDGE_LOOP ( 'NONE', ( #7782, #1683, #6288, #6673 ) ) ;
#5627 = CARTESIAN_POINT ( 'NONE',  ( 14.22923151169096556, -8.091954300746134976, 25.05096679924108116 ) ) ;
#5628 = VERTEX_POINT ( 'NONE', #4104 ) ;
#5629 = DIRECTION ( 'NONE',  ( 1.000000000000000000, -5.782411586641495428E-16, 0.000000000000000000 ) ) ;
#5630 = LINE ( 'NONE', #1562, #1093 ) ;
#5631 = CARTESIAN_POINT ( 'NONE',  ( -11.38027608956916481, -28.00452860718955961, 45.78333789394355335 ) ) ;
#5632 = EDGE_CURVE ( 'NONE', #4015, #4084, #645, .T. ) ;
#5633 = EDGE_CURVE ( 'NONE', #2651, #4403, #5878, .T. ) ;
#5634 = ORIENTED_EDGE ( 'NONE', *, *, #4184, .F. ) ;
#5635 = VECTOR ( 'NONE', #3367, 1000.000000000000000 ) ;
#5636 = FACE_OUTER_BOUND ( 'NONE', #627, .T. ) ;
#5638 = LINE ( 'NONE', #252, #1404 ) ;
#5637 = AXIS2_PLACEMENT_3D ( 'NONE', #5459, #7517, #8868 ) ;
#5639 = CARTESIAN_POINT ( 'NONE',  ( 22.90000000000000213, -32.27417035836263892, 12.59999999999999964 ) ) ;
#5640 = VECTOR ( 'NONE', #2600, 1000.000000000000000 ) ;
#5641 = ORIENTED_EDGE ( 'NONE', *, *, #1904, .T. ) ;
#5642 = DIRECTION ( 'NONE',  ( 0.000000000000000000, 0.000000000000000000, -1.000000000000000000 ) ) ;
#5643 = CARTESIAN_POINT ( 'NONE',  ( 41.96152422706641971, -24.22649730810356417, 17.50000000000000000 ) ) ;
#5644 = AXIS2_PLACEMENT_3D ( 'NONE', #4014, #5489, #1459 ) ;
#5645 = DIRECTION ( 'NONE',  ( 1.000000000000000000, 0.000000000000000000, 0.000000000000000000 ) ) ;
#5646 = ORIENTED_EDGE ( 'NONE', *, *, #2647, .F. ) ;
#5647 = VECTOR ( 'NONE', #2972, 1000.000000000000000 ) ;
#5648 = LINE ( 'NONE', #2193, #306 ) ;
#5649 = ORIENTED_EDGE ( 'NONE', *, *, #6198, .T. ) ;
#5650 = EDGE_CURVE ( 'NONE', #4417, #4823, #6319, .T. ) ;
#5651 = CARTESIAN_POINT ( 'NONE',  ( -14.65369224550881100, 44.56293940082807836, 4.212084633368285758 ) ) ;
#5652 = ORIENTED_EDGE ( 'NONE', *, *, #5281, .F. ) ;
#5653 = CARTESIAN_POINT ( 'NONE',  ( 47.63139720814415767, -10.85992115641602140, 0.000000000000000000 ) ) ;
#5654 = DIRECTION ( 'NONE',  ( -1.000000000000000000, 0.000000000000000000, 0.000000000000000000 ) ) ;
#5655 = ORIENTED_EDGE ( 'NONE', *, *, #7744, .T. ) ;
#5656 = DIRECTION ( 'NONE',  ( -1.000000000000000000, 0.000000000000000000, 0.000000000000000000 ) ) ;
#5657 = ORIENTED_EDGE ( 'NONE', *, *, #4656, .F. ) ;
#5658 = ADVANCED_FACE ( 'NONE', ( #1460 ), #2036, .T. ) ;
#5659 = ADVANCED_FACE ( 'NONE', ( #4146 ), #6208, .F. ) ;
#5660 = DIRECTION ( 'NONE',  ( 1.000000000000000000, -0.000000000000000000, -0.000000000000000000 ) ) ;
#5661 = DIRECTION ( 'NONE',  ( -0.000000000000000000, -0.000000000000000000, 1.000000000000000000 ) ) ;
#5662 = ORIENTED_EDGE ( 'NONE', *, *, #8842, .F. ) ;
#5663 = DIRECTION ( 'NONE',  ( -0.000000000000000000, -0.000000000000000000, 1.000000000000000000 ) ) ;
#5664 = EDGE_CURVE ( 'NONE', #8858, #6045, #3733, .T. ) ;
#5665 = CIRCLE ( 'NONE', #1542, 2.000000000000001776 ) ;
#5666 = DIRECTION ( 'NONE',  ( 0.8660254037844433705, 0.4999999999999918954, 0.000000000000000000 ) ) ;
#5667 = CARTESIAN_POINT ( 'NONE',  ( -28.50000000000000000, 0.5237688723248731248, 16.00000000000000355 ) ) ;
#5668 = ORIENTED_EDGE ( 'NONE', *, *, #1692, .T. ) ;
#5669 = B_SPLINE_CURVE_WITH_KNOTS ( 'NONE', 3,
 ( #4361, #3587, #1539, #2920, #265, #2159, #4224, #5569, #8341 ),
 .UNSPECIFIED., .F., .F.,
 ( 4, 1, 1, 1, 2, 4 ),
 ( 0.000000000000000000, 0.001207020541124667265, 0.002414041082249334530, 0.003621061623374007433, 0.004828082164498675131, 0.005891907964718422382 ),
 .UNSPECIFIED. ) ;
#5670 = DIRECTION ( 'NONE',  ( 0.8660254037844381525, -0.5000000000000008882, 0.000000000000000000 ) ) ;
#5671 = ORIENTED_EDGE ( 'NONE', *, *, #3637, .T. ) ;
#5672 = EDGE_CURVE ( 'NONE', #8340, #6123, #875, .T. ) ;
#5673 = CARTESIAN_POINT ( 'NONE',  ( 6.486868131917745291E-15, 18.38326261767710790, 4.000000000000000000 ) ) ;
#5674 = ORIENTED_EDGE ( 'NONE', *, *, #2017, .T. ) ;
#5675 = CARTESIAN_POINT ( 'NONE',  ( -44.29806387481077223, -16.94331007669987343, 11.66666666666666785 ) ) ;
#5676 = DIRECTION ( 'NONE',  ( 0.3597840179098404367, 0.9330356158564643287, -0.000000000000000000 ) ) ;
#5677 = CARTESIAN_POINT ( 'NONE',  ( 38.16565829136300891, -2.742840745465485064, 50.07496987852774595 ) ) ;
#5678 = AXIS2_PLACEMENT_3D ( 'NONE', #8425, #2834, #4405 ) ;
#5679 = ORIENTED_EDGE ( 'NONE', *, *, #7831, .F. ) ;
#5680 = VECTOR ( 'NONE', #1472, 1000.000000000000000 ) ;
#5681 = EDGE_CURVE ( 'NONE', #290, #6859, #7012, .T. ) ;
#5682 = DIRECTION ( 'NONE',  ( -4.496403249731886355E-15, 1.000000000000000000, 0.000000000000000000 ) ) ;
#5683 = AXIS2_PLACEMENT_3D ( 'NONE', #3230, #6504, #991 ) ;
#5684 = DIRECTION ( 'NONE',  ( 0.000000000000000000, 1.000000000000000000, -0.000000000000000000 ) ) ;
#5685 = DIRECTION ( 'NONE',  ( -1.000000000000000000, 0.000000000000000000, 0.000000000000000000 ) ) ;
#5686 = ORIENTED_EDGE ( 'NONE', *, *, #6479, .F. ) ;
#5687 = CARTESIAN_POINT ( 'NONE',  ( 36.72708518556237323, -22.24860209777245856, 34.99999999999995737 ) ) ;
#5688 = VECTOR ( 'NONE', #5809, 1000.000000000000000 ) ;
#5689 = CARTESIAN_POINT ( 'NONE',  ( -37.78311253585379603, 21.01390591497600369, 5.000000000000000000 ) ) ;
#5690 = ORIENTED_EDGE ( 'NONE', *, *, #7605, .T. ) ;
#5691 = EDGE_CURVE ( 'NONE', #3178, #4280, #1593, .T. ) ;
#5692 = DIRECTION ( 'NONE',  ( -0.000000000000000000, -0.000000000000000000, -1.000000000000000000 ) ) ;
#5693 = EDGE_CURVE ( 'NONE', #3092, #1843, #7172, .T. ) ;
#5694 = VERTEX_POINT ( 'NONE', #6966 ) ;
#5695 = DIRECTION ( 'NONE',  ( -1.000000000000000000, 0.000000000000000000, 0.000000000000000000 ) ) ;
#5696 = ORIENTED_EDGE ( 'NONE', *, *, #6442, .F. ) ;
#5697 = CARTESIAN_POINT ( 'NONE',  ( 40.13139720814400846, -31.83012701892236862, 0.000000000000000000 ) ) ;
#5698 = CARTESIAN_POINT ( 'NONE',  ( 40.86070251696137490, 21.19898910433471784, 23.33333333333336057 ) ) ;
#5699 = CARTESIAN_POINT ( 'NONE',  ( 28.50000000000000355, -2.141400665743007359, 35.00000000000000000 ) ) ;
#5700 = VERTEX_POINT ( 'NONE', #862 ) ;
#5701 = PLANE ( 'NONE',  #6469 ) ;
#5702 = VERTEX_POINT ( 'NONE', #3697 ) ;
#5703 = ADVANCED_FACE ( 'NONE', ( #2297 ), #5038, .T. ) ;
#5704 = DIRECTION ( 'NONE',  ( 0.000000000000000000, 0.000000000000000000, 1.000000000000000000 ) ) ;
#5705 = LINE ( 'NONE', #8435, #519 ) ;
#5706 = ORIENTED_EDGE ( 'NONE', *, *, #8557, .F. ) ;
#5707 = DIRECTION ( 'NONE',  ( -0.000000000000000000, -0.000000000000000000, -1.000000000000000000 ) ) ;
#5708 = PLANE ( 'NONE',  #6367 ) ;
#5709 = CARTESIAN_POINT ( 'NONE',  ( -1.474514954580286030E-13, 32.73634711715673262, 18.09999999999999787 ) ) ;
#5710 = VERTEX_POINT ( 'NONE', #237 ) ;
#5711 = CARTESIAN_POINT ( 'NONE',  ( 39.06565829136307144, -2.183157863060336989, 10.09999999999999964 ) ) ;
#5712 = FACE_OUTER_BOUND ( 'NONE', #6518, .T. ) ;
#5713 = DIRECTION ( 'NONE',  ( -0.000000000000000000, -0.000000000000000000, 1.000000000000000000 ) ) ;
#5714 = VERTEX_POINT ( 'NONE', #4375 ) ;
#5715 = LINE ( 'NONE', #2358, #6930 ) ;
#5716 = CARTESIAN_POINT ( 'NONE',  ( 16.95587589497096559, -41.24738825757798111, 12.01260616442664997 ) ) ;
#5717 = DIRECTION ( 'NONE',  ( -0.000000000000000000, -0.000000000000000000, -1.000000000000000000 ) ) ;
#5718 = ORIENTED_EDGE ( 'NONE', *, *, #7011, .F. ) ;
#5719 = LINE ( 'NONE', #8453, #2253 ) ;
#5720 = CARTESIAN_POINT ( 'NONE',  ( -7.500000001197042465, 49.68012966177562362, 3.000000000000924594 ) ) ;
#5721 = CARTESIAN_POINT ( 'NONE',  ( 1.039665878576915815E-13, -50.11966128287414790, 11.66666666666666785 ) ) ;
#5722 = PRESENTATION_STYLE_ASSIGNMENT (( #2989 ) ) ;
#5723 = CARTESIAN_POINT ( 'NONE',  ( 18.86438724951293366, -17.87152381110634281, 11.59999999999999964 ) ) ;
#5724 = VERTEX_POINT ( 'NONE', #6465 ) ;
#5725 = DIRECTION ( 'NONE',  ( 0.8660254037844432595, 0.4999999999999918954, 0.000000000000000000 ) ) ;
#5726 = ORIENTED_EDGE ( 'NONE', *, *, #472, .T. ) ;
#5727 = CARTESIAN_POINT ( 'NONE',  ( -14.17817460259215778, 17.88326261765006109, 4.000000000000000000 ) ) ;
#5728 = VERTEX_POINT ( 'NONE', #7098 ) ;
#5729 = CARTESIAN_POINT ( 'NONE',  ( -17.10000000000000497, -32.27417035836263892, 12.60000000000000675 ) ) ;
#5730 = CARTESIAN_POINT ( 'NONE',  ( 40.96473054147742232, 2.662800535624398890E-13, 23.33333333333335347 ) ) ;
#5731 = ADVANCED_FACE ( 'NONE', ( #3649 ), #1720, .T. ) ;
#5732 = VECTOR ( 'NONE', #7618, 1000.000000000000000 ) ;
#5733 = VECTOR ( 'NONE', #665, 1000.000000000000000 ) ;
#5734 = DIRECTION ( 'NONE',  ( -0.4662618439930429903, -0.8846467616151699742, 0.000000000000000000 ) ) ;
#5735 = VERTEX_POINT ( 'NONE', #826 ) ;
#5736 = CARTESIAN_POINT ( 'NONE',  ( -14.17817460259215778, 17.88326261765006109, 16.00000000000000355 ) ) ;
#5737 = EDGE_CURVE ( 'NONE', #5249, #7444, #2931, .T. ) ;
#5738 = ORIENTED_EDGE ( 'NONE', *, *, #7377, .F. ) ;
#5739 = DIRECTION ( 'NONE',  ( 1.000000000000000000, 0.000000000000000000, 0.000000000000000000 ) ) ;
#5740 = AXIS2_PLACEMENT_3D ( 'NONE', #5543, #529, #3262 ) ;
#5741 = CARTESIAN_POINT ( 'NONE',  ( 20.12620908988082746, -5.259372140063334200, 16.00000000000000000 ) ) ;
#5742 = ORIENTED_EDGE ( 'NONE', *, *, #4279, .T. ) ;
#5743 = DIRECTION ( 'NONE',  ( -1.000000000000000000, 0.000000000000000000, 0.000000000000000000 ) ) ;
#5744 = DIRECTION ( 'NONE',  ( 0.000000000000000000, -0.000000000000000000, -1.000000000000000000 ) ) ;
#5745 = VECTOR ( 'NONE', #386, 1000.000000000000000 ) ;
#5746 = DIRECTION ( 'NONE',  ( 1.000000000000000000, 4.496403249731883200E-15, 0.000000000000000000 ) ) ;
#5747 = ORIENTED_EDGE ( 'NONE', *, *, #5961, .F. ) ;
#5748 = CIRCLE ( 'NONE', #5615, 3.999999999999996447 ) ;
#5749 = CARTESIAN_POINT ( 'NONE',  ( 10.19775998189748201, -9.116737382323046646, 6.000000000000000000 ) ) ;
#5750 = AXIS2_PLACEMENT_3D ( 'NONE', #4463, #3106, #5267 ) ;
#5751 = DIRECTION ( 'NONE',  ( -1.000000000000000000, 0.000000000000000000, 0.000000000000000000 ) ) ;
#5752 = DIRECTION ( 'NONE',  ( -4.496403249731883200E-15, 1.000000000000000000, 0.000000000000000000 ) ) ;
#5753 = ADVANCED_FACE ( 'NONE', ( #2344 ), #6294, .T. ) ;
#5754 = ORIENTED_EDGE ( 'NONE', *, *, #3252, .T. ) ;
#5755 = DIRECTION ( 'NONE',  ( -1.000000000000000000, -0.000000000000000000, -0.000000000000000000 ) ) ;
#5756 = CARTESIAN_POINT ( 'NONE',  ( -37.78311253585379603, 21.01390591497600369, 5.000000000000000888 ) ) ;
#5757 = VECTOR ( 'NONE', #5599, 1000.000000000000000 ) ;
#5758 = PRODUCT_DEFINITION_SHAPE ( 'NONE', 'NONE',  #7953 ) ;
#5759 = LINE ( 'NONE', #8501, #885 ) ;
#5760 = ORIENTED_EDGE ( 'NONE', *, *, #3381, .F. ) ;
#5761 = EDGE_CURVE ( 'NONE', #7032, #4531, #6424, .T. ) ;
#5762 = CARTESIAN_POINT ( 'NONE',  ( -27.50000000000000000, 25.85859933425698642, 16.00000000000000355 ) ) ;
#5763 = EDGE_CURVE ( 'NONE', #3948, #4043, #6384, .T. ) ;
#5764 = CARTESIAN_POINT ( 'NONE',  ( 41.96152422706617813, 24.22649730810397628, 17.50000000000000000 ) ) ;
#5765 = ADVANCED_FACE ( 'NONE', ( #8400 ), #8485, .F. ) ;
#5766 = CARTESIAN_POINT ( 'NONE',  ( 41.13139720874249150, -30.09807621031688996, 11.00000000000000000 ) ) ;
#5767 = VECTOR ( 'NONE', #2675, 1000.000000000000000 ) ;
#5768 = LINE ( 'NONE', #6487, #8592 ) ;
#5769 = ORIENTED_EDGE ( 'NONE', *, *, #4556, .T. ) ;
#5770 = CARTESIAN_POINT ( 'NONE',  ( -26.14708080932900813, 35.16810406380066212, 12.50000000000000000 ) ) ;
#5771 = AXIS2_PLACEMENT_3D ( 'NONE', #7808, #1670, #4411 ) ;
#5772 = ORIENTED_EDGE ( 'NONE', *, *, #3128, .F. ) ;
#5773 = EDGE_CURVE ( 'NONE', #1363, #1677, #8354, .T. ) ;
#5774 = CARTESIAN_POINT ( 'NONE',  ( -38.98854006408751616, -28.86089706378237452, 11.00000000000000000 ) ) ;
#5775 = ORIENTED_EDGE ( 'NONE', *, *, #136, .F. ) ;
#5776 = CARTESIAN_POINT ( 'NONE',  ( 45.05996863671558827, -17.35513098285755618, 8.999999999999996447 ) ) ;
#5777 = DIRECTION ( 'NONE',  ( -0.000000000000000000, -0.000000000000000000, 1.000000000000000000 ) ) ;
#5778 = VECTOR ( 'NONE', #4100, 1000.000000000000000 ) ;
#5779 = VECTOR ( 'NONE', #6732, 1000.000000000000000 ) ;
#5780 = CARTESIAN_POINT ( 'NONE',  ( -20.70224001811205028, 0.5237981084160736600, 16.00000000000000000 ) ) ;
#5781 = EDGE_LOOP ( 'NONE', ( #2655, #8121, #6857, #3513, #4287, #2884, #3477, #6286, #4383, #7503, #4889, #6224 ) ) ;
#5782 = CYLINDRICAL_SURFACE ( 'NONE', #20, 2.000000000000000000 ) ;
#5783 = AXIS2_PLACEMENT_3D ( 'NONE', #6730, #4760, #7485 ) ;
#5784 = ORIENTED_EDGE ( 'NONE', *, *, #4729, .T. ) ;
#5785 = EDGE_CURVE ( 'NONE', #2042, #268, #7730, .T. ) ;
#5786 = LINE ( 'NONE', #5253, #5551 ) ;
#5787 = CARTESIAN_POINT ( 'NONE',  ( -43.15162177596626947, 2.845554923540059011, 0.000000000000000000 ) ) ;
#5788 = VERTEX_POINT ( 'NONE', #909 ) ;
#5789 = CARTESIAN_POINT ( 'NONE',  ( 41.05860311233816873, -8.325866583873127169, 2.299999999999999822 ) ) ;
#5790 = ADVANCED_FACE ( 'NONE', ( #3058 ), #5708, .T. ) ;
#5791 = DIRECTION ( 'NONE',  ( -0.000000000000000000, -0.000000000000000000, 1.000000000000000000 ) ) ;
#5792 = FACE_OUTER_BOUND ( 'NONE', #8836, .T. ) ;
#5793 = ORIENTED_EDGE ( 'NONE', *, *, #2590, .T. ) ;
#5794 = FACE_OUTER_BOUND ( 'NONE', #1996, .T. ) ;
#5795 = EDGE_CURVE ( 'NONE', #579, #5724, #3234, .T. ) ;
#5796 = CARTESIAN_POINT ( 'NONE',  ( -37.63139720814402978, -21.72649730810391233, 35.00000000000000000 ) ) ;
#5797 = AXIS2_PLACEMENT_3D ( 'NONE', #7374, #6527, #2441 ) ;
#5798 = CARTESIAN_POINT ( 'NONE',  ( 17.72356672685348045, -33.85622107339584375, 12.00000000000000000 ) ) ;
#5799 = EDGE_CURVE ( 'NONE', #5568, #5450, #8081, .T. ) ;
#5800 = VERTEX_POINT ( 'NONE', #5302 ) ;
#5801 = DIRECTION ( 'NONE',  ( 1.000000000000000000, -3.620603936281805870E-16, -0.000000000000000000 ) ) ;
#5802 = DIRECTION ( 'NONE',  ( -0.4999999999999999445, -0.8660254037844387076, 0.000000000000000000 ) ) ;
#5803 = LINE ( 'NONE', #6614, #3209 ) ;
#5804 = VECTOR ( 'NONE', #387, 1000.000000000000000 ) ;
#5805 = AXIS2_PLACEMENT_3D ( 'NONE', #370, #7223, #3105 ) ;
#5806 = AXIS2_PLACEMENT_3D ( 'NONE', #1078, #1888, #7179 ) ;
#5807 = FACE_OUTER_BOUND ( 'NONE', #6903, .T. ) ;
#5808 = ORIENTED_EDGE ( 'NONE', *, *, #1827, .F. ) ;
#5809 = DIRECTION ( 'NONE',  ( 1.000000000000000000, -0.000000000000000000, -0.000000000000000000 ) ) ;
#5810 = DIRECTION ( 'NONE',  ( -0.000000000000000000, -0.000000000000000000, -1.000000000000000000 ) ) ;
#5811 = CARTESIAN_POINT ( 'NONE',  ( 6.044999999999995488, 49.66987298107782323, 10.09999999999999964 ) ) ;
#5812 = ADVANCED_FACE ( 'NONE', ( #1891 ), #1038, .F. ) ;
#5813 = EDGE_CURVE ( 'NONE', #218, #1752, #3930, .T. ) ;
#5814 = PLANE ( 'NONE',  #7305 ) ;
#5815 = ORIENTED_EDGE ( 'NONE', *, *, #5114, .T. ) ;
#5816 = CARTESIAN_POINT ( 'NONE',  ( -17.10000000000000497, -41.16833712241421495, 12.00000000000000711 ) ) ;
#5817 = EDGE_CURVE ( 'NONE', #2897, #396, #6600, .T. ) ;
#5818 = VERTEX_POINT ( 'NONE', #5873 ) ;
#5819 = CIRCLE ( 'NONE', #6117, 4.099999999999999645 ) ;
#5820 = CARTESIAN_POINT ( 'NONE',  ( -44.50074564633762009, -18.78431259861675784, 10.95728046632259733 ) ) ;
#5821 = ORIENTED_EDGE ( 'NONE', *, *, #8265, .T. ) ;
#5822 = LINE ( 'NONE', #4483, #4168 ) ;
#5823 = DIRECTION ( 'NONE',  ( -0.000000000000000000, -0.000000000000000000, -1.000000000000000000 ) ) ;
#5824 = VECTOR ( 'NONE', #5353, 1000.000000000000000 ) ;
#5825 = DIRECTION ( 'NONE',  ( 0.000000000000000000, 1.000000000000000000, -0.000000000000000000 ) ) ;
#5826 = ORIENTED_EDGE ( 'NONE', *, *, #7720, .F. ) ;
#5827 = FACE_OUTER_BOUND ( 'NONE', #4299, .T. ) ;
#5828 = ORIENTED_EDGE ( 'NONE', *, *, #5813, .T. ) ;
#5829 = CARTESIAN_POINT ( 'NONE',  ( 16.50000000000000355, -41.31679862020588700, 12.59999999999999964 ) ) ;
#5830 = DIRECTION ( 'NONE',  ( 1.000000000000000000, -8.673617379884035472E-15, 0.000000000000000000 ) ) ;
#5831 = ADVANCED_FACE ( 'NONE', ( #3138 ), #8611, .F. ) ;
#5832 = ORIENTED_EDGE ( 'NONE', *, *, #5260, .T. ) ;
#5833 = CARTESIAN_POINT ( 'NONE',  ( 12.94227870587920037, -36.10007460160268522, 12.00000000000000000 ) ) ;
#5834 = DIRECTION ( 'NONE',  ( -1.000000000000000000, 0.000000000000000000, 0.000000000000000000 ) ) ;
#5835 = DIRECTION ( 'NONE',  ( 0.000000000000000000, 0.000000000000000000, -1.000000000000000000 ) ) ;
#5836 = EDGE_LOOP ( 'NONE', ( #1441, #1769, #2158, #2156 ) ) ;
#5837 = ADVANCED_FACE ( 'NONE', ( #5923 ), #5164, .F. ) ;
#5838 = CARTESIAN_POINT ( 'NONE',  ( 7.499999998803009049, 47.70064302593653593, 9.000000000000007105 ) ) ;
#5839 = CARTESIAN_POINT ( 'NONE',  ( 16.50000000000000355, -29.00000000000000000, 18.39999999999999503 ) ) ;
#5840 = FACE_OUTER_BOUND ( 'NONE', #4778, .T. ) ;
#5841 = VERTEX_POINT ( 'NONE', #7219 ) ;
#5842 = CARTESIAN_POINT ( 'NONE',  ( -40.96473054147748627, 19.31770896186004194, 23.33333333333333570 ) ) ;
#5843 = PLANE ( 'NONE',  #4966 ) ;
#5844 = VERTEX_POINT ( 'NONE', #1848 ) ;
#5845 = CARTESIAN_POINT ( 'NONE',  ( -11.38027608956916303, -28.00452860718955961, 30.99999999999999645 ) ) ;
#5846 = ADVANCED_FACE ( 'NONE', ( #2609 ), #7267, .F. ) ;
#5847 = ORIENTED_EDGE ( 'NONE', *, *, #1692, .F. ) ;
#5848 = EDGE_CURVE ( 'NONE', #270, #3096, #8222, .T. ) ;
#5849 = ADVANCED_FACE ( 'NONE', ( #8568 ), #3775, .F. ) ;
#5850 = CARTESIAN_POINT ( 'NONE',  ( 11.19775998191631494, -9.116737382323046646, 6.000000000000000000 ) ) ;
#5851 = ORIENTED_EDGE ( 'NONE', *, *, #136, .T. ) ;
#5852 = CARTESIAN_POINT ( 'NONE',  ( -4.188393289193761859, 48.73282821241446783, 11.66666666666666607 ) ) ;
#5853 = CARTESIAN_POINT ( 'NONE',  ( -6.045000000000004370, -0.6737384941803912231, 4.000000000000000000 ) ) ;
#5854 = DIRECTION ( 'NONE',  ( -0.8660254037844363761, 0.5000000000000038858, 0.000000000000000000 ) ) ;
#5855 = CARTESIAN_POINT ( 'NONE',  ( -35.78311253585457763, 24.47800753011462405, 12.50000000000000000 ) ) ;
#5856 = ORIENTED_EDGE ( 'NONE', *, *, #1398, .F. ) ;
#5857 = CYLINDRICAL_SURFACE ( 'NONE', #4757, 2.000000000000001776 ) ;
#5858 = CARTESIAN_POINT ( 'NONE',  ( -23.50000000000000355, -29.00000000000000000, 37.05107468579354446 ) ) ;
#5859 = ORIENTED_EDGE ( 'NONE', *, *, #540, .T. ) ;
#5860 = CARTESIAN_POINT ( 'NONE',  ( -40.27525222053090204, -28.11801345389023510, 10.99999999999999289 ) ) ;
#5861 = ORIENTED_EDGE ( 'NONE', *, *, #6011, .F. ) ;
#5862 = CARTESIAN_POINT ( 'NONE',  ( 37.55996863791227725, -30.34551204031502891, 9.000000000000000000 ) ) ;
#5863 = DIRECTION ( 'NONE',  ( 0.000000000000000000, 0.000000000000000000, -1.000000000000000000 ) ) ;
#5864 = CARTESIAN_POINT ( 'NONE',  ( -29.64338071280383602, -10.13444907972475484, 12.50000000000000000 ) ) ;
#5865 = ORIENTED_EDGE ( 'NONE', *, *, #2291, .T. ) ;
#5866 = CARTESIAN_POINT ( 'NONE',  ( -19.88393864176969572, 35.03496094614806111, 12.50000000000000000 ) ) ;
#5867 = ORIENTED_EDGE ( 'NONE', *, *, #2797, .F. ) ;
#5868 = DIRECTION ( 'NONE',  ( -0.000000000000000000, -0.000000000000000000, -1.000000000000000000 ) ) ;
#5869 = DIRECTION ( 'NONE',  ( -1.000000000000000000, 0.000000000000000000, 0.000000000000000000 ) ) ;
#5870 = VERTEX_POINT ( 'NONE', #5346 ) ;
#5871 = CARTESIAN_POINT ( 'NONE',  ( -11.80224001808351453, 14.88326261767710967, 6.000000000000000000 ) ) ;
#5872 = AXIS2_PLACEMENT_3D ( 'NONE', #6407, #7799, #6535 ) ;
#5873 = CARTESIAN_POINT ( 'NONE',  ( -41.23139720814445042, -29.92487113059603843, 4.999999999999996447 ) ) ;
#5874 = DIRECTION ( 'NONE',  ( 0.000000000000000000, 0.000000000000000000, -1.000000000000000000 ) ) ;
#5875 = EDGE_LOOP ( 'NONE', ( #1943, #4223, #1560, #5010, #5172, #2811 ) ) ;
#5876 = CARTESIAN_POINT ( 'NONE',  ( 13.78348506850107746, 28.93535121240287111, 0.000000000000000000 ) ) ;
#5877 = AXIS2_PLACEMENT_3D ( 'NONE', #2526, #1183, #6559 ) ;
#5878 = CIRCLE ( 'NONE', #1457, 3.200000000017535928 ) ;
#5879 = DIRECTION ( 'NONE',  ( 0.000000000000000000, 1.000000000000000000, -0.000000000000000000 ) ) ;
#5880 = CARTESIAN_POINT ( 'NONE',  ( -3.605974651467714232, -4.898254318786716688, 0.000000000000000000 ) ) ;
#5881 = EDGE_LOOP ( 'NONE', ( #6126, #5194, #4246, #8273, #7507, #4239, #7265 ) ) ;
#5882 = CARTESIAN_POINT ( 'NONE',  ( 18.76760724610477382, 37.94555364585769297, 2.299999999999999822 ) ) ;
#5883 = CARTESIAN_POINT ( 'NONE',  ( -44.51494162183654169, -2.385604543132453959, 12.50000000000000000 ) ) ;
#5884 = ORIENTED_EDGE ( 'NONE', *, *, #6589, .F. ) ;
#5885 = DIRECTION ( 'NONE',  ( -0.8660254037844381525, 0.5000000000000008882, -7.811011732897426520E-16 ) ) ;
#5886 = VECTOR ( 'NONE', #6250, 999.9999999999998863 ) ;
#5887 = DIRECTION ( 'NONE',  ( -0.000000000000000000, -0.000000000000000000, 1.000000000000000000 ) ) ;
#5888 = ORIENTED_EDGE ( 'NONE', *, *, #1420, .F. ) ;
#5889 = VECTOR ( 'NONE', #7069, 1000.000000000000000 ) ;
#5890 = CARTESIAN_POINT ( 'NONE',  ( -47.63139720814429978, -18.83974596215520236, 0.000000000000000000 ) ) ;
#5891 = AXIS2_PLACEMENT_3D ( 'NONE', #1703, #7125, #6628 ) ;
#5892 = VECTOR ( 'NONE', #8467, 1000.000000000000000 ) ;
#5893 = ORIENTED_EDGE ( 'NONE', *, *, #3937, .F. ) ;
#5894 = CARTESIAN_POINT ( 'NONE',  ( -0.9043120225819348823, 42.93088982653846131, 35.00000000000000711 ) ) ;
#5895 = ADVANCED_FACE ( 'NONE', ( #2473 ), #6510, .T. ) ;
#5896 = DIRECTION ( 'NONE',  ( -1.000000000000000000, 0.000000000000000000, 0.000000000000000000 ) ) ;
#5897 = EDGE_CURVE ( 'NONE', #8090, #6185, #6556, .T. ) ;
#5898 = CARTESIAN_POINT ( 'NONE',  ( -3.088742300402999685, -45.49690948377640609, 23.33333333333330373 ) ) ;
#5899 = VERTEX_POINT ( 'NONE', #5212 ) ;
#5900 = CARTESIAN_POINT ( 'NONE',  ( 45.15860311233816304, -8.325866583873127169, 0.000000000000000000 ) ) ;
#5901 = EDGE_LOOP ( 'NONE', ( #47, #1647, #1451, #8670, #2809 ) ) ;
#5902 = CARTESIAN_POINT ( 'NONE',  ( -16.50000000000000000, -41.34277767676417881, 12.52125516968949270 ) ) ;
#5903 = LINE ( 'NONE', #6540, #6499 ) ;
#5904 = EDGE_CURVE ( 'NONE', #6366, #1079, #3351, .T. ) ;
#5905 = ORIENTED_EDGE ( 'NONE', *, *, #6863, .T. ) ;
#5906 = CARTESIAN_POINT ( 'NONE',  ( -39.61094084366757784, -28.50155380614800293, 10.99999999999999112 ) ) ;
#5907 = AXIS2_PLACEMENT_3D ( 'NONE', #7898, #5874, #1181 ) ;
#5908 = EDGE_LOOP ( 'NONE', ( #7212, #2755, #8716, #2641 ) ) ;
#5909 = LINE ( 'NONE', #348, #7626 ) ;
#5910 = FACE_OUTER_BOUND ( 'NONE', #7383, .T. ) ;
#5911 = DIRECTION ( 'NONE',  ( 0.000000000000000000, 0.000000000000000000, 1.000000000000000000 ) ) ;
#5912 = ORIENTED_EDGE ( 'NONE', *, *, #3381, .T. ) ;
#5913 = AXIS2_PLACEMENT_3D ( 'NONE', #5247, #5825, #7132 ) ;
#5914 = DIRECTION ( 'NONE',  ( 1.000000000000000000, 0.000000000000000000, 0.000000000000000000 ) ) ;
#5915 = EDGE_CURVE ( 'NONE', #2484, #3586, #408, .T. ) ;
#5916 = ORIENTED_EDGE ( 'NONE', *, *, #338, .T. ) ;
#5917 = AXIS2_PLACEMENT_3D ( 'NONE', #4784, #2682, #6127 ) ;
#5918 = CARTESIAN_POINT ( 'NONE',  ( 11.19775998191631494, -9.116737382323046646, 6.000000000000000000 ) ) ;
#5919 = DIRECTION ( 'NONE',  ( -0.7071067811865439090, -0.000000000000000000, -0.7071067811865511255 ) ) ;
#5920 = EDGE_LOOP ( 'NONE', ( #4071, #1299, #903, #3067 ) ) ;
#5921 = FACE_OUTER_BOUND ( 'NONE', #849, .T. ) ;
#5922 = VECTOR ( 'NONE', #534, 1000.000000000000114 ) ;
#5923 = FACE_OUTER_BOUND ( 'NONE', #5908, .T. ) ;
#5924 = CIRCLE ( 'NONE', #4368, 1.000000000018832935 ) ;
#5925 = DIRECTION ( 'NONE',  ( -1.000000000000000000, 0.000000000000000000, 0.000000000000000000 ) ) ;
#5926 = ORIENTED_EDGE ( 'NONE', *, *, #8533, .T. ) ;
#5927 = CARTESIAN_POINT ( 'NONE',  ( -16.50000000000000355, -32.27417035836263892, 12.60000000000000675 ) ) ;
#5928 = EDGE_CURVE ( 'NONE', #8760, #5499, #740, .T. ) ;
#5929 = EDGE_CURVE ( 'NONE', #118, #644, #3313, .T. ) ;
#5930 = CIRCLE ( 'NONE', #2073, 2.000000000000000000 ) ;
#5931 = ADVANCED_FACE ( 'NONE', ( #4046 ), #6104, .T. ) ;
#5932 = DIRECTION ( 'NONE',  ( 0.000000000000000000, 1.000000000000000000, 0.000000000000000000 ) ) ;
#5933 = CARTESIAN_POINT ( 'NONE',  ( -23.09411046311704752, 37.94370621080066996, 0.000000000000000000 ) ) ;
#5934 = EDGE_LOOP ( 'NONE', ( #7233, #3835, #6463, #5851 ) ) ;
#5935 = CARTESIAN_POINT ( 'NONE',  ( -37.63139720814416478, 17.89625880699493621, 35.00000000000000000 ) ) ;
#5936 = DIRECTION ( 'NONE',  ( -1.000000000000000000, 0.000000000000000000, -0.000000000000000000 ) ) ;
#5937 = ORIENTED_EDGE ( 'NONE', *, *, #8711, .F. ) ;
#5938 = LINE ( 'NONE', #1861, #8599 ) ;
#5939 = CARTESIAN_POINT ( 'NONE',  ( -28.49999999999999645, -3.141400665743015352, 16.00000000000000355 ) ) ;
#5940 = ORIENTED_EDGE ( 'NONE', *, *, #8105, .T. ) ;
#5941 = EDGE_CURVE ( 'NONE', #1411, #1551, #4137, .T. ) ;
#5942 = DIRECTION ( 'NONE',  ( -0.000000000000000000, -0.000000000000000000, 1.000000000000000000 ) ) ;
#5943 = ORIENTED_EDGE ( 'NONE', *, *, #4488, .F. ) ;
#5944 = CARTESIAN_POINT ( 'NONE',  ( -1.807663342512400906, 42.40933969880365595, 35.00000000000001421 ) ) ;
#5945 = CARTESIAN_POINT ( 'NONE',  ( 0.000000000000000000, -4.506203797966179536, 10.09999999999999964 ) ) ;
#5946 = CARTESIAN_POINT ( 'NONE',  ( -12.28070141654596448, -40.21173014212467223, 23.33333333333334636 ) ) ;
#5947 = VECTOR ( 'NONE', #2321, 999.9999999999998863 ) ;
#5948 = AXIS2_PLACEMENT_3D ( 'NONE', #7154, #5717, #4254 ) ;
#5949 = ORIENTED_EDGE ( 'NONE', *, *, #3818, .T. ) ;
#5950 = CYLINDRICAL_SURFACE ( 'NONE', #3157, 3.200000000018833557 ) ;
#5951 = ORIENTED_EDGE ( 'NONE', *, *, #8210, .T. ) ;
#5952 = EDGE_CURVE ( 'NONE', #1425, #7755, #2121, .T. ) ;
#5953 = PLANE ( 'NONE',  #4637 ) ;
#5954 = PLANE ( 'NONE',  #778 ) ;
#5955 = ORIENTED_EDGE ( 'NONE', *, *, #7992, .F. ) ;
#5956 = CARTESIAN_POINT ( 'NONE',  ( -44.48854006528684124, -19.05862642532886397, 11.00000000000045652 ) ) ;
#5957 = AXIS2_PLACEMENT_3D ( 'NONE', #143, #2887, #4282 ) ;
#5958 = ORIENTED_EDGE ( 'NONE', *, *, #4086, .T. ) ;
#5959 = CARTESIAN_POINT ( 'NONE',  ( 44.55580460996546321, -18.27613491837709248, 10.76457409362552120 ) ) ;
#5960 = CARTESIAN_POINT ( 'NONE',  ( 14.66760724610477418, 37.94555364585769297, 2.299999999999999822 ) ) ;
#5961 = EDGE_CURVE ( 'NONE', #313, #6656, #7655, .T. ) ;
#5962 = EDGE_CURVE ( 'NONE', #2547, #125, #5481, .T. ) ;
#5963 = FACE_OUTER_BOUND ( 'NONE', #7847, .T. ) ;
#5964 = ORIENTED_EDGE ( 'NONE', *, *, #3944, .F. ) ;
#5965 = CIRCLE ( 'NONE', #6107, 2.400000000000000355 ) ;
#5966 = EDGE_CURVE ( 'NONE', #4366, #4866, #6056, .T. ) ;
#5967 = CARTESIAN_POINT ( 'NONE',  ( -42.86820722743215129, 0.4666230945471231406, 12.50000000000000000 ) ) ;
#5968 = ORIENTED_EDGE ( 'NONE', *, *, #2728, .F. ) ;
#5969 = CIRCLE ( 'NONE', #99, 1.200000000051049120 ) ;
#5970 = CARTESIAN_POINT ( 'NONE',  ( -6.938893903907228378E-15, 43.45299461620748360, 35.00000000000000000 ) ) ;
#5971 = CIRCLE ( 'NONE', #378, 0.5999999999999998668 ) ;
#5972 = CARTESIAN_POINT ( 'NONE',  ( 14.50000000000000355, -32.03553925944023462, 11.99999999999999645 ) ) ;
#5973 = VERTEX_POINT ( 'NONE', #2074 ) ;
#5974 = LINE ( 'NONE', #7354, #6648 ) ;
#5975 = DIRECTION ( 'NONE',  ( 0.000000000000000000, 1.000000000000000000, 0.000000000000000000 ) ) ;
#5976 = CARTESIAN_POINT ( 'NONE',  ( 46.77425435100128936, -18.34487430146825915, 2.999999999999995115 ) ) ;
#5977 = VERTEX_POINT ( 'NONE', #2657 ) ;
#5978 = AXIS2_PLACEMENT_3D ( 'NONE', #4343, #7071, #4430 ) ;
#5979 = CARTESIAN_POINT ( 'NONE',  ( -11.70702208191660532, -29.10007460160269588, 12.00000000000000000 ) ) ;
#5980 = EDGE_CURVE ( 'NONE', #8010, #7018, #2787, .T. ) ;
#5981 = DIRECTION ( 'NONE',  ( 0.000000000000000000, 0.000000000000000000, 1.000000000000000000 ) ) ;
#5982 = CARTESIAN_POINT ( 'NONE',  ( -43.70298551693152689, 4.224486752532996547, 12.50000000000000000 ) ) ;
#5983 = ORIENTED_EDGE ( 'NONE', *, *, #7428, .F. ) ;
#5984 = CARTESIAN_POINT ( 'NONE',  ( -44.26030390552220695, 21.55228653119532822, 11.66666666666667318 ) ) ;
#5985 = EDGE_CURVE ( 'NONE', #4403, #4771, #7935, .T. ) ;
#5986 = ORIENTED_EDGE ( 'NONE', *, *, #1566, .T. ) ;
#5987 = CARTESIAN_POINT ( 'NONE',  ( 2.115048693900810225E-13, -46.78632794954081930, 23.33333333333333570 ) ) ;
#5988 = DIRECTION ( 'NONE',  ( -1.000000000000000000, 0.000000000000000000, -0.000000000000000000 ) ) ;
#5989 = ORIENTED_EDGE ( 'NONE', *, *, #5961, .T. ) ;
#5990 = CARTESIAN_POINT ( 'NONE',  ( -20.02970073639360749, 39.25141955269392469, 0.000000000000000000 ) ) ;
#5991 = EDGE_LOOP ( 'NONE', ( #2765, #8309 ) ) ;
#5992 = CARTESIAN_POINT ( 'NONE',  ( -1.174850287149867167, 49.90747779242941107, 11.66666666666667140 ) ) ;
#5993 = LINE ( 'NONE', #8056, #236 ) ;
#5994 = CARTESIAN_POINT ( 'NONE',  ( -45.58703510243383761, -27.83248258690846555, 0.000000000000000000 ) ) ;
#5995 = EDGE_LOOP ( 'NONE', ( #546, #3497, #3643, #719 ) ) ;
#5996 = LINE ( 'NONE', #1207, #3305 ) ;
#5997 = CARTESIAN_POINT ( 'NONE',  ( -37.78311253585379603, 21.01390591497600369, 5.000000000000000888 ) ) ;
#5998 = ORIENTED_EDGE ( 'NONE', *, *, #271, .F. ) ;
#5999 = DIRECTION ( 'NONE',  ( -1.000000000000000000, 0.000000000000000000, 0.000000000000000000 ) ) ;
#6000 = EDGE_LOOP ( 'NONE', ( #2799, #317, #5808, #1062, #1980 ) ) ;
#6001 = CARTESIAN_POINT ( 'NONE',  ( -10.80224001811209611, -9.116737382349995755, 16.00000000000000355 ) ) ;
#6002 = DIRECTION ( 'NONE',  ( -0.8660254037844432595, -0.4999999999999919509, 0.000000000000000000 ) ) ;
#6003 = LINE ( 'NONE', #1350, #7491 ) ;
#6004 = EDGE_LOOP ( 'NONE', ( #7531, #919, #6742, #7732 ) ) ;
#6005 = CARTESIAN_POINT ( 'NONE',  ( -10.80224001811209611, -9.116737382349995755, 27.31370849898443609 ) ) ;
#6006 = VERTEX_POINT ( 'NONE', #5393 ) ;
#6007 = CARTESIAN_POINT ( 'NONE',  ( 21.88688724951296294, -12.63640024522943150, 18.09999999999999787 ) ) ;
#6008 = CARTESIAN_POINT ( 'NONE',  ( -10.58056156992775421, -14.11673738234993714, 10.09999999999999964 ) ) ;
#6009 = ORIENTED_EDGE ( 'NONE', *, *, #4740, .T. ) ;
#6010 = LINE ( 'NONE', #2608, #2067 ) ;
#6011 = EDGE_CURVE ( 'NONE', #8281, #4447, #2024, .T. ) ;
#6012 = DIRECTION ( 'NONE',  ( 1.000000000000000000, 0.000000000000000000, 0.000000000000000000 ) ) ;
#6013 = LINE ( 'NONE', #3282, #45 ) ;
#6015 = ORIENTED_EDGE ( 'NONE', *, *, #2367, .T. ) ;
#6014 = EDGE_CURVE ( 'NONE', #377, #3155, #4717, .T. ) ;
#6016 = CYLINDRICAL_SURFACE ( 'NONE', #8461, 0.7999999999999994893 ) ;
#6017 = DIRECTION ( 'NONE',  ( -0.9301943552706558593, -0.3670673799489801437, 0.000000000000000000 ) ) ;
#6018 = FACE_OUTER_BOUND ( 'NONE', #859, .T. ) ;
#6019 = VERTEX_POINT ( 'NONE', #6818 ) ;
#6020 = CARTESIAN_POINT ( 'NONE',  ( -44.29806387481082197, 16.94331007669975975, 11.66666666666666607 ) ) ;
#6021 = ORIENTED_EDGE ( 'NONE', *, *, #7391, .F. ) ;
#6022 = DIRECTION ( 'NONE',  ( 0.000000000000000000, 0.000000000000000000, -1.000000000000000000 ) ) ;
#6023 = CARTESIAN_POINT ( 'NONE',  ( 3.750000000598431527, -6.495190529419939907, 9.000000000000000000 ) ) ;
#6024 = ORIENTED_EDGE ( 'NONE', *, *, #1927, .T. ) ;
#6025 = CIRCLE ( 'NONE', #4167, 1.000000000000000888 ) ;
#6026 = AXIS2_PLACEMENT_3D ( 'NONE', #6612, #465, #3199 ) ;
#6027 = EDGE_CURVE ( 'NONE', #5179, #1445, #679, .T. ) ;
#6028 = EDGE_CURVE ( 'NONE', #8652, #1905, #1156, .T. ) ;
#6029 = CARTESIAN_POINT ( 'NONE',  ( 7.499999998803009049, 47.70064302593653593, 9.000000000000007105 ) ) ;
#6030 = ORIENTED_EDGE ( 'NONE', *, *, #890, .T. ) ;
#6031 = CARTESIAN_POINT ( 'NONE',  ( -33.22066620862447195, 35.82003942179194667, 0.000000000000000000 ) ) ;
#6032 = VECTOR ( 'NONE', #4327, 1000.000000000000000 ) ;
#6033 = CARTESIAN_POINT ( 'NONE',  ( -20.70224001811205028, 0.5237981084160741041, 12.49999999999999645 ) ) ;
#6034 = FACE_BOUND ( 'NONE', #6200, .T. ) ;
#6035 = ORIENTED_EDGE ( 'NONE', *, *, #6884, .T. ) ;
#6036 = CARTESIAN_POINT ( 'NONE',  ( 38.16565829136300891, 28.93535121240287111, 0.000000000000000000 ) ) ;
#6037 = VECTOR ( 'NONE', #5385, 1000.000000000000000 ) ;
#6038 = ADVANCED_FACE ( 'NONE', ( #7291 ), #7387, .F. ) ;
#6039 = ADVANCED_FACE ( 'NONE', ( #1873 ), #2454, .F. ) ;
#6040 = DIRECTION ( 'NONE',  ( 0.5000000000000039968, -0.8660254037844363761, 0.000000000000000000 ) ) ;
#6041 = ORIENTED_EDGE ( 'NONE', *, *, #586, .T. ) ;
#6042 = EDGE_CURVE ( 'NONE', #5728, #2376, #3304, .T. ) ;
#6043 = CARTESIAN_POINT ( 'NONE',  ( -8.602240018065977267, 14.88326261767710967, 16.00000000000000355 ) ) ;
#6044 = VECTOR ( 'NONE', #7610, 1000.000000000000114 ) ;
#6045 = VERTEX_POINT ( 'NONE', #4614 ) ;
#6046 = DIRECTION ( 'NONE',  ( -1.000000000000000000, 0.000000000000000000, 0.000000000000000000 ) ) ;
#6047 = CARTESIAN_POINT ( 'NONE',  ( 23.50000000000000711, -36.63751215277373774, 14.53333333333333499 ) ) ;
#6048 = LINE ( 'NONE', #4624, #8361 ) ;
#6049 = ORIENTED_EDGE ( 'NONE', *, *, #638, .F. ) ;
#6050 = PLANE ( 'NONE',  #1887 ) ;
#6051 = EDGE_CURVE ( 'NONE', #3595, #3377, #8016, .T. ) ;
#6052 = VERTEX_POINT ( 'NONE', #5372 ) ;
#6053 = CARTESIAN_POINT ( 'NONE',  ( 38.16565829136300891, 25.18882062048294301, 10.09999999999999787 ) ) ;
#6054 = EDGE_LOOP ( 'NONE', ( #5221, #6941, #7203, #866 ) ) ;
#6055 = LINE ( 'NONE', #8745, #7077 ) ;
#6056 = LINE ( 'NONE', #6865, #2211 ) ;
#6057 = CIRCLE ( 'NONE', #2194, 1.999999999999998224 ) ;
#6058 = DIRECTION ( 'NONE',  ( 1.000000000000000000, 0.000000000000000000, -0.000000000000000000 ) ) ;
#6059 = ORIENTED_EDGE ( 'NONE', *, *, #228, .F. ) ;
#6060 = DIRECTION ( 'NONE',  ( -0.000000000000000000, 1.000000000000000000, -0.000000000000000000 ) ) ;
#6061 = EDGE_CURVE ( 'NONE', #2267, #2137, #1507, .T. ) ;
#6062 = VERTEX_POINT ( 'NONE', #7251 ) ;
#6063 = LINE ( 'NONE', #1367, #4831 ) ;
#6064 = FACE_OUTER_BOUND ( 'NONE', #530, .T. ) ;
#6065 = AXIS2_PLACEMENT_3D ( 'NONE', #1583, #6415, #2879 ) ;
#6066 = ORIENTED_EDGE ( 'NONE', *, *, #1464, .T. ) ;
#6067 = LINE ( 'NONE', #8224, #4214 ) ;
#6068 = EDGE_LOOP ( 'NONE', ( #3631, #986, #2374, #3107 ) ) ;
#6069 = CARTESIAN_POINT ( 'NONE',  ( -8.580561569927755983, -23.72845661736633360, 45.78333789394355335 ) ) ;
#6070 = VECTOR ( 'NONE', #8233, 1000.000000000000114 ) ;
#6071 = CARTESIAN_POINT ( 'NONE',  ( -44.21537180435991132, -22.75647552145584029, 5.000000000000000000 ) ) ;
#6072 = VERTEX_POINT ( 'NONE', #482 ) ;
#6073 = EDGE_CURVE ( 'NONE', #125, #8118, #2591, .T. ) ;
#6074 = VECTOR ( 'NONE', #5834, 1000.000000000000000 ) ;
#6075 = ADVANCED_FACE ( 'NONE', ( #3216 ), #5954, .T. ) ;
#6076 = CARTESIAN_POINT ( 'NONE',  ( 23.50000000000000355, -43.45299461620749781, 0.000000000000000000 ) ) ;
#6077 = ORIENTED_EDGE ( 'NONE', *, *, #8647, .T. ) ;
#6078 = DIRECTION ( 'NONE',  ( -1.000000000000000000, 0.000000000000000000, 0.000000000000000000 ) ) ;
#6079 = DIRECTION ( 'NONE',  ( -0.000000000000000000, -0.000000000000000000, -1.000000000000000000 ) ) ;
#6080 = CARTESIAN_POINT ( 'NONE',  ( -36.72708518556208190, -22.24860209777299147, 34.99999999999995026 ) ) ;
#6081 = VERTEX_POINT ( 'NONE', #2551 ) ;
#6082 = FACE_OUTER_BOUND ( 'NONE', #2262, .T. ) ;
#6083 = DIRECTION ( 'NONE',  ( 1.000000000000000000, 0.000000000000000000, 0.000000000000000000 ) ) ;
#6084 = ORIENTED_EDGE ( 'NONE', *, *, #3215, .T. ) ;
#6085 = DIRECTION ( 'NONE',  ( -5.782411586641495428E-16, -1.000000000000000000, 0.000000000000000000 ) ) ;
#6086 = VECTOR ( 'NONE', #4869, 1000.000000000000000 ) ;
#6087 = ORIENTED_EDGE ( 'NONE', *, *, #5897, .F. ) ;
#6088 = CARTESIAN_POINT ( 'NONE',  ( 0.000000000000000000, -46.86226820536257520, 2.299999999999999822 ) ) ;
#6089 = DIRECTION ( 'NONE',  ( 0.000000000000000000, -0.000000000000000000, -1.000000000000000000 ) ) ;
#6090 = EDGE_CURVE ( 'NONE', #8135, #8000, #5903, .T. ) ;
#6091 = EDGE_CURVE ( 'NONE', #6115, #535, #7972, .T. ) ;
#6092 = DIRECTION ( 'NONE',  ( -1.000000000000000000, 0.000000000000000000, 0.000000000000000000 ) ) ;
#6093 = EDGE_LOOP ( 'NONE', ( #6544, #692 ) ) ;
#6094 = AXIS2_PLACEMENT_3D ( 'NONE', #3311, #82, #1348 ) ;
#6095 = VECTOR ( 'NONE', #1559, 1000.000000000000000 ) ;
#6096 = AXIS2_PLACEMENT_3D ( 'NONE', #7216, #1035, #6596 ) ;
#6097 = CARTESIAN_POINT ( 'NONE',  ( -6.450305182678487625, 47.72452613747349659, 10.76457409362445006 ) ) ;
#6098 = EDGE_LOOP ( 'NONE', ( #8566, #6608, #303, #4260 ) ) ;
#6099 = AXIS2_PLACEMENT_3D ( 'NONE', #4506, #6566, #2982 ) ;
#6100 = DIRECTION ( 'NONE',  ( -1.000000000000000000, 0.000000000000000000, 0.000000000000000000 ) ) ;
#6101 = ORIENTED_EDGE ( 'NONE', *, *, #5693, .F. ) ;
#6102 = DIRECTION ( 'NONE',  ( -0.000000000000000000, -0.000000000000000000, -1.000000000000000000 ) ) ;
#6103 = CARTESIAN_POINT ( 'NONE',  ( 28.50000000000000000, 25.85859933425698642, 35.00000000000000000 ) ) ;
#6104 = PLANE ( 'NONE',  #4363 ) ;
#6105 = VECTOR ( 'NONE', #1932, 999.9999999999998863 ) ;
#6106 = VECTOR ( 'NONE', #460, 1000.000000000000000 ) ;
#6107 = AXIS2_PLACEMENT_3D ( 'NONE', #5223, #376, #7229 ) ;
#6108 = CARTESIAN_POINT ( 'NONE',  ( 16.50000000000000355, -29.00000000000000000, 30.99999999999999645 ) ) ;
#6109 = ORIENTED_EDGE ( 'NONE', *, *, #259, .T. ) ;
#6110 = CARTESIAN_POINT ( 'NONE',  ( 15.50000000000000000, 17.88326261765006109, 16.00000000000000000 ) ) ;
#6111 = CIRCLE ( 'NONE', #7547, 2.000000000000000444 ) ;
#6112 = ORIENTED_EDGE ( 'NONE', *, *, #4623, .T. ) ;
#6113 = DIRECTION ( 'NONE',  ( -0.4999999999999933942, 0.8660254037844425934, 0.000000000000000000 ) ) ;
#6114 = CARTESIAN_POINT ( 'NONE',  ( 4.999999999999995559, -52.11324865405187978, 0.000000000000000000 ) ) ;
#6115 = VERTEX_POINT ( 'NONE', #5331 ) ;
#6116 = CYLINDRICAL_SURFACE ( 'NONE', #5644, 3.999999999999996447 ) ;
#6117 = AXIS2_PLACEMENT_3D ( 'NONE', #4795, #1298, #5999 ) ;
#6118 = EDGE_LOOP ( 'NONE', ( #959, #1198, #3133, #6338, #4928 ) ) ;
#6119 = DIRECTION ( 'NONE',  ( -0.000000000000000000, 0.000000000000000000, -1.000000000000000000 ) ) ;
#6120 = AXIS2_PLACEMENT_3D ( 'NONE', #8278, #3343, #6078 ) ;
#6121 = EDGE_CURVE ( 'NONE', #8466, #8531, #3263, .T. ) ;
#6122 = DIRECTION ( 'NONE',  ( -1.000000000000000000, 0.000000000000000000, 0.000000000000000000 ) ) ;
#6123 = VERTEX_POINT ( 'NONE', #8061 ) ;
#6124 = ORIENTED_EDGE ( 'NONE', *, *, #1813, .T. ) ;
#6125 = LINE ( 'NONE', #3524, #6086 ) ;
#6126 = ORIENTED_EDGE ( 'NONE', *, *, #6154, .T. ) ;
#6127 = DIRECTION ( 'NONE',  ( 1.000000000000000000, 0.000000000000000000, 0.000000000000000000 ) ) ;
#6128 = DIRECTION ( 'NONE',  ( 0.4999999999999911182, -0.8660254037844438146, 0.000000000000000000 ) ) ;
#6129 = DIRECTION ( 'NONE',  ( -1.000000000000000000, 0.000000000000000000, -0.000000000000000000 ) ) ;
#6130 = EDGE_CURVE ( 'NONE', #743, #7811, #1833, .T. ) ;
#6131 = ORIENTED_EDGE ( 'NONE', *, *, #3104, .F. ) ;
#6132 = EDGE_CURVE ( 'NONE', #3741, #2815, #4935, .T. ) ;
#6133 = CARTESIAN_POINT ( 'NONE',  ( -24.40952427225795418, 34.16810406380067633, 12.50000000000000000 ) ) ;
#6134 = CARTESIAN_POINT ( 'NONE',  ( -43.51494162183654169, -0.6535537355635760992, 12.50000000000000000 ) ) ;
#6135 = CARTESIAN_POINT ( 'NONE',  ( -16.50000000000000355, -114.9999999999999289, 12.60000000000000675 ) ) ;
#6136 = ORIENTED_EDGE ( 'NONE', *, *, #5502, .F. ) ;
#6137 = CARTESIAN_POINT ( 'NONE',  ( -11.80224001808351453, 14.88326261767710967, 6.000000000000000000 ) ) ;
#6138 = CARTESIAN_POINT ( 'NONE',  ( -14.65369224550881100, 44.56293940082807836, 4.000000000000000000 ) ) ;
#6139 = DIRECTION ( 'NONE',  ( 0.000000000000000000, -0.000000000000000000, -1.000000000000000000 ) ) ;
#6140 = VERTEX_POINT ( 'NONE', #1114 ) ;
#6141 = DIRECTION ( 'NONE',  ( -0.5000000000000043299, -0.8660254037844361541, 0.000000000000000000 ) ) ;
#6142 = ADVANCED_FACE ( 'NONE', ( #3121 ), #6582, .T. ) ;
#6143 = VERTEX_POINT ( 'NONE', #7926 ) ;
#6144 = FACE_OUTER_BOUND ( 'NONE', #8268, .T. ) ;
#6145 = ORIENTED_EDGE ( 'NONE', *, *, #4599, .F. ) ;
#6146 = CARTESIAN_POINT ( 'NONE',  ( 42.95691275196078607, -2.183157863060338322, 0.000000000000000000 ) ) ;
#6147 = DIRECTION ( 'NONE',  ( 0.4999999999999947820, -0.8660254037844417052, 0.000000000000000000 ) ) ;
#6148 = CARTESIAN_POINT ( 'NONE',  ( 16.50000000000000355, -114.9999999999999289, 0.000000000000000000 ) ) ;
#6149 = CARTESIAN_POINT ( 'NONE',  ( -18.86438724951293011, -17.87152381110634991, 11.59999999999999964 ) ) ;
#6150 = ORIENTED_EDGE ( 'NONE', *, *, #4256, .F. ) ;
#6151 = CARTESIAN_POINT ( 'NONE',  ( 1.248484576876122736E-15, 50.66987298107782323, 5.000000000000000000 ) ) ;
#6152 = ADVANCED_FACE ( 'NONE', ( #4521 ), #433, .T. ) ;
#6153 = VERTEX_POINT ( 'NONE', #1903 ) ;
#6154 = EDGE_CURVE ( 'NONE', #2552, #4856, #1241, .T. ) ;
#6155 = CARTESIAN_POINT ( 'NONE',  ( 2.439025348532335435, 5.571992812967120123, 10.09999999999999964 ) ) ;
#6156 = LINE ( 'NONE', #4815, #1243 ) ;
#6157 = VERTEX_POINT ( 'NONE', #4647 ) ;
#6158 = LINE ( 'NONE', #5357, #2927 ) ;
#6159 = ORIENTED_EDGE ( 'NONE', *, *, #3502, .T. ) ;
#6160 = FACE_OUTER_BOUND ( 'NONE', #2578, .T. ) ;
#6161 = DIRECTION ( 'NONE',  ( -0.000000000000000000, 1.000000000000000000, -0.000000000000000000 ) ) ;
#6162 = ORIENTED_EDGE ( 'NONE', *, *, #2751, .T. ) ;
#6163 = VERTEX_POINT ( 'NONE', #420 ) ;
#6164 = CARTESIAN_POINT ( 'NONE',  ( -40.13139720814444189, -31.83012701892181440, 0.000000000000000000 ) ) ;
#6165 = ORIENTED_EDGE ( 'NONE', *, *, #7142, .F. ) ;
#6166 = CARTESIAN_POINT ( 'NONE',  ( 16.50000000000000355, -39.40329487089169902, 18.39999999999999503 ) ) ;
#6167 = PLANE ( 'NONE',  #5250 ) ;
#6168 = CARTESIAN_POINT ( 'NONE',  ( -33.22066620862444353, -35.82003942179198930, 0.000000000000000000 ) ) ;
#6169 = AXIS2_PLACEMENT_3D ( 'NONE', #7598, #1964, #1294 ) ;
#6170 = AXIS2_PLACEMENT_3D ( 'NONE', #7616, #7709, #7662 ) ;
#6171 = ORIENTED_EDGE ( 'NONE', *, *, #8864, .F. ) ;
#6172 = EDGE_CURVE ( 'NONE', #2126, #1425, #7371, .T. ) ;
#6173 = DIRECTION ( 'NONE',  ( 1.000000000000000000, 0.000000000000000000, 0.000000000000000000 ) ) ;
#6174 = VECTOR ( 'NONE', #2976, 1000.000000000000000 ) ;
#6175 = VERTEX_POINT ( 'NONE', #7280 ) ;
#6176 = FACE_OUTER_BOUND ( 'NONE', #7856, .T. ) ;
#6177 = ADVANCED_FACE ( 'NONE', ( #8580 ), #1771, .F. ) ;
#6178 = FACE_OUTER_BOUND ( 'NONE', #1863, .T. ) ;
#6179 = AXIS2_PLACEMENT_3D ( 'NONE', #5187, #1826, #6439 ) ;
#6180 = ORIENTED_EDGE ( 'NONE', *, *, #2878, .F. ) ;
#6181 = DIRECTION ( 'NONE',  ( -1.000000000000000000, 0.000000000000000000, 0.000000000000000000 ) ) ;
#6182 = DIRECTION ( 'NONE',  ( -0.000000000000000000, -0.000000000000000000, -1.000000000000000000 ) ) ;
#6183 = VECTOR ( 'NONE', #7939, 1000.000000000000000 ) ;
#6184 = CARTESIAN_POINT ( 'NONE',  ( 37.63139720814410794, 21.72649730810375956, 0.000000000000000000 ) ) ;
#6185 = VERTEX_POINT ( 'NONE', #3980 ) ;
#6186 = EDGE_CURVE ( 'NONE', #5700, #4648, #3878, .T. ) ;
#6187 = AXIS2_PLACEMENT_3D ( 'NONE', #6431, #2397, #4837 ) ;
#6188 = DIRECTION ( 'NONE',  ( -0.8660254037844432595, -0.4999999999999919509, 0.000000000000000000 ) ) ;
#6189 = EDGE_CURVE ( 'NONE', #3694, #7060, #7508, .T. ) ;
#6190 = VECTOR ( 'NONE', #5007, 1000.000000000000000 ) ;
#6191 = ORIENTED_EDGE ( 'NONE', *, *, #2444, .F. ) ;
#6192 = DIRECTION ( 'NONE',  ( 1.000000000000000000, 0.000000000000000000, 0.000000000000000000 ) ) ;
#6193 = VECTOR ( 'NONE', #8289, 1000.000000000000000 ) ;
#6194 = ORIENTED_EDGE ( 'NONE', *, *, #926, .F. ) ;
#6195 = CARTESIAN_POINT ( 'NONE',  ( -22.89999999999999858, -35.51030448435592035, 19.00000000000000355 ) ) ;
#6196 = CARTESIAN_POINT ( 'NONE',  ( 35.13454062992121862, -20.28493649053907788, 5.000000000000000000 ) ) ;
#6197 = DIRECTION ( 'NONE',  ( 1.000000000000000000, 0.000000000000000000, 0.000000000000000000 ) ) ;
#6198 = EDGE_CURVE ( 'NONE', #6274, #5702, #4554, .T. ) ;
#6199 = DIRECTION ( 'NONE',  ( 0.000000000000000000, 0.000000000000000000, -1.000000000000000000 ) ) ;
#6200 = EDGE_LOOP ( 'NONE', ( #2835, #4982 ) ) ;
#6201 = DIRECTION ( 'NONE',  ( 0.000000000000000000, -0.000000000000000000, -1.000000000000000000 ) ) ;
#6202 = ORIENTED_EDGE ( 'NONE', *, *, #7988, .F. ) ;
#6203 = PLANE ( 'NONE',  #1254 ) ;
#6204 = CARTESIAN_POINT ( 'NONE',  ( -23.50000000000000355, -43.45299461620749781, 0.000000000000000000 ) ) ;
#6205 = ORIENTED_EDGE ( 'NONE', *, *, #421, .F. ) ;
#6206 = DIRECTION ( 'NONE',  ( 0.8660254037844362651, 0.5000000000000041078, 0.000000000000000000 ) ) ;
#6207 = AXIS2_PLACEMENT_3D ( 'NONE', #3251, #3840, #5988 ) ;
#6208 = PLANE ( 'NONE',  #4319 ) ;
#6209 = EDGE_CURVE ( 'NONE', #7755, #558, #5930, .T. ) ;
#6210 = EDGE_CURVE ( 'NONE', #847, #7713, #5803, .T. ) ;
#6211 = LINE ( 'NONE', #4193, #2916 ) ;
#6212 = ORIENTED_EDGE ( 'NONE', *, *, #1449, .F. ) ;
#6213 = ORIENTED_EDGE ( 'NONE', *, *, #3529, .F. ) ;
#6214 = ADVANCED_FACE ( 'NONE', ( #3201 ), #8539, .F. ) ;
#6215 =( GEOMETRIC_REPRESENTATION_CONTEXT ( 3 ) GLOBAL_UNCERTAINTY_ASSIGNED_CONTEXT ( ( #1686 ) ) GLOBAL_UNIT_ASSIGNED_CONTEXT ( ( #8014, #3396, #2638 ) ) REPRESENTATION_CONTEXT ( 'NONE', 'WORKASPACE' ) );
#6216 = CIRCLE ( 'NONE', #3057, 4.099999999999999645 ) ;
#6217 = DIRECTION ( 'NONE',  ( -1.000000000000000000, 0.000000000000000000, 0.000000000000000000 ) ) ;
#6218 = VECTOR ( 'NONE', #5173, 1000.000000000000000 ) ;
#6219 = VERTEX_POINT ( 'NONE', #6658 ) ;
#6220 = LINE ( 'NONE', #7107, #3633 ) ;
#6221 = VECTOR ( 'NONE', #6254, 1000.000000000000000 ) ;
#6222 = DIRECTION ( 'NONE',  ( -0.000000000000000000, -0.000000000000000000, -1.000000000000000000 ) ) ;
#6223 = PLANE ( 'NONE',  #7621 ) ;
#6224 = ORIENTED_EDGE ( 'NONE', *, *, #7771, .T. ) ;
#6225 = AXIS2_PLACEMENT_3D ( 'NONE', #3233, #3866, #2521 ) ;
#6226 = DIRECTION ( 'NONE',  ( 0.4999999999999882871, -0.8660254037844453689, 0.000000000000000000 ) ) ;
#6227 = FACE_OUTER_BOUND ( 'NONE', #2476, .T. ) ;
#6228 = LINE ( 'NONE', #2105, #6825 ) ;
#6229 = CARTESIAN_POINT ( 'NONE',  ( -7.500000001196991839, 47.70064302455345739, 9.000000000002787104 ) ) ;
#6230 = VERTEX_POINT ( 'NONE', #5315 ) ;
#6231 = CARTESIAN_POINT ( 'NONE',  ( 37.85710825643005961, -25.42338403978074268, 23.33333333333329307 ) ) ;
#6232 = CARTESIAN_POINT ( 'NONE',  ( 47.63139720814413636, -21.72649730810374891, 0.000000000000000000 ) ) ;
#6233 = EDGE_CURVE ( 'NONE', #7003, #4020, #5136, .T. ) ;
#6234 = CARTESIAN_POINT ( 'NONE',  ( -14.68948276227593652, 21.64540010045277540, 16.49999999999999645 ) ) ;
#6235 = ORIENTED_EDGE ( 'NONE', *, *, #7241, .T. ) ;
#6236 = CARTESIAN_POINT ( 'NONE',  ( 13.59587200499385595, 17.00200250848286743, 16.00000000000000355 ) ) ;
#6237 = ORIENTED_EDGE ( 'NONE', *, *, #5966, .T. ) ;
#6238 = EDGE_CURVE ( 'NONE', #5209, #7444, #8673, .T. ) ;
#6239 = CARTESIAN_POINT ( 'NONE',  ( 38.16565829136300891, 28.93535121240287111, 10.09999999999999787 ) ) ;
#6240 = VERTEX_POINT ( 'NONE', #7867 ) ;
#6241 = CARTESIAN_POINT ( 'NONE',  ( 22.30047087742024914, -35.85644278466432411, 18.99999999999999289 ) ) ;
#6242 = CARTESIAN_POINT ( 'NONE',  ( 42.68139720814401983, -27.41339745962176622, 5.000000000000000000 ) ) ;
#6243 = EDGE_CURVE ( 'NONE', #5450, #1866, #1730, .T. ) ;
#6244 = VECTOR ( 'NONE', #3580, 1000.000000000000000 ) ;
#6245 = VECTOR ( 'NONE', #4914, 1000.000000000000000 ) ;
#6246 = EDGE_CURVE ( 'NONE', #445, #5015, #4468, .T. ) ;
#6247 = VECTOR ( 'NONE', #6505, 1000.000000000000114 ) ;
#6248 = CARTESIAN_POINT ( 'NONE',  ( -23.50000000000000355, -29.00000000000000000, 37.05107468579354446 ) ) ;
#6249 = ORIENTED_EDGE ( 'NONE', *, *, #8449, .T. ) ;
#6250 = DIRECTION ( 'NONE',  ( -0.8660254037844387076, 0.4999999999999999445, 0.000000000000000000 ) ) ;
#6251 = AXIS2_PLACEMENT_3D ( 'NONE', #6196, #43, #8255 ) ;
#6252 = ORIENTED_EDGE ( 'NONE', *, *, #8324, .F. ) ;
#6253 = CARTESIAN_POINT ( 'NONE',  ( 17.10000000000000497, -32.27417035836263892, 12.00000000000000178 ) ) ;
#6254 = DIRECTION ( 'NONE',  ( 0.000000000000000000, -1.000000000000000000, 0.000000000000000000 ) ) ;
#6255 = ORIENTED_EDGE ( 'NONE', *, *, #7001, .T. ) ;
#6256 = LINE ( 'NONE', #106, #3059 ) ;
#6257 = DIRECTION ( 'NONE',  ( -0.03052649850544824836, 0.9995339578468541708, 0.000000000000000000 ) ) ;
#6258 = VECTOR ( 'NONE', #725, 1000.000000000000114 ) ;
#6259 = FACE_BOUND ( 'NONE', #853, .T. ) ;
#6260 = ORIENTED_EDGE ( 'NONE', *, *, #8342, .T. ) ;
#6261 = CARTESIAN_POINT ( 'NONE',  ( -28.50000000000000000, 0.5237688723248732359, 30.50000000000000355 ) ) ;
#6262 = ORIENTED_EDGE ( 'NONE', *, *, #2662, .T. ) ;
#6263 = CARTESIAN_POINT ( 'NONE',  ( 9.997759981850528277, 18.38326261767710434, 0.000000000000000000 ) ) ;
#6264 = VECTOR ( 'NONE', #6895, 1000.000000000000000 ) ;
#6265 = ORIENTED_EDGE ( 'NONE', *, *, #6808, .F. ) ;
#6266 = DIRECTION ( 'NONE',  ( 0.5000000000000001110, 0.8660254037844385966, -0.000000000000000000 ) ) ;
#6267 = DIRECTION ( 'NONE',  ( 0.5000000000000029976, 0.8660254037844370423, 0.000000000000000000 ) ) ;
#6268 = VECTOR ( 'NONE', #5486, 1000.000000000000000 ) ;
#6269 = FACE_OUTER_BOUND ( 'NONE', #8517, .T. ) ;
#6270 = EDGE_LOOP ( 'NONE', ( #3352, #2361, #1323, #1976 ) ) ;
#6271 = DIRECTION ( 'NONE',  ( 0.000000000000000000, 0.000000000000000000, -1.000000000000000000 ) ) ;
#6272 = CARTESIAN_POINT ( 'NONE',  ( 39.68040182451918696, 24.10989559415164862, 23.33333333333330017 ) ) ;
#6273 = CARTESIAN_POINT ( 'NONE',  ( -9.707022081916605316, -29.10007460160269588, 12.00000000000000000 ) ) ;
#6274 = VERTEX_POINT ( 'NONE', #1818 ) ;
#6275 = CARTESIAN_POINT ( 'NONE',  ( 43.00734919661018552, -30.16969536420488041, -0.000000000000000000 ) ) ;
#6276 = DIRECTION ( 'NONE',  ( 1.334402673828313586E-16, -1.000000000000000000, 0.000000000000000000 ) ) ;
#6277 = FACE_OUTER_BOUND ( 'NONE', #3131, .T. ) ;
#6278 = ORIENTED_EDGE ( 'NONE', *, *, #3249, .T. ) ;
#6279 = DIRECTION ( 'NONE',  ( -0.5000000000000039968, -0.8660254037844363761, 0.000000000000000000 ) ) ;
#6280 = EDGE_LOOP ( 'NONE', ( #657, #2789, #1208, #8692 ) ) ;
#6281 = FACE_BOUND ( 'NONE', #3699, .T. ) ;
#6282 = ORIENTED_EDGE ( 'NONE', *, *, #1366, .F. ) ;
#6283 = DIRECTION ( 'NONE',  ( 0.000000000000000000, 0.000000000000000000, -1.000000000000000000 ) ) ;
#6284 = CARTESIAN_POINT ( 'NONE',  ( 40.96473054147731574, 15.78342607522162666, 23.33333333333333570 ) ) ;
#6285 = DIRECTION ( 'NONE',  ( -0.000000000000000000, -0.000000000000000000, -1.000000000000000000 ) ) ;
#6286 = ORIENTED_EDGE ( 'NONE', *, *, #784, .F. ) ;
#6287 = DIRECTION ( 'NONE',  ( 0.000000000000000000, 0.000000000000000000, -1.000000000000000000 ) ) ;
#6288 = ORIENTED_EDGE ( 'NONE', *, *, #4719, .T. ) ;
#6289 = EDGE_CURVE ( 'NONE', #1010, #3277, #4510, .T. ) ;
#6290 = LINE ( 'NONE', #7048, #4255 ) ;
#6291 = CARTESIAN_POINT ( 'NONE',  ( 0.000000000000000000, 0.000000000000000000, 11.00000000000000000 ) ) ;
#6292 = EDGE_LOOP ( 'NONE', ( #5772, #4972, #6369, #3038 ) ) ;
#6293 = DIRECTION ( 'NONE',  ( 0.000000000000000000, 0.000000000000000000, -1.000000000000000000 ) ) ;
#6294 = PLANE ( 'NONE',  #8505 ) ;
#6295 = DIRECTION ( 'NONE',  ( -1.334402673828313586E-16, 1.000000000000000000, 0.000000000000000000 ) ) ;
#6296 = ORIENTED_EDGE ( 'NONE', *, *, #6866, .T. ) ;
#6297 = CARTESIAN_POINT ( 'NONE',  ( -8.580561569927754206, -14.11673738234993714, 30.99999999999999645 ) ) ;
#6298 = EDGE_LOOP ( 'NONE', ( #7342, #129 ) ) ;
#6299 = FACE_OUTER_BOUND ( 'NONE', #5875, .T. ) ;
#6300 = EDGE_LOOP ( 'NONE', ( #4013, #5696, #5268, #3592 ) ) ;
#6301 = CARTESIAN_POINT ( 'NONE',  ( -40.96473054147750048, 9.470465668041729401, 23.33333333333332860 ) ) ;
#6302 = DIRECTION ( 'NONE',  ( -0.4999999999999919509, 0.8660254037844432595, 0.000000000000000000 ) ) ;
#6303 = CARTESIAN_POINT ( 'NONE',  ( 16.57421280718083167, -39.25250734773675276, 18.72717797712427767 ) ) ;
#6304 = ORIENTED_EDGE ( 'NONE', *, *, #1827, .T. ) ;
#6305 = ADVANCED_FACE ( 'NONE', ( #1862 ), #7232, .T. ) ;
#6306 = DIRECTION ( 'NONE',  ( 0.000000000000000000, 0.000000000000000000, -1.000000000000000000 ) ) ;
#6307 = CARTESIAN_POINT ( 'NONE',  ( 36.72708518556188295, 22.24860209777324016, 34.99999999999995026 ) ) ;
#6308 = CIRCLE ( 'NONE', #6599, 1.999999999999999112 ) ;
#6309 = CARTESIAN_POINT ( 'NONE',  ( -18.29764992882473251, 38.25141955269392469, 11.50000000000004974 ) ) ;
#6310 = ORIENTED_EDGE ( 'NONE', *, *, #5672, .F. ) ;
#6311 = CARTESIAN_POINT ( 'NONE',  ( -24.41503000176012250, 34.16810406380067633, 12.50000000000000000 ) ) ;
#6312 = SURFACE_STYLE_FILL_AREA ( #295 ) ;
#6313 = CIRCLE ( 'NONE', #2883, 4.999999999999997335 ) ;
#6314 = ADVANCED_FACE ( 'NONE', ( #8718 ), #2577, .F. ) ;
#6315 = CARTESIAN_POINT ( 'NONE',  ( 4.099999999999999645, -46.86226820536257520, 0.000000000000000000 ) ) ;
#6316 = EDGE_CURVE ( 'NONE', #2833, #3002, #7557, .T. ) ;
#6317 = ORIENTED_EDGE ( 'NONE', *, *, #2749, .T. ) ;
#6318 = AXIS2_PLACEMENT_3D ( 'NONE', #5440, #8166, #8752 ) ;
#6319 = CIRCLE ( 'NONE', #2023, 1.200000000051035354 ) ;
#6320 = DIRECTION ( 'NONE',  ( -0.000000000000000000, -0.000000000000000000, -1.000000000000000000 ) ) ;
#6321 = ADVANCED_FACE ( 'NONE', ( #2040 ), #7418, .F. ) ;
#6322 = VERTEX_POINT ( 'NONE', #4864 ) ;
#6323 = CARTESIAN_POINT ( 'NONE',  ( -41.70298551693151978, 4.224486752532996547, 12.50000000000000000 ) ) ;
#6324 = ORIENTED_EDGE ( 'NONE', *, *, #5192, .T. ) ;
#6325 = LINE ( 'NONE', #4174, #6335 ) ;
#6326 = CARTESIAN_POINT ( 'NONE',  ( 40.96473054147750048, -9.470465668041558871, 23.33333333333332860 ) ) ;
#6327 = VECTOR ( 'NONE', #2702, 1000.000000000000000 ) ;
#6328 = EDGE_CURVE ( 'NONE', #3843, #6140, #602, .T. ) ;
#6329 = CARTESIAN_POINT ( 'NONE',  ( 11.19775998191648192, 14.88326261767695158, 25.05096679924108116 ) ) ;
#6330 = ORIENTED_EDGE ( 'NONE', *, *, #6731, .F. ) ;
#6331 = VECTOR ( 'NONE', #8813, 1000.000000000000000 ) ;
#6332 = DIRECTION ( 'NONE',  ( -0.000000000000000000, -0.000000000000000000, -1.000000000000000000 ) ) ;
#6333 = VECTOR ( 'NONE', #2065, 1000.000000000000114 ) ;
#6334 = VERTEX_POINT ( 'NONE', #6071 ) ;
#6335 = VECTOR ( 'NONE', #944, 1000.000000000000000 ) ;
#6336 = DIRECTION ( 'NONE',  ( -0.000000000000000000, 0.000000000000000000, -1.000000000000000000 ) ) ;
#6337 = DIRECTION ( 'NONE',  ( -0.000000000000000000, 1.000000000000000000, -0.000000000000000000 ) ) ;
#6338 = ORIENTED_EDGE ( 'NONE', *, *, #3913, .F. ) ;
#6339 = CARTESIAN_POINT ( 'NONE',  ( 27.50000000000000355, -2.141400665743014464, 16.00000000000000355 ) ) ;
#6340 = DIRECTION ( 'NONE',  ( 0.000000000000000000, 0.000000000000000000, -1.000000000000000000 ) ) ;
#6341 = CARTESIAN_POINT ( 'NONE',  ( -16.50000000000000355, -114.9999999999999289, 18.40000000000000213 ) ) ;
#6342 = ADVANCED_FACE ( 'NONE', ( #2133 ), #12, .T. ) ;
#6343 = ORIENTED_EDGE ( 'NONE', *, *, #8283, .T. ) ;
#6344 = DIRECTION ( 'NONE',  ( 0.4999999999999915068, 0.8660254037844434816, -0.000000000000000000 ) ) ;
#6345 = VERTEX_POINT ( 'NONE', #6877 ) ;
#6346 = LINE ( 'NONE', #2221, #6245 ) ;
#6347 = AXIS2_PLACEMENT_3D ( 'NONE', #828, #2973, #6295 ) ;
#6348 = VERTEX_POINT ( 'NONE', #4730 ) ;
#6349 = LINE ( 'NONE', #1600, #1774 ) ;
#6350 = DIRECTION ( 'NONE',  ( 1.000000000000000000, 0.000000000000000000, 0.000000000000000000 ) ) ;
#6351 = CARTESIAN_POINT ( 'NONE',  ( 11.19775998191648192, 14.88326261767695158, 6.000000000000000000 ) ) ;
#6352 = EDGE_CURVE ( 'NONE', #2267, #8281, #6211, .T. ) ;
#6353 = B_SPLINE_CURVE_WITH_KNOTS ( 'NONE', 3,
 ( #1854, #6471, #2571, #3919 ),
 .UNSPECIFIED., .F., .F.,
 ( 4, 4 ),
 ( 0.000000000000000000, 0.006107495116546511268 ),
 .UNSPECIFIED. ) ;
#6354 = AXIS2_PLACEMENT_3D ( 'NONE', #1966, #2588, #3349 ) ;
#6355 = EDGE_CURVE ( 'NONE', #6680, #1263, #6834, .T. ) ;
#6356 = CIRCLE ( 'NONE', #2489, 1.999999999999998224 ) ;
#6357 = LINE ( 'NONE', #4967, #1327 ) ;
#6358 = DIRECTION ( 'NONE',  ( 0.000000000000000000, 1.000000000000000000, 0.000000000000000000 ) ) ;
#6359 = CARTESIAN_POINT ( 'NONE',  ( -6.045000000000004370, 18.38326261767711145, 10.09999999999999964 ) ) ;
#6360 = AXIS2_PLACEMENT_3D ( 'NONE', #3280, #3186, #6012 ) ;
#6361 = ORIENTED_EDGE ( 'NONE', *, *, #4600, .F. ) ;
#6362 = CARTESIAN_POINT ( 'NONE',  ( 11.74227870582815036, -36.10007460160268522, 12.00000000000000000 ) ) ;
#6363 = FILL_AREA_STYLE_COLOUR ( '', #2812 ) ;
#6364 = VECTOR ( 'NONE', #8840, 1000.000000000000000 ) ;
#6365 = DIRECTION ( 'NONE',  ( -0.000000000000000000, -0.000000000000000000, 1.000000000000000000 ) ) ;
#6366 = VERTEX_POINT ( 'NONE', #8805 ) ;
#6367 = AXIS2_PLACEMENT_3D ( 'NONE', #3914, #5975, #8032 ) ;
#6368 = DIRECTION ( 'NONE',  ( 0.2079697565227427714, -0.9781352566858384501, 0.000000000000000000 ) ) ;
#6369 = ORIENTED_EDGE ( 'NONE', *, *, #8854, .T. ) ;
#6370 = EDGE_CURVE ( 'NONE', #591, #5160, #8626, .T. ) ;
#6371 = DIRECTION ( 'NONE',  ( -1.000000000000000000, 0.000000000000000000, 0.000000000000000000 ) ) ;
#6372 = ORIENTED_EDGE ( 'NONE', *, *, #2904, .T. ) ;
#6373 = CARTESIAN_POINT ( 'NONE',  ( -16.94079893972197581, -38.95085082066251658, 19.00000000000000355 ) ) ;
#6374 = CARTESIAN_POINT ( 'NONE',  ( 40.96473054147757153, -19.31770896185987496, 23.33333333333333570 ) ) ;
#6375 = FACE_OUTER_BOUND ( 'NONE', #3546, .T. ) ;
#6376 = VERTEX_POINT ( 'NONE', #8137 ) ;
#6377 = LINE ( 'NONE', #7632, #4901 ) ;
#6378 = ORIENTED_EDGE ( 'NONE', *, *, #3024, .T. ) ;
#6379 = CARTESIAN_POINT ( 'NONE',  ( 41.63139720814401556, -29.23205080756911300, 4.999999999999998224 ) ) ;
#6380 = LINE ( 'NONE', #1588, #7105 ) ;
#6381 = EDGE_LOOP ( 'NONE', ( #6683, #7303 ) ) ;
#6382 = CARTESIAN_POINT ( 'NONE',  ( -11.80224001808351453, 14.88326261767710967, 25.05096679924108116 ) ) ;
#6383 = AXIS2_PLACEMENT_3D ( 'NONE', #17, #8183, #2768 ) ;
#6384 = LINE ( 'NONE', #3602, #5647 ) ;
#6385 = DIRECTION ( 'NONE',  ( -1.000000000000000000, 0.000000000000000000, -0.000000000000000000 ) ) ;
#6386 = ORIENTED_EDGE ( 'NONE', *, *, #5183, .T. ) ;
#6387 = DIRECTION ( 'NONE',  ( -0.000000000000000000, 1.000000000000000000, -0.000000000000000000 ) ) ;
#6388 = DIRECTION ( 'NONE',  ( 5.551115123125781470E-17, -1.000000000000000000, 0.000000000000000000 ) ) ;
#6389 = B_SPLINE_CURVE_WITH_KNOTS ( 'NONE', 3,
 ( #8074, #6726, #580, #8739, #6097, #4085, #8203, #7348, #672, #3317, #8834, #1930, #2602, #2788, #4675, #8119 ),
 .UNSPECIFIED., .F., .F.,
 ( 4, 2, 2, 2, 2, 2, 2, 4 ),
 ( 7.042042593394283948E-16, 0.0008184487775033252258, 0.001227673166254635798, 0.001636897555005946371, 0.002046121943757256943, 0.002455346332508567299, 0.002864570721259878088, 0.003273795110011188444 ),
 .UNSPECIFIED. ) ;
#6390 = DIRECTION ( 'NONE',  ( -0.000000000000000000, -0.000000000000000000, 1.000000000000000000 ) ) ;
#6391 = CIRCLE ( 'NONE', #1673, 1.499999999999999556 ) ;
#6392 = ORIENTED_EDGE ( 'NONE', *, *, #2367, .F. ) ;
#6393 = CARTESIAN_POINT ( 'NONE',  ( -47.63139720814412215, -1.821459649775647449E-14, 0.000000000000000000 ) ) ;
#6394 = CARTESIAN_POINT ( 'NONE',  ( -9.707022081916605316, -29.10007460160269588, 45.78333789394355335 ) ) ;
#6395 = VECTOR ( 'NONE', #6222, 1000.000000000000000 ) ;
#6396 = VECTOR ( 'NONE', #1876, 1000.000000000000000 ) ;
#6397 = DIRECTION ( 'NONE',  ( -1.000000000000000000, 0.000000000000000000, 0.000000000000000000 ) ) ;
#6398 = CIRCLE ( 'NONE', #3542, 2.400000000000000355 ) ;
#6399 = ORIENTED_EDGE ( 'NONE', *, *, #976, .F. ) ;
#6400 = CARTESIAN_POINT ( 'NONE',  ( -37.46185691933844453, -9.613715481249377248, 2.299999999999999822 ) ) ;
#6401 = EDGE_CURVE ( 'NONE', #3178, #4944, #2334, .T. ) ;
#6402 = CARTESIAN_POINT ( 'NONE',  ( -7.499999999999989342, 50.66987298107782323, 0.000000000000000000 ) ) ;
#6403 = DIRECTION ( 'NONE',  ( 0.000000000000000000, 0.000000000000000000, -1.000000000000000000 ) ) ;
#6404 = DIRECTION ( 'NONE',  ( 0.4999999999999882871, -0.8660254037844453689, 0.000000000000000000 ) ) ;
#6405 = EDGE_CURVE ( 'NONE', #6153, #5015, #562, .T. ) ;
#6406 = AXIS2_PLACEMENT_3D ( 'NONE', #7118, #4473, #929 ) ;
#6407 = CARTESIAN_POINT ( 'NONE',  ( -11.80224001811209789, -9.116737382349995755, 4.000000000000000000 ) ) ;
#6408 = ORIENTED_EDGE ( 'NONE', *, *, #4189, .F. ) ;
#6409 = CARTESIAN_POINT ( 'NONE',  ( -37.47850204284237918, -30.17486566262816439, 9.659810884864713287 ) ) ;
#6410 = ORIENTED_EDGE ( 'NONE', *, *, #2208, .F. ) ;
#6411 = FACE_BOUND ( 'NONE', #6958, .T. ) ;
#6412 = VERTEX_POINT ( 'NONE', #5493 ) ;
#6413 = CARTESIAN_POINT ( 'NONE',  ( 22.90000000000000213, -35.51030448435589193, 18.99999999999999289 ) ) ;
#6414 = CARTESIAN_POINT ( 'NONE',  ( 37.63139720814393741, 14.62354207374330883, 35.00000000000000000 ) ) ;
#6415 = DIRECTION ( 'NONE',  ( 0.000000000000000000, 0.000000000000000000, -1.000000000000000000 ) ) ;
#6416 = VERTEX_POINT ( 'NONE', #1995 ) ;
#6417 = EDGE_CURVE ( 'NONE', #5209, #950, #1906, .T. ) ;
#6418 = LINE ( 'NONE', #2965, #5468 ) ;
#6419 = VERTEX_POINT ( 'NONE', #8857 ) ;
#6420 = LINE ( 'NONE', #3006, #3094 ) ;
#6421 = DIRECTION ( 'NONE',  ( -1.069905298053678477E-14, 1.000000000000000000, 0.000000000000000000 ) ) ;
#6422 = ORIENTED_EDGE ( 'NONE', *, *, #4279, .F. ) ;
#6423 = CYLINDRICAL_SURFACE ( 'NONE', #7505, 0.8000000000000009326 ) ;
#6424 = LINE ( 'NONE', #7052, #7794 ) ;
#6425 = CARTESIAN_POINT ( 'NONE',  ( -3.749999999401533834, -6.495190527346644593, 11.00000000000000000 ) ) ;
#6426 = VERTEX_POINT ( 'NONE', #2087 ) ;
#6427 = EDGE_CURVE ( 'NONE', #3694, #262, #1419, .T. ) ;
#6428 = DIRECTION ( 'NONE',  ( -0.000000000000000000, -0.000000000000000000, -1.000000000000000000 ) ) ;
#6429 = EDGE_CURVE ( 'NONE', #5160, #7924, #60, .T. ) ;
#6430 = LINE ( 'NONE', #281, #2666 ) ;
#6431 = CARTESIAN_POINT ( 'NONE',  ( 27.50000000000000355, -2.141400665743014464, 35.00000000000000000 ) ) ;
#6432 = ORIENTED_EDGE ( 'NONE', *, *, #2975, .T. ) ;
#6433 = CARTESIAN_POINT ( 'NONE',  ( -43.80856875062647049, -23.93628870189952451, 11.66666666666666785 ) ) ;
#6434 = LINE ( 'NONE', #2359, #3809 ) ;
#6435 = ORIENTED_EDGE ( 'NONE', *, *, #5245, .T. ) ;
#6436 = PLANE ( 'NONE',  #8831 ) ;
#6437 = ORIENTED_EDGE ( 'NONE', *, *, #1081, .T. ) ;
#6438 = PLANE ( 'NONE',  #383 ) ;
#6439 = DIRECTION ( 'NONE',  ( 0.000000000000000000, -0.000000000000000000, -1.000000000000000000 ) ) ;
#6440 = CARTESIAN_POINT ( 'NONE',  ( -5.500000001196981181, -7.339214707652979591E-16, 9.000000000000000000 ) ) ;
#6441 = DIRECTION ( 'NONE',  ( 0.000000000000000000, 0.000000000000000000, -1.000000000000000000 ) ) ;
#6443 = ORIENTED_EDGE ( 'NONE', *, *, #5183, .F. ) ;
#6442 = EDGE_CURVE ( 'NONE', #6688, #808, #2719, .T. ) ;
#6444 = CARTESIAN_POINT ( 'NONE',  ( 4.099999999999999645, -46.86226820536257520, 2.299999999999999822 ) ) ;
#6445 = EDGE_CURVE ( 'NONE', #7309, #2094, #5449, .T. ) ;
#6446 = VERTEX_POINT ( 'NONE', #2808 ) ;
#6447 = DIRECTION ( 'NONE',  ( 0.000000000000000000, 0.000000000000000000, -1.000000000000000000 ) ) ;
#6448 = ORIENTED_EDGE ( 'NONE', *, *, #1483, .F. ) ;
#6449 = DIRECTION ( 'NONE',  ( -0.8259346719138377368, 0.5637658359022663657, 0.000000000000000000 ) ) ;
#6450 = CARTESIAN_POINT ( 'NONE',  ( 47.63139720814410083, 22.16060927159027472, -0.000000000000000000 ) ) ;
#6451 = AXIS2_PLACEMENT_3D ( 'NONE', #7968, #257, #5189 ) ;
#6452 = AXIS2_PLACEMENT_3D ( 'NONE', #8439, #5791, #8527 ) ;
#6453 = EDGE_CURVE ( 'NONE', #6322, #1152, #3475, .T. ) ;
#6454 = DIRECTION ( 'NONE',  ( 0.8660254037844384856, -0.5000000000000002220, 0.000000000000000000 ) ) ;
#6455 = ORIENTED_EDGE ( 'NONE', *, *, #1971, .T. ) ;
#6456 = EDGE_CURVE ( 'NONE', #1551, #6006, #468, .T. ) ;
#6457 = DIRECTION ( 'NONE',  ( -0.000000000000000000, -0.000000000000000000, 1.000000000000000000 ) ) ;
#6458 = EDGE_LOOP ( 'NONE', ( #5488, #8636 ) ) ;
#6459 = CARTESIAN_POINT ( 'NONE',  ( 4.188393289193725444, 48.73282821241448204, 11.66666666666666607 ) ) ;
#6460 = VECTOR ( 'NONE', #1153, 1000.000000000000000 ) ;
#6461 = DIRECTION ( 'NONE',  ( -1.000000000000000000, 0.000000000000000000, -0.000000000000000000 ) ) ;
#6462 = ADVANCED_FACE ( 'NONE', ( #7013 ), #7820, .F. ) ;
#6463 = ORIENTED_EDGE ( 'NONE', *, *, #6624, .F. ) ;
#6464 = CARTESIAN_POINT ( 'NONE',  ( -6.045000000000004370, 34.23634711715671131, 11.59999999999999964 ) ) ;
#6465 = CARTESIAN_POINT ( 'NONE',  ( 4.500000000000021316, 50.66987298107784454, 5.799999999999998046 ) ) ;
#6466 = AXIS2_PLACEMENT_3D ( 'NONE', #3795, #6621, #6530 ) ;
#6467 = FACE_OUTER_BOUND ( 'NONE', #2433, .T. ) ;
#6468 = ORIENTED_EDGE ( 'NONE', *, *, #3913, .T. ) ;
#6469 = AXIS2_PLACEMENT_3D ( 'NONE', #7004, #4367, #854 ) ;
#6470 = DIRECTION ( 'NONE',  ( -0.000000000000000000, 1.000000000000000000, -0.000000000000000000 ) ) ;
#6471 = CARTESIAN_POINT ( 'NONE',  ( -16.50000000000000000, -40.67896403710111031, 14.53333333333333677 ) ) ;
#6472 = CARTESIAN_POINT ( 'NONE',  ( 17.10000000000000497, -41.16833712241425758, 12.00000000000000178 ) ) ;
#6473 = AXIS2_PLACEMENT_3D ( 'NONE', #5188, #5143, #8009 ) ;
#6474 = VERTEX_POINT ( 'NONE', #2298 ) ;
#6475 = FACE_OUTER_BOUND ( 'NONE', #5576, .T. ) ;
#6476 = CARTESIAN_POINT ( 'NONE',  ( 18.86438724951293366, -17.87152381110634281, 18.09999999999999787 ) ) ;
#6477 = AXIS2_PLACEMENT_3D ( 'NONE', #4620, #1260, #706 ) ;
#6478 = ADVANCED_FACE ( 'NONE', ( #3012 ), #7643, .F. ) ;
#6479 = EDGE_CURVE ( 'NONE', #3520, #7916, #4286, .T. ) ;
#6480 = VERTEX_POINT ( 'NONE', #2261 ) ;
#6481 = DIRECTION ( 'NONE',  ( -1.000000000000000000, 0.000000000000000000, 0.000000000000000000 ) ) ;
#6482 = VERTEX_POINT ( 'NONE', #8401 ) ;
#6483 = LINE ( 'NONE', #2908, #968 ) ;
#6484 = LINE ( 'NONE', #5232, #4608 ) ;
#6485 = DIRECTION ( 'NONE',  ( -0.000000000000000000, -0.000000000000000000, -1.000000000000000000 ) ) ;
#6486 = VECTOR ( 'NONE', #1374, 1000.000000000000114 ) ;
#6487 = CARTESIAN_POINT ( 'NONE',  ( -17.49999999999999645, -4.506203797966179536, 30.99999999999999645 ) ) ;
#6488 = VERTEX_POINT ( 'NONE', #5667 ) ;
#6489 = ADVANCED_FACE ( 'NONE', ( #1682 ), #4998, .T. ) ;
#6490 = CARTESIAN_POINT ( 'NONE',  ( -16.81362361179929721, -41.31146493217546833, 12.06732556200684314 ) ) ;
#6491 = CIRCLE ( 'NONE', #1499, 2.499999999999998668 ) ;
#6492 = ORIENTED_EDGE ( 'NONE', *, *, #7437, .T. ) ;
#6493 = CARTESIAN_POINT ( 'NONE',  ( -45.02247109846422291, -17.33348177181773764, 9.131241383851129712 ) ) ;
#6494 = VECTOR ( 'NONE', #7701, 1000.000000000000000 ) ;
#6495 = EDGE_LOOP ( 'NONE', ( #8348, #6798, #6727, #5657 ) ) ;
#6496 = DIRECTION ( 'NONE',  ( -0.000000000000000000, -0.000000000000000000, -1.000000000000000000 ) ) ;
#6497 = CARTESIAN_POINT ( 'NONE',  ( 40.94585055683328534, -20.07352544399522287, 23.33333333333333215 ) ) ;
#6498 = EDGE_CURVE ( 'NONE', #6175, #1882, #863, .T. ) ;
#6499 = VECTOR ( 'NONE', #393, 1000.000000000000000 ) ;
#6500 = CARTESIAN_POINT ( 'NONE',  ( 32.11917989942260476, -2.742840745465485064, 50.07496987852774595 ) ) ;
#6501 = ORIENTED_EDGE ( 'NONE', *, *, #2947, .T. ) ;
#6502 = LINE ( 'NONE', #3768, #5042 ) ;
#6503 = EDGE_LOOP ( 'NONE', ( #8219, #4849, #1872, #2162 ) ) ;
#6504 = DIRECTION ( 'NONE',  ( -0.000000000000000000, -0.000000000000000000, 1.000000000000000000 ) ) ;
#6505 = DIRECTION ( 'NONE',  ( 0.8660254037844363761, -0.5000000000000038858, -0.000000000000000000 ) ) ;
#6506 = ORIENTED_EDGE ( 'NONE', *, *, #8404, .T. ) ;
#6507 = CARTESIAN_POINT ( 'NONE',  ( 1.182579951851792321, 50.10680887716913645, 10.99999999999999645 ) ) ;
#6508 = EDGE_CURVE ( 'NONE', #377, #4307, #7774, .T. ) ;
#6509 = EDGE_CURVE ( 'NONE', #5560, #1357, #3519, .T. ) ;
#6510 = CYLINDRICAL_SURFACE ( 'NONE', #4787, 1.499999999999999778 ) ;
#6511 = CARTESIAN_POINT ( 'NONE',  ( -37.55996863551823139, -30.34551204169638794, 9.000000000002787104 ) ) ;
#6513 = VERTEX_POINT ( 'NONE', #4953 ) ;
#6512 = ADVANCED_FACE ( 'NONE', ( #6259, #109, #193, #2935 ), #8441, .F. ) ;
#6514 = CARTESIAN_POINT ( 'NONE',  ( 3.190431509224704383E-13, -43.45299461620748360, 35.00000000000000000 ) ) ;
#6515 = DIRECTION ( 'NONE',  ( 0.000000000000000000, 0.000000000000000000, -1.000000000000000000 ) ) ;
#6516 = CIRCLE ( 'NONE', #6539, 1.000000000018832935 ) ;
#6517 = LINE ( 'NONE', #7996, #4965 ) ;
#6518 = EDGE_LOOP ( 'NONE', ( #5888, #3905, #6024, #3907 ) ) ;
#6519 = CARTESIAN_POINT ( 'NONE',  ( -40.59087060554332282, 23.03496158587197229, 23.33333333333333215 ) ) ;
#6520 = CARTESIAN_POINT ( 'NONE',  ( 16.58031750166577822, -41.37298168193947134, 12.28914851655195406 ) ) ;
#6521 = ORIENTED_EDGE ( 'NONE', *, *, #6417, .F. ) ;
#6522 = DIRECTION ( 'NONE',  ( 0.000000000000000000, 0.000000000000000000, -1.000000000000000000 ) ) ;
#6523 = ORIENTED_EDGE ( 'NONE', *, *, #4509, .T. ) ;
#6524 = AXIS2_PLACEMENT_3D ( 'NONE', #4347, #7121, #1612 ) ;
#6525 = AXIS2_PLACEMENT_3D ( 'NONE', #8534, #4462, #3871 ) ;
#6526 = AXIS2_PLACEMENT_3D ( 'NONE', #4573, #8694, #3088 ) ;
#6527 = DIRECTION ( 'NONE',  ( -0.5637658359022663657, -0.8259346719138377368, 0.000000000000000000 ) ) ;
#6528 = ORIENTED_EDGE ( 'NONE', *, *, #6889, .T. ) ;
#6529 = CARTESIAN_POINT ( 'NONE',  ( -37.21199197462393471, 25.81764282717361780, 23.33333333333333570 ) ) ;
#6530 = DIRECTION ( 'NONE',  ( -0.8660254037844433705, -0.4999999999999918954, 0.000000000000000000 ) ) ;
#6531 = AXIS2_PLACEMENT_3D ( 'NONE', #6323, #8339, #5695 ) ;
#6532 = AXIS2_PLACEMENT_3D ( 'NONE', #5933, #3286, #8089 ) ;
#6533 = CARTESIAN_POINT ( 'NONE',  ( -3.841906313806151996, -52.71647217022246679, 0.000000000000000000 ) ) ;
#6534 = AXIS2_PLACEMENT_3D ( 'NONE', #3936, #1290, #6128 ) ;
#6535 = DIRECTION ( 'NONE',  ( -1.000000000000000000, 0.000000000000000000, 0.000000000000000000 ) ) ;
#6536 = ORIENTED_EDGE ( 'NONE', *, *, #3805, .T. ) ;
#6537 = AXIS2_PLACEMENT_3D ( 'NONE', #4258, #4838, #28 ) ;
#6538 = CARTESIAN_POINT ( 'NONE',  ( -2.439025348532253279, 5.571992812967145881, 0.000000000000000000 ) ) ;
#6539 = AXIS2_PLACEMENT_3D ( 'NONE', #5011, #927, #6481 ) ;
#6540 = CARTESIAN_POINT ( 'NONE',  ( -9.859227261804676345, 33.37949395435406075, 4.000000000000000000 ) ) ;
#6541 = VERTEX_POINT ( 'NONE', #8355 ) ;
#6542 = AXIS2_PLACEMENT_3D ( 'NONE', #2056, #6674, #8872 ) ;
#6543 = DIRECTION ( 'NONE',  ( 1.000000000000000000, 0.000000000000000000, -0.000000000000000000 ) ) ;
#6544 = ORIENTED_EDGE ( 'NONE', *, *, #3852, .T. ) ;
#6545 = CARTESIAN_POINT ( 'NONE',  ( 44.59506929511480422, -18.04497856357857799, 10.62714769560275130 ) ) ;
#6546 = CARTESIAN_POINT ( 'NONE',  ( 0.000000000000000000, 18.24084142499060590, 16.00000000000000355 ) ) ;
#6547 = VECTOR ( 'NONE', #7464, 1000.000000000000114 ) ;
#6548 = DIRECTION ( 'NONE',  ( 0.000000000000000000, 0.000000000000000000, -1.000000000000000000 ) ) ;
#6549 = VERTEX_POINT ( 'NONE', #4238 ) ;
#6550 = DIRECTION ( 'NONE',  ( -1.000000000000000000, 1.334402673828313586E-16, 0.000000000000000000 ) ) ;
#6551 = ORIENTED_EDGE ( 'NONE', *, *, #1473, .T. ) ;
#6552 = CARTESIAN_POINT ( 'NONE',  ( 3.752738566853528024, 45.13535178903382672, 23.33333333333333215 ) ) ;
#6553 = CARTESIAN_POINT ( 'NONE',  ( -41.56185691933844595, -9.613715481249377248, 2.299999999999999822 ) ) ;
#6554 = ORIENTED_EDGE ( 'NONE', *, *, #2868, .T. ) ;
#6555 = DIRECTION ( 'NONE',  ( 0.000000000000000000, -0.000000000000000000, -1.000000000000000000 ) ) ;
#6556 = LINE ( 'NONE', #3098, #6074 ) ;
#6557 = PLANE ( 'NONE',  #8779 ) ;
#6558 = VERTEX_POINT ( 'NONE', #7053 ) ;
#6559 = DIRECTION ( 'NONE',  ( -1.000000000000000000, 0.000000000000000000, 0.000000000000000000 ) ) ;
#6560 = ADVANCED_FACE ( 'NONE', ( #5583 ), #278, .F. ) ;
#6561 = ADVANCED_FACE ( 'NONE', ( #2892 ), #911, .T. ) ;
#6562 = CARTESIAN_POINT ( 'NONE',  ( 15.49999999999999645, 0.000000000000000000, 10.09999999999999964 ) ) ;
#6563 = PLANE ( 'NONE',  #3813 ) ;
#6564 = ORIENTED_EDGE ( 'NONE', *, *, #3222, .T. ) ;
#6565 = LINE ( 'NONE', #416, #3927 ) ;
#6566 = DIRECTION ( 'NONE',  ( -0.000000000000000000, -0.000000000000000000, -1.000000000000000000 ) ) ;
#6567 = ORIENTED_EDGE ( 'NONE', *, *, #6982, .F. ) ;
#6568 = CARTESIAN_POINT ( 'NONE',  ( 4.188393289193837354, -48.73282821241446072, 11.66666666666666785 ) ) ;
#6569 = CARTESIAN_POINT ( 'NONE',  ( -10.58056156992775421, -14.11673738234993714, 30.99999999999999645 ) ) ;
#6570 = ORIENTED_EDGE ( 'NONE', *, *, #5265, .F. ) ;
#6571 = ADVANCED_FACE ( 'NONE', ( #1635 ), #2346, .F. ) ;
#6572 = CARTESIAN_POINT ( 'NONE',  ( 17.49999999999999645, -7.259372140063334200, 10.09999999999999964 ) ) ;
#6573 = EDGE_LOOP ( 'NONE', ( #2520, #5106, #1615, #4577, #3090, #7895 ) ) ;
#6574 = CARTESIAN_POINT ( 'NONE',  ( -4.624048011533950842, 52.33030463579513736, 0.000000000000000000 ) ) ;
#6575 = DIRECTION ( 'NONE',  ( 0.000000000000000000, 0.000000000000000000, -1.000000000000000000 ) ) ;
#6576 = LINE ( 'NONE', #7245, #8191 ) ;
#6577 = EDGE_CURVE ( 'NONE', #1656, #6931, #147, .T. ) ;
#6578 = VERTEX_POINT ( 'NONE', #1555 ) ;
#6579 = DIRECTION ( 'NONE',  ( -0.000000000000000000, -0.000000000000000000, -1.000000000000000000 ) ) ;
#6580 = ORIENTED_EDGE ( 'NONE', *, *, #4764, .F. ) ;
#6581 = LINE ( 'NONE', #1155, #1912 ) ;
#6582 = CYLINDRICAL_SURFACE ( 'NONE', #6936, 3.200000000017535928 ) ;
#6583 = ORIENTED_EDGE ( 'NONE', *, *, #1669, .T. ) ;
#6584 = CARTESIAN_POINT ( 'NONE',  ( -32.87563524774171242, 23.51390591497679239, 12.50000000000000000 ) ) ;
#6585 = VERTEX_POINT ( 'NONE', #7220 ) ;
#6586 = CARTESIAN_POINT ( 'NONE',  ( -26.87177073194041554, 25.85859933425698642, 13.11186956645973289 ) ) ;
#6587 = DIRECTION ( 'NONE',  ( -1.000000000000000000, 0.000000000000000000, 0.000000000000000000 ) ) ;
#6588 = EDGE_CURVE ( 'NONE', #7928, #802, #7859, .T. ) ;
#6589 = EDGE_CURVE ( 'NONE', #1443, #8223, #8033, .T. ) ;
#6590 = EDGE_CURVE ( 'NONE', #2925, #4732, #325, .T. ) ;
#6591 = DIRECTION ( 'NONE',  ( -0.9301943552706558593, -0.3670673799489801437, -0.000000000000000000 ) ) ;
#6592 = ORIENTED_EDGE ( 'NONE', *, *, #1923, .F. ) ;
#6593 = DIRECTION ( 'NONE',  ( 0.000000000000000000, 1.000000000000000000, 0.000000000000000000 ) ) ;
#6594 = VERTEX_POINT ( 'NONE', #3188 ) ;
#6595 = CARTESIAN_POINT ( 'NONE',  ( 33.22066620862441511, 35.82003942179195377, 0.000000000000000000 ) ) ;
#6596 = DIRECTION ( 'NONE',  ( -1.000000000000000000, 0.000000000000000000, 0.000000000000000000 ) ) ;
#6597 = ORIENTED_EDGE ( 'NONE', *, *, #5664, .T. ) ;
#6598 = CARTESIAN_POINT ( 'NONE',  ( 42.95691275196078607, -2.183157863060338322, 6.208745539402324987 ) ) ;
#6599 = AXIS2_PLACEMENT_3D ( 'NONE', #5601, #8419, #7712 ) ;
#6600 = LINE ( 'NONE', #7358, #7357 ) ;
#6601 = EDGE_CURVE ( 'NONE', #7129, #262, #5347, .T. ) ;
#6602 = LINE ( 'NONE', #455, #7198 ) ;
#6603 = ORIENTED_EDGE ( 'NONE', *, *, #976, .T. ) ;
#6604 = DIRECTION ( 'NONE',  ( -1.000000000000000000, 0.000000000000000000, 0.000000000000000000 ) ) ;
#6605 = VECTOR ( 'NONE', #8729, 1000.000000000000000 ) ;
#6606 = LINE ( 'NONE', #7312, #1234 ) ;
#6607 = FACE_BOUND ( 'NONE', #4804, .T. ) ;
#6608 = ORIENTED_EDGE ( 'NONE', *, *, #3951, .F. ) ;
#6609 = CARTESIAN_POINT ( 'NONE',  ( 7.997759981897648807, 14.88326261767695158, 4.000000000000000000 ) ) ;
#6610 = DIRECTION ( 'NONE',  ( 0.000000000000000000, 0.000000000000000000, -1.000000000000000000 ) ) ;
#6611 = ORIENTED_EDGE ( 'NONE', *, *, #6130, .F. ) ;
#6612 = CARTESIAN_POINT ( 'NONE',  ( 11.09294674498499589, -36.10007460160269233, 12.00000000000000000 ) ) ;
#6613 = VECTOR ( 'NONE', #353, 1000.000000000000000 ) ;
#6614 = CARTESIAN_POINT ( 'NONE',  ( 38.16565829136300891, 28.93535121240287111, 50.07496987852774595 ) ) ;
#6615 = VERTEX_POINT ( 'NONE', #4453 ) ;
#6616 = AXIS2_PLACEMENT_3D ( 'NONE', #5677, #7604, #6935 ) ;
#6617 = DIRECTION ( 'NONE',  ( -1.000000000000000000, -3.302713943571648764E-16, 0.000000000000000000 ) ) ;
#6618 = VECTOR ( 'NONE', #2836, 1000.000000000000000 ) ;
#6619 = ORIENTED_EDGE ( 'NONE', *, *, #2455, .T. ) ;
#6620 = CARTESIAN_POINT ( 'NONE',  ( -35.82373386563177320, 22.77015222550740603, 35.00000000000002842 ) ) ;
#6621 = DIRECTION ( 'NONE',  ( -0.4999999999999918954, 0.8660254037844433705, 0.000000000000000000 ) ) ;
#6622 = EDGE_CURVE ( 'NONE', #118, #1004, #1760, .T. ) ;
#6623 = DIRECTION ( 'NONE',  ( 0.8660254037844362651, -0.5000000000000041078, -0.000000000000000000 ) ) ;
#6624 = EDGE_CURVE ( 'NONE', #5277, #1929, #2567, .T. ) ;
#6625 = ORIENTED_EDGE ( 'NONE', *, *, #1423, .T. ) ;
#6626 = DIRECTION ( 'NONE',  ( -0.8660254037844385966, 0.5000000000000003331, 0.000000000000000000 ) ) ;
#6627 = ORIENTED_EDGE ( 'NONE', *, *, #2493, .F. ) ;
#6628 = DIRECTION ( 'NONE',  ( -1.000000000000000000, -2.312964634635743450E-15, 0.000000000000000000 ) ) ;
#6629 = DIRECTION ( 'NONE',  ( -1.000000000000000000, 0.000000000000000000, 0.000000000000000000 ) ) ;
#6630 = ORIENTED_EDGE ( 'NONE', *, *, #4197, .F. ) ;
#6631 = DIRECTION ( 'NONE',  ( -0.000000000000000000, -0.000000000000000000, 1.000000000000000000 ) ) ;
#6632 = ORIENTED_EDGE ( 'NONE', *, *, #7356, .T. ) ;
#6633 = CARTESIAN_POINT ( 'NONE',  ( 45.02234299252602767, -17.33340780705628248, 9.131689754663435465 ) ) ;
#6634 = CARTESIAN_POINT ( 'NONE',  ( 37.63139720814433531, -21.72649730810337587, 35.00000000000000000 ) ) ;
#6635 = ADVANCED_FACE ( 'NONE', ( #8613 ), #7144, .F. ) ;
#6636 = CARTESIAN_POINT ( 'NONE',  ( -24.50261221182715232, -8.105831711875108425, 11.59999999999999964 ) ) ;
#6637 = EDGE_LOOP ( 'NONE', ( #913, #2144, #1548, #2013 ) ) ;
#6638 = CIRCLE ( 'NONE', #197, 1.999999999999998224 ) ;
#6639 = CARTESIAN_POINT ( 'NONE',  ( 10.56760724610477453, 37.94555364585769297, 2.299999999999999822 ) ) ;
#6640 = ORIENTED_EDGE ( 'NONE', *, *, #1151, .T. ) ;
#6641 = VECTOR ( 'NONE', #3514, 1000.000000000000000 ) ;
#6642 = CARTESIAN_POINT ( 'NONE',  ( 3.317083844513329716, 41.53787536565317851, 34.99999999999999289 ) ) ;
#6643 = DIRECTION ( 'NONE',  ( 0.000000000000000000, 0.000000000000000000, 1.000000000000000000 ) ) ;
#6644 = ORIENTED_EDGE ( 'NONE', *, *, #204, .T. ) ;
#6645 = DIRECTION ( 'NONE',  ( -0.8660254037844362651, 0.5000000000000041078, 0.000000000000000000 ) ) ;
#6646 = VECTOR ( 'NONE', #1256, 1000.000000000000000 ) ;
#6647 = CARTESIAN_POINT ( 'NONE',  ( 27.50000000000000355, -2.141400665743014464, 16.00000000000000355 ) ) ;
#6648 = VECTOR ( 'NONE', #5210, 1000.000000000000227 ) ;
#6649 = CARTESIAN_POINT ( 'NONE',  ( 0.000000000000000000, -32.27417035836263892, -70.99999999999992895 ) ) ;
#6650 = ORIENTED_EDGE ( 'NONE', *, *, #3716, .T. ) ;
#6651 = PLANE ( 'NONE',  #4036 ) ;
#6652 = CARTESIAN_POINT ( 'NONE',  ( 17.72356672685348045, -33.85622107339584375, 22.08601764442490989 ) ) ;
#6653 = DIRECTION ( 'NONE',  ( 0.000000000000000000, -1.000000000000000000, 0.000000000000000000 ) ) ;
#6654 = ORIENTED_EDGE ( 'NONE', *, *, #492, .F. ) ;
#6655 = FACE_OUTER_BOUND ( 'NONE', #3358, .T. ) ;
#6656 = VERTEX_POINT ( 'NONE', #8659 ) ;
#6657 = CARTESIAN_POINT ( 'NONE',  ( 3.190431509224704383E-13, -43.45299461620748360, 35.00000000000000000 ) ) ;
#6658 = CARTESIAN_POINT ( 'NONE',  ( 17.56534914383629697, -17.12152381110634991, 10.09999999999999964 ) ) ;
#6659 = VERTEX_POINT ( 'NONE', #320 ) ;
#6660 = DIRECTION ( 'NONE',  ( -1.000000000000000000, 0.000000000000000000, 0.000000000000000000 ) ) ;
#6661 = VERTEX_POINT ( 'NONE', #502 ) ;
#6662 = CARTESIAN_POINT ( 'NONE',  ( -7.475694986786521667, 46.83490369240176676, 11.66666666666666785 ) ) ;
#6663 = CARTESIAN_POINT ( 'NONE',  ( 31.37300823056312638, -11.13304999270155804, 18.09999999999999787 ) ) ;
#6664 = LINE ( 'NONE', #8680, #8525 ) ;
#6665 = AXIS2_PLACEMENT_3D ( 'NONE', #8245, #8115, #2110 ) ;
#6666 = ORIENTED_EDGE ( 'NONE', *, *, #6704, .T. ) ;
#6667 = CARTESIAN_POINT ( 'NONE',  ( 6.044999999999995488, 49.66987298107782323, 10.09999999999999964 ) ) ;
#6668 = AXIS2_PLACEMENT_3D ( 'NONE', #1622, #7131, #2876 ) ;
#6669 = ORIENTED_EDGE ( 'NONE', *, *, #336, .F. ) ;
#6670 = DIRECTION ( 'NONE',  ( -1.000000000000000000, 0.000000000000000000, 0.000000000000000000 ) ) ;
#6671 = EDGE_CURVE ( 'NONE', #5586, #1176, #3777, .T. ) ;
#6672 = DIRECTION ( 'NONE',  ( 0.000000000000000000, 1.000000000000000000, 0.000000000000000000 ) ) ;
#6673 = ORIENTED_EDGE ( 'NONE', *, *, #6671, .T. ) ;
#6674 = DIRECTION ( 'NONE',  ( -0.8660254037844434816, -0.4999999999999920064, 0.000000000000000000 ) ) ;
#6675 = ORIENTED_EDGE ( 'NONE', *, *, #6844, .F. ) ;
#6676 = DIRECTION ( 'NONE',  ( 1.000000000000000000, 0.000000000000000000, 0.000000000000000000 ) ) ;
#6677 = DIRECTION ( 'NONE',  ( -1.000000000000000000, 0.000000000000000000, 0.000000000000000000 ) ) ;
#6678 = ADVANCED_FACE ( 'NONE', ( #5792 ), #6557, .T. ) ;
#6679 = CYLINDRICAL_SURFACE ( 'NONE', #624, 1.999999999999998224 ) ;
#6680 = VERTEX_POINT ( 'NONE', #6511 ) ;
#6681 = VECTOR ( 'NONE', #6302, 1000.000000000000000 ) ;
#6682 = DIRECTION ( 'NONE',  ( 1.000000000000000000, 0.000000000000000000, 0.000000000000000000 ) ) ;
#6683 = ORIENTED_EDGE ( 'NONE', *, *, #8367, .F. ) ;
#6684 = VECTOR ( 'NONE', #3806, 1000.000000000000000 ) ;
#6685 = CARTESIAN_POINT ( 'NONE',  ( 46.07348509163539063, 27.10437217193524262, -0.000000000000000000 ) ) ;
#6686 = AXIS2_PLACEMENT_3D ( 'NONE', #6379, #3692, #8307 ) ;
#6687 = CARTESIAN_POINT ( 'NONE',  ( 11.19775998191648192, 14.88326261767695158, 25.05096679924108116 ) ) ;
#6688 = VERTEX_POINT ( 'NONE', #2475 ) ;
#6689 = DIRECTION ( 'NONE',  ( -0.000000000000000000, -0.000000000000000000, 1.000000000000000000 ) ) ;
#6690 = DIRECTION ( 'NONE',  ( 0.8660254037844361541, -0.5000000000000043299, 0.000000000000000000 ) ) ;
#6691 = EDGE_CURVE ( 'NONE', #4741, #7997, #996, .T. ) ;
#6692 = DIRECTION ( 'NONE',  ( -0.000000000000000000, -0.000000000000000000, -1.000000000000000000 ) ) ;
#6693 = EDGE_CURVE ( 'NONE', #6480, #6878, #402, .T. ) ;
#6694 = ORIENTED_EDGE ( 'NONE', *, *, #5125, .T. ) ;
#6695 = DIRECTION ( 'NONE',  ( 1.000000000000000000, 0.000000000000000000, 0.000000000000000000 ) ) ;
#6696 = DIRECTION ( 'NONE',  ( 0.000000000000000000, 0.000000000000000000, -1.000000000000000000 ) ) ;
#6697 = CARTESIAN_POINT ( 'NONE',  ( -47.63139720814429978, -18.83974596215520236, 11.00000000000000000 ) ) ;
#6698 = ORIENTED_EDGE ( 'NONE', *, *, #816, .T. ) ;
#6699 = CARTESIAN_POINT ( 'NONE',  ( -46.29165124598853254, 26.72649730810373825, 0.000000000000000000 ) ) ;
#6700 = ORIENTED_EDGE ( 'NONE', *, *, #2466, .T. ) ;
#6701 = CARTESIAN_POINT ( 'NONE',  ( 1.174850287149959094, -49.90747779242938265, 11.66666666666665364 ) ) ;
#6702 = ADVANCED_FACE ( 'NONE', ( #6467 ), #365, .F. ) ;
#6703 = DIRECTION ( 'NONE',  ( 1.000000000000000000, -0.000000000000000000, -0.000000000000000000 ) ) ;
#6704 = EDGE_CURVE ( 'NONE', #5735, #2403, #2428, .T. ) ;
#6705 = ORIENTED_EDGE ( 'NONE', *, *, #5162, .F. ) ;
#6706 = EDGE_CURVE ( 'NONE', #4109, #2088, #4774, .T. ) ;
#6707 = DIRECTION ( 'NONE',  ( -0.000000000000000000, -0.000000000000000000, -1.000000000000000000 ) ) ;
#6708 = ORIENTED_EDGE ( 'NONE', *, *, #6896, .F. ) ;
#6709 = CARTESIAN_POINT ( 'NONE',  ( -37.32970327118560760, 21.90068038381954096, 35.00000000000000000 ) ) ;
#6710 = FACE_BOUND ( 'NONE', #1885, .T. ) ;
#6711 = LINE ( 'NONE', #8727, #4618 ) ;
#6712 = EDGE_CURVE ( 'NONE', #6062, #8554, #6057, .T. ) ;
#6713 = ORIENTED_EDGE ( 'NONE', *, *, #8450, .T. ) ;
#6714 = DIRECTION ( 'NONE',  ( 1.000000000000000000, 0.000000000000000000, 0.000000000000000000 ) ) ;
#6715 = DIRECTION ( 'NONE',  ( 0.02653932133217758171, -0.9996477701786902204, -0.000000000000000000 ) ) ;
#6716 = CARTESIAN_POINT ( 'NONE',  ( -17.10000000000000497, -114.9999999999999289, 19.00000000000000355 ) ) ;
#6717 = CARTESIAN_POINT ( 'NONE',  ( 12.94227870587920037, -36.10007460160268522, 27.31370849898443609 ) ) ;
#6718 = FACE_OUTER_BOUND ( 'NONE', #7162, .T. ) ;
#6719 = ORIENTED_EDGE ( 'NONE', *, *, #4265, .T. ) ;
#6720 = LINE ( 'NONE', #576, #2614 ) ;
#6721 = CARTESIAN_POINT ( 'NONE',  ( 9.640366921179685633, -8.091954300746134976, 30.99999999999999645 ) ) ;
#6722 = EDGE_CURVE ( 'NONE', #2889, #4057, #6602, .T. ) ;
#6723 = CARTESIAN_POINT ( 'NONE',  ( -19.71436924320452988, 35.37879050691519467, 16.49999999999999289 ) ) ;
#6724 = EDGE_CURVE ( 'NONE', #4378, #3165, #3340, .T. ) ;
#6725 = ORIENTED_EDGE ( 'NONE', *, *, #8755, .F. ) ;
#6726 = CARTESIAN_POINT ( 'NONE',  ( -5.739263358888032407, 48.05737591988125246, 11.00000000000000000 ) ) ;
#6727 = ORIENTED_EDGE ( 'NONE', *, *, #3783, .T. ) ;
#6728 = DIRECTION ( 'NONE',  ( -0.000000000000000000, 1.000000000000000000, 0.000000000000000000 ) ) ;
#6729 = VERTEX_POINT ( 'NONE', #7492 ) ;
#6730 = CARTESIAN_POINT ( 'NONE',  ( 17.60072470878810336, -26.92935667042205949, 45.78333789394355335 ) ) ;
#6731 = EDGE_CURVE ( 'NONE', #644, #3428, #2750, .T. ) ;
#6732 = DIRECTION ( 'NONE',  ( 0.000000000000000000, 0.000000000000000000, -1.000000000000000000 ) ) ;
#6733 = ADVANCED_FACE ( 'NONE', ( #2611 ), #635, .F. ) ;
#6734 = CARTESIAN_POINT ( 'NONE',  ( -23.50000000000000355, -35.36184298656430514, 18.40000000000000213 ) ) ;
#6735 = EDGE_LOOP ( 'NONE', ( #936, #5167, #1831, #4822 ) ) ;
#6736 = DIRECTION ( 'NONE',  ( 0.8660254037844431485, 0.4999999999999920064, 0.000000000000000000 ) ) ;
#6737 = VERTEX_POINT ( 'NONE', #5482 ) ;
#6738 = CARTESIAN_POINT ( 'NONE',  ( -11.70702208191660887, -29.10007460160269588, 45.78333789394355335 ) ) ;
#6739 = DIRECTION ( 'NONE',  ( 0.8660254037844364872, -0.5000000000000039968, -0.000000000000000000 ) ) ;
#6740 = ORIENTED_EDGE ( 'NONE', *, *, #3337, .T. ) ;
#6741 = DIRECTION ( 'NONE',  ( -0.8660254037844363761, 0.5000000000000039968, 0.000000000000000000 ) ) ;
#6742 = ORIENTED_EDGE ( 'NONE', *, *, #2220, .T. ) ;
#6743 = CARTESIAN_POINT ( 'NONE',  ( 11.19775998191648192, 14.88326261767695158, 16.00000000000000355 ) ) ;
#6744 = VECTOR ( 'NONE', #1641, 1000.000000000000000 ) ;
#6745 = DIRECTION ( 'NONE',  ( -1.334402673828313586E-16, -1.000000000000000000, 0.000000000000000000 ) ) ;
#6746 = ORIENTED_EDGE ( 'NONE', *, *, #999, .T. ) ;
#6747 = AXIS2_PLACEMENT_3D ( 'NONE', #5563, #7031, #844 ) ;
#6748 = AXIS2_PLACEMENT_3D ( 'NONE', #7642, #2806, #2847 ) ;
#6749 = EDGE_CURVE ( 'NONE', #6474, #8402, #1271, .T. ) ;
#6750 = CARTESIAN_POINT ( 'NONE',  ( 15.49999999999999645, -12.11673738234993714, 30.99999999999999645 ) ) ;
#6751 = VERTEX_POINT ( 'NONE', #5438 ) ;
#6752 = FACE_OUTER_BOUND ( 'NONE', #712, .T. ) ;
#6753 = VECTOR ( 'NONE', #7588, 1000.000000000000000 ) ;
#6754 = CARTESIAN_POINT ( 'NONE',  ( 13.59587200499385595, 17.70089615044631515, 0.000000000000000000 ) ) ;
#6755 = ADVANCED_FACE ( 'NONE', ( #1940 ), #7405, .F. ) ;
#6756 = DIRECTION ( 'NONE',  ( 0.000000000000000000, 0.000000000000000000, -1.000000000000000000 ) ) ;
#6757 = ORIENTED_EDGE ( 'NONE', *, *, #5245, .F. ) ;
#6758 = LINE ( 'NONE', #611, #7033 ) ;
#6759 = LINE ( 'NONE', #6801, #7763 ) ;
#6760 = ORIENTED_EDGE ( 'NONE', *, *, #7359, .T. ) ;
#6761 = FACE_OUTER_BOUND ( 'NONE', #7140, .T. ) ;
#6762 = VERTEX_POINT ( 'NONE', #8127 ) ;
#6763 = CARTESIAN_POINT ( 'NONE',  ( -11.80224001807287948, 14.88326261769778469, 4.000000000000000000 ) ) ;
#6764 = CARTESIAN_POINT ( 'NONE',  ( -16.42264992882471830, 41.49901481688559812, 7.750000000000063949 ) ) ;
#6765 = ADVANCED_FACE ( 'NONE', ( #5397 ), #2025, .T. ) ;
#6766 = DIRECTION ( 'NONE',  ( -0.9330356158564642177, 0.3597840179098403812, 0.000000000000000000 ) ) ;
#6767 = ORIENTED_EDGE ( 'NONE', *, *, #3573, .F. ) ;
#6768 = CARTESIAN_POINT ( 'NONE',  ( -17.66274917170923331, -21.63433582126976873, 0.000000000000000000 ) ) ;
#6769 = ORIENTED_EDGE ( 'NONE', *, *, #6027, .T. ) ;
#6770 = FACE_OUTER_BOUND ( 'NONE', #233, .T. ) ;
#6771 = EDGE_CURVE ( 'NONE', #7791, #7560, #1983, .T. ) ;
#6772 = ORIENTED_EDGE ( 'NONE', *, *, #6671, .F. ) ;
#6773 = DIRECTION ( 'NONE',  ( -0.000000000000000000, -1.000000000000000000, -0.000000000000000000 ) ) ;
#6774 = DIRECTION ( 'NONE',  ( -0.8660254037844417052, 0.4999999999999947820, 0.000000000000000000 ) ) ;
#6775 = DIRECTION ( 'NONE',  ( 1.000000000000000000, 0.000000000000000000, -0.000000000000000000 ) ) ;
#6776 = VECTOR ( 'NONE', #8002, 999.9999999999998863 ) ;
#6777 = DIRECTION ( 'NONE',  ( 0.000000000000000000, -1.000000000000000000, 0.000000000000000000 ) ) ;
#6778 = VERTEX_POINT ( 'NONE', #3325 ) ;
#6779 = CARTESIAN_POINT ( 'NONE',  ( -9.859227261804676345, 33.37949395435406075, 12.50000000000000000 ) ) ;
#6780 = ORIENTED_EDGE ( 'NONE', *, *, #6132, .F. ) ;
#6781 = EDGE_CURVE ( 'NONE', #7217, #1761, #1317, .T. ) ;
#6782 = DIRECTION ( 'NONE',  ( 0.000000000000000000, 0.000000000000000000, -1.000000000000000000 ) ) ;
#6783 = CARTESIAN_POINT ( 'NONE',  ( 8.580561569927752430, -23.72845661736633360, 16.00000000000000000 ) ) ;
#6784 = AXIS2_PLACEMENT_3D ( 'NONE', #442, #3177, #5911 ) ;
#6785 = ORIENTED_EDGE ( 'NONE', *, *, #3150, .T. ) ;
#6786 = DIRECTION ( 'NONE',  ( 0.5000000000000041078, -0.8660254037844363761, 0.000000000000000000 ) ) ;
#6787 = ORIENTED_EDGE ( 'NONE', *, *, #868, .F. ) ;
#6788 = CARTESIAN_POINT ( 'NONE',  ( -39.99287180435997158, -30.07006005641547119, 0.000000000000000000 ) ) ;
#6789 = EDGE_CURVE ( 'NONE', #3719, #2582, #4718, .T. ) ;
#6790 = CARTESIAN_POINT ( 'NONE',  ( 5.499999998803010826, 50.66987298107782323, 9.000000000000000000 ) ) ;
#6791 = VERTEX_POINT ( 'NONE', #7448 ) ;
#6792 = AXIS2_PLACEMENT_3D ( 'NONE', #1784, #8730, #8689 ) ;
#6793 = DIRECTION ( 'NONE',  ( 0.8660254037844432595, 0.4999999999999920619, 0.000000000000000000 ) ) ;
#6794 = EDGE_LOOP ( 'NONE', ( #2531, #182, #3750, #3677, #3600, #5690, #753, #3009 ) ) ;
#6795 = CARTESIAN_POINT ( 'NONE',  ( 4.500000000000021316, 50.66987298107784454, 4.999999999999998224 ) ) ;
#6796 = CARTESIAN_POINT ( 'NONE',  ( -2.749999999401457007, 4.763139719777809589, 9.000000000000000000 ) ) ;
#6797 = CARTESIAN_POINT ( 'NONE',  ( -42.63371846347658334, -25.97118909052997537, 11.66666666666665009 ) ) ;
#6798 = ORIENTED_EDGE ( 'NONE', *, *, #7442, .T. ) ;
#6799 = EDGE_CURVE ( 'NONE', #321, #565, #4138, .T. ) ;
#6800 = LINE ( 'NONE', #5330, #1498 ) ;
#6801 = CARTESIAN_POINT ( 'NONE',  ( -9.904972040171024616, -12.23429779838367359, 10.09999999999999964 ) ) ;
#6802 = VERTEX_POINT ( 'NONE', #6149 ) ;
#6803 = DIRECTION ( 'NONE',  ( -0.000000000000000000, -1.000000000000000000, 0.000000000000000000 ) ) ;
#6804 = VECTOR ( 'NONE', #198, 1000.000000000000000 ) ;
#6805 = EDGE_LOOP ( 'NONE', ( #619, #4283, #3425, #1556 ) ) ;
#6806 = DIRECTION ( 'NONE',  ( -1.000000000000000000, 0.000000000000000000, 0.000000000000000000 ) ) ;
#6807 = CARTESIAN_POINT ( 'NONE',  ( 23.50000000000000355, -35.36184298656426250, 18.39999999999999503 ) ) ;
#6808 = EDGE_CURVE ( 'NONE', #1411, #2963, #7787, .T. ) ;
#6809 = CARTESIAN_POINT ( 'NONE',  ( 42.63139720814410794, 30.38675134594814153, 0.000000000000000000 ) ) ;
#6810 = ORIENTED_EDGE ( 'NONE', *, *, #7271, .T. ) ;
#6811 = CARTESIAN_POINT ( 'NONE',  ( 3.605974651467649394, -4.898254318786772643, 10.09999999999999964 ) ) ;
#6812 = ORIENTED_EDGE ( 'NONE', *, *, #93, .T. ) ;
#6813 = VECTOR ( 'NONE', #3858, 1000.000000000000000 ) ;
#6814 = CARTESIAN_POINT ( 'NONE',  ( -41.70298551693151978, 4.224486752532996547, 12.50000000000000000 ) ) ;
#6815 = VERTEX_POINT ( 'NONE', #3965 ) ;
#6816 = DIRECTION ( 'NONE',  ( 0.000000000000000000, 0.000000000000000000, -1.000000000000000000 ) ) ;
#6817 = CARTESIAN_POINT ( 'NONE',  ( -41.56185691933844595, -9.613715481249377248, 2.299999999999999822 ) ) ;
#6818 = CARTESIAN_POINT ( 'NONE',  ( -46.03787180435988091, -19.59981292466155622, 10.09999999999999964 ) ) ;
#6819 = VECTOR ( 'NONE', #4222, 1000.000000000000000 ) ;
#6820 = VECTOR ( 'NONE', #4022, 1000.000000000000227 ) ;
#6821 = CARTESIAN_POINT ( 'NONE',  ( 38.16565829136300891, -2.742840745465485064, 0.000000000000000000 ) ) ;
#6822 = EDGE_LOOP ( 'NONE', ( #775, #2721, #3533, #765 ) ) ;
#6823 = LINE ( 'NONE', #8217, #1019 ) ;
#6824 = B_SPLINE_CURVE_WITH_KNOTS ( 'NONE', 3,
 ( #2283, #2957, #5023, #1116, #7253, #4524, #5195, #1786, #302, #7204, #2375, #1745, #3123, #7846 ),
 .UNSPECIFIED., .F., .F.,
 ( 4, 2, 2, 2, 2, 2, 4 ),
 ( 0.000000000000000000, 0.0004093234714011342304, 0.0008186469428022684607, 0.001227970414203402583, 0.001637293885604536921, 0.002455940828406805165, 0.003274587771209073843 ),
 .UNSPECIFIED. ) ;
#6825 = VECTOR ( 'NONE', #2822, 1000.000000000000000 ) ;
#6826 = VERTEX_POINT ( 'NONE', #8215 ) ;
#6827 = LINE ( 'NONE', #6155, #668 ) ;
#6828 = CARTESIAN_POINT ( 'NONE',  ( -20.58784914383630493, -11.88640024522942440, 10.09999999999999964 ) ) ;
#6829 = ORIENTED_EDGE ( 'NONE', *, *, #388, .F. ) ;
#6830 = CARTESIAN_POINT ( 'NONE',  ( -11.38027608956916481, -28.00452860718955961, 12.00000000000001066 ) ) ;
#6831 = VERTEX_POINT ( 'NONE', #4007 ) ;
#6832 = CARTESIAN_POINT ( 'NONE',  ( 41.05860311233816873, -8.325866583873127169, 2.299999999999999822 ) ) ;
#6833 = VECTOR ( 'NONE', #4736, 1000.000000000000000 ) ;
#6834 = LINE ( 'NONE', #6023, #6486 ) ;
#6835 = EDGE_CURVE ( 'NONE', #5735, #7426, #2436, .T. ) ;
#6836 = VERTEX_POINT ( 'NONE', #2076 ) ;
#6837 = ORIENTED_EDGE ( 'NONE', *, *, #5502, .T. ) ;
#6838 = EDGE_CURVE ( 'NONE', #8304, #4366, #6216, .T. ) ;
#6839 = CARTESIAN_POINT ( 'NONE',  ( 0.000000000000000000, 0.5237981084160741041, 16.00000000000000355 ) ) ;
#6840 = ORIENTED_EDGE ( 'NONE', *, *, #2649, .T. ) ;
#6841 = DIRECTION ( 'NONE',  ( -0.000000000000000000, 1.000000000000000000, -0.000000000000000000 ) ) ;
#6842 = FACE_BOUND ( 'NONE', #3232, .T. ) ;
#6843 = LINE ( 'NONE', #697, #3032 ) ;
#6844 = EDGE_CURVE ( 'NONE', #5545, #3784, #5528, .T. ) ;
#6845 = EDGE_LOOP ( 'NONE', ( #943, #5671, #3145, #6852 ) ) ;
#6846 = FACE_OUTER_BOUND ( 'NONE', #8248, .T. ) ;
#6847 = DIRECTION ( 'NONE',  ( -0.000000000000000000, -0.000000000000000000, -1.000000000000000000 ) ) ;
#6848 = EDGE_CURVE ( 'NONE', #7740, #3122, #6638, .T. ) ;
#6849 = CARTESIAN_POINT ( 'NONE',  ( -44.60025803500102626, 1.466623094547125472, 12.50000000000000000 ) ) ;
#6850 = DIRECTION ( 'NONE',  ( -1.000000000000000000, 0.000000000000000000, -0.000000000000000000 ) ) ;
#6851 = FACE_OUTER_BOUND ( 'NONE', #6920, .T. ) ;
#6852 = ORIENTED_EDGE ( 'NONE', *, *, #2649, .F. ) ;
#6853 = LINE ( 'NONE', #8020, #8053 ) ;
#6854 = DIRECTION ( 'NONE',  ( 0.000000000000000000, -1.000000000000000000, 0.000000000000000000 ) ) ;
#6855 = EDGE_CURVE ( 'NONE', #521, #2569, #6013, .T. ) ;
#6856 = DIRECTION ( 'NONE',  ( -0.000000000000000000, 0.000000000000000000, 1.000000000000000000 ) ) ;
#6857 = ORIENTED_EDGE ( 'NONE', *, *, #5307, .T. ) ;
#6858 = CARTESIAN_POINT ( 'NONE',  ( 23.05920106027803484, -37.72779078610760450, 12.00000000000000000 ) ) ;
#6859 = VERTEX_POINT ( 'NONE', #5699 ) ;
#6860 = CARTESIAN_POINT ( 'NONE',  ( 7.393925001320446277, 47.54516398655619014, 9.656902038102328945 ) ) ;
#6861 = EDGE_LOOP ( 'NONE', ( #7681, #4991, #5742, #3316, #3354 ) ) ;
#6862 = CARTESIAN_POINT ( 'NONE',  ( -11.70702208191660709, -29.10007460160269588, 30.99999999999999645 ) ) ;
#6863 = EDGE_CURVE ( 'NONE', #5478, #8092, #7677, .T. ) ;
#6864 = CARTESIAN_POINT ( 'NONE',  ( 1.136542967019287869E-14, -29.00000000000000000, 19.00000000000000711 ) ) ;
#6865 = CARTESIAN_POINT ( 'NONE',  ( 18.76760724610477382, 37.94555364585769297, 2.299999999999999822 ) ) ;
#6866 = EDGE_CURVE ( 'NONE', #390, #535, #1543, .T. ) ;
#6867 = DIRECTION ( 'NONE',  ( 1.000000000000000000, 0.000000000000000000, 0.000000000000000000 ) ) ;
#6868 = EDGE_LOOP ( 'NONE', ( #3347, #5285, #8633, #8690 ) ) ;
#6869 = CARTESIAN_POINT ( 'NONE',  ( -44.51494162183654169, -2.385604543132453959, 0.000000000000000000 ) ) ;
#6870 = ORIENTED_EDGE ( 'NONE', *, *, #1423, .F. ) ;
#6871 = CARTESIAN_POINT ( 'NONE',  ( -45.66185691933844737, -9.613715481249377248, 0.000000000000000000 ) ) ;
#6872 = CARTESIAN_POINT ( 'NONE',  ( 20.58784914383631204, -11.88640024522942795, 10.09999999999999964 ) ) ;
#6873 = ORIENTED_EDGE ( 'NONE', *, *, #7623, .F. ) ;
#6874 = DIRECTION ( 'NONE',  ( -0.000000000000000000, -0.000000000000000000, -1.000000000000000000 ) ) ;
#6875 = DIRECTION ( 'NONE',  ( -1.000000000000000000, 0.000000000000000000, 0.000000000000000000 ) ) ;
#6876 = CLOSED_SHELL ( 'NONE', ( #4893, #2784, #6038, #4217, #5270, #5089, #3043, #6321, #2072, #437, #1835, #8873, #1166, #4385, #541, #5554, #7635, #2991, #751, #5391, #3834, #6314, #3403, #759, #70, #6142, #669, #6914, #7711, #3321, #7914, #6910, #5731, #8057, #3696, #8013, #3293, #648, #789, #4275, #4543, #7657, #8569, #5278, #2579, #3518, #7322, #2243, #2615, #8291, #5849, #3412, #6177, #7934, #5582, #6733, #4703, #3127, #4074, #6702, #2893, #3575, #8870, #4338, #7640, #8758, #2515, #5475, #241, #2674, #2082, #4111, #329, #4322, #3898, #6571, #34, #1733, #616, #974, #2034, #3910, #6489, #8068, #7109, #5017, #1485, #8736, #8495, #7135, #8610, #6512, #8587, #1592, #1654, #2003, #2371, #2240, #7890, #856, #8015, #3935, #2214, #8293, #7152, #3055, #7690, #1792, #392, #5425, #4183, #5544, #3667, #1554, #6560, #56, #2627, #2626, #1284, #1477, #1638, #912, #4236, #1988, #5525, #140, #3411, #7777, #5588, #5931, #312, #7088, #7368, #2964, #8213, #8344, #532, #6478, #6214, #6635, #5790, #3332, #5200, #5765, #626, #1801, #6039, #7164, #2906, #7555, #7262, #3462, #3296, #5442, #698, #5812, #8373, #2342, #1653, #3250, #1001, #8036, #4762, #1936, #5226, #7559, #1856, #6765, #4820, #3969, #4606, #8845, #5571, #1668, #1429, #5703, #6152, #923, #4107, #2565, #7766, #2092, #5538, #612, #1743, #3589, #6462, #6755, #6305, #8720, #94, #1563, #71, #747, #5142, #544, #4220, #1749, #4469, #3947, #1133, #1201, #6678, #6075, #81, #989, #4445, #2858, #2101, #5895, #229, #1604, #4457, #2790, #5837, #4658, #4461, #7802, #8038, #7548, #6342, #2951, #1332, #2767, #4349, #5846, #2994, #5422, #5659, #8806, #721, #711, #7388, #888, #2842, #2882, #3393, #7239, #4351, #3764, #6968, #1149, #5658, #3691, #2594, #1582, #6561, #4364, #5753, #7406, #5831, #2351, #4813, #2135, #8579 ) ) ;
#6877 = CARTESIAN_POINT ( 'NONE',  ( -12.83142457412086301, -5.938815006089813942, 10.09999999999999787 ) ) ;
#6878 = VERTEX_POINT ( 'NONE', #3001 ) ;
#6879 = ORIENTED_EDGE ( 'NONE', *, *, #7411, .T. ) ;
#6880 = FACE_OUTER_BOUND ( 'NONE', #5095, .T. ) ;
#6881 = ORIENTED_EDGE ( 'NONE', *, *, #5162, .T. ) ;
#6882 = CARTESIAN_POINT ( 'NONE',  ( -18.76717127535191665, -40.20579533780460224, 12.00000000000000711 ) ) ;
#6883 = DIRECTION ( 'NONE',  ( -1.000000000000000000, 0.000000000000000000, 0.000000000000000000 ) ) ;
#6884 = EDGE_CURVE ( 'NONE', #2705, #6322, #4226, .T. ) ;
#6885 = CARTESIAN_POINT ( 'NONE',  ( -43.40489990004035548, -25.05983064143714856, 11.66666666666666785 ) ) ;
#6886 = AXIS2_PLACEMENT_3D ( 'NONE', #4350, #2952, #4165 ) ;
#6887 = AXIS2_PLACEMENT_3D ( 'NONE', #5198, #1663, #983 ) ;
#6888 = ORIENTED_EDGE ( 'NONE', *, *, #4458, .T. ) ;
#6889 = EDGE_CURVE ( 'NONE', #2420, #3035, #6957, .T. ) ;
#6890 = FACE_OUTER_BOUND ( 'NONE', #6270, .T. ) ;
#6891 = VECTOR ( 'NONE', #280, 1000.000000000000000 ) ;
#6892 = EDGE_CURVE ( 'NONE', #1740, #1354, #2288, .T. ) ;
#6893 = CARTESIAN_POINT ( 'NONE',  ( 8.580561569927754206, -12.11673738234993714, 30.99999999999999645 ) ) ;
#6894 = CARTESIAN_POINT ( 'NONE',  ( 43.40489990004028442, 25.05983064143723738, 11.66666666666666785 ) ) ;
#6895 = DIRECTION ( 'NONE',  ( 0.000000000000000000, 0.000000000000000000, -1.000000000000000000 ) ) ;
#6896 = EDGE_CURVE ( 'NONE', #1029, #791, #3591, .T. ) ;
#6897 = VECTOR ( 'NONE', #7196, 1000.000000000000000 ) ;
#6898 = EDGE_LOOP ( 'NONE', ( #4139, #8655, #3479, #4031 ) ) ;
#6899 = CARTESIAN_POINT ( 'NONE',  ( 44.72017534088823965, -28.82043108098579864, 0.000000000000000000 ) ) ;
#6900 = CARTESIAN_POINT ( 'NONE',  ( 9.640366921179685633, -8.091954300746134976, 27.31370849898443609 ) ) ;
#6901 = VECTOR ( 'NONE', #1306, 999.9999999999998863 ) ;
#6902 = DIRECTION ( 'NONE',  ( -1.000000000000000000, 0.000000000000000000, 0.000000000000000000 ) ) ;
#6903 = EDGE_LOOP ( 'NONE', ( #5832, #3791, #6570, #3429 ) ) ;
#6904 = LINE ( 'NONE', #5605, #5329 ) ;
#6905 = VECTOR ( 'NONE', #4202, 999.9999999999998863 ) ;
#6906 = ORIENTED_EDGE ( 'NONE', *, *, #8743, .F. ) ;
#6907 = DIRECTION ( 'NONE',  ( 0.000000000000000000, 0.000000000000000000, -1.000000000000000000 ) ) ;
#6908 = AXIS2_PLACEMENT_3D ( 'NONE', #6137, #1925, #6046 ) ;
#6909 = ORIENTED_EDGE ( 'NONE', *, *, #7424, .F. ) ;
#6910 = ADVANCED_FACE ( 'NONE', ( #7586, #2924, #2250, #4276, #6375, #3552 ), #2122, .F. ) ;
#6911 = LINE ( 'NONE', #8300, #6618 ) ;
#6912 = LINE ( 'NONE', #7999, #4527 ) ;
#6913 = DIRECTION ( 'NONE',  ( -0.000000000000000000, -0.000000000000000000, -1.000000000000000000 ) ) ;
#6914 = ADVANCED_FACE ( 'NONE', ( #7002 ), #137, .T. ) ;
#6915 = ORIENTED_EDGE ( 'NONE', *, *, #8697, .T. ) ;
#6916 = DIRECTION ( 'NONE',  ( -0.000000000000000000, -0.000000000000000000, 1.000000000000000000 ) ) ;
#6917 = ORIENTED_EDGE ( 'NONE', *, *, #4659, .T. ) ;
#6918 = LINE ( 'NONE', #2165, #2829 ) ;
#6919 = LINE ( 'NONE', #6204, #2523 ) ;
#6920 = EDGE_LOOP ( 'NONE', ( #6304, #3326, #8703, #4768, #1495, #1127 ) ) ;
#6921 = CARTESIAN_POINT ( 'NONE',  ( 16.50000000000000355, -32.27417035836263892, -70.99999999999992895 ) ) ;
#6922 = VECTOR ( 'NONE', #5412, 1000.000000000000000 ) ;
#6923 = CARTESIAN_POINT ( 'NONE',  ( -34.05106172828569555, 23.47800753011462760, 12.50000000000000000 ) ) ;
#6924 = DIRECTION ( 'NONE',  ( -1.000000000000000000, 0.000000000000000000, 0.000000000000000000 ) ) ;
#6925 = ORIENTED_EDGE ( 'NONE', *, *, #1904, .F. ) ;
#6926 = CARTESIAN_POINT ( 'NONE',  ( 10.19775998189748201, -9.116737382323046646, 4.000000000000000000 ) ) ;
#6927 = ORIENTED_EDGE ( 'NONE', *, *, #5664, .F. ) ;
#6928 = VECTOR ( 'NONE', #6058, 1000.000000000000000 ) ;
#6929 = DIRECTION ( 'NONE',  ( -0.000000000000000000, -0.000000000000000000, -1.000000000000000000 ) ) ;
#6930 = VECTOR ( 'NONE', #5755, 1000.000000000000000 ) ;
#6931 = VERTEX_POINT ( 'NONE', #1450 ) ;
#6932 = CARTESIAN_POINT ( 'NONE',  ( 5.429344605346013862E-16, 53.45299461620749071, 0.000000000000000000 ) ) ;
#6933 = VECTOR ( 'NONE', #7637, 999.9999999999998863 ) ;
#6934 = CARTESIAN_POINT ( 'NONE',  ( 37.63139720814410794, 21.72649730810375956, 0.000000000000000000 ) ) ;
#6935 = DIRECTION ( 'NONE',  ( 0.000000000000000000, -0.000000000000000000, -1.000000000000000000 ) ) ;
#6936 = AXIS2_PLACEMENT_3D ( 'NONE', #8591, #4568, #5193 ) ;
#6937 = ORIENTED_EDGE ( 'NONE', *, *, #6051, .T. ) ;
#6938 = LINE ( 'NONE', #796, #3171 ) ;
#6939 = FACE_OUTER_BOUND ( 'NONE', #3673, .T. ) ;
#6940 = DIRECTION ( 'NONE',  ( 0.4999999999999911182, -0.8660254037844438146, 0.000000000000000000 ) ) ;
#6941 = ORIENTED_EDGE ( 'NONE', *, *, #3249, .F. ) ;
#6942 = CARTESIAN_POINT ( 'NONE',  ( 34.31431336363099405, -23.64161655865775202, 35.00000000000000000 ) ) ;
#6943 = LINE ( 'NONE', #4262, #3954 ) ;
#6944 = DIRECTION ( 'NONE',  ( 1.000000000000000000, 0.000000000000000000, 0.000000000000000000 ) ) ;
#6946 = ORIENTED_EDGE ( 'NONE', *, *, #4740, .F. ) ;
#6945 = EDGE_CURVE ( 'NONE', #5294, #4866, #5064, .T. ) ;
#6947 = DIRECTION ( 'NONE',  ( -0.000000000000000000, -0.000000000000000000, -1.000000000000000000 ) ) ;
#6948 = VECTOR ( 'NONE', #6929, 1000.000000000000000 ) ;
#6949 = ORIENTED_EDGE ( 'NONE', *, *, #7797, .F. ) ;
#6950 = CARTESIAN_POINT ( 'NONE',  ( -27.94853440685351487, 32.04789490541048735, 16.50000000000000000 ) ) ;
#6951 = ORIENTED_EDGE ( 'NONE', *, *, #8296, .F. ) ;
#6952 = CARTESIAN_POINT ( 'NONE',  ( -23.09195243229524408, -7.549166122218289310, 10.09999999999999964 ) ) ;
#6953 = DIRECTION ( 'NONE',  ( -1.000000000000000000, 0.000000000000000000, 0.000000000000000000 ) ) ;
#6954 = AXIS2_PLACEMENT_3D ( 'NONE', #7663, #2152, #6404 ) ;
#6955 = VECTOR ( 'NONE', #3016, 1000.000000000000000 ) ;
#6956 = AXIS2_PLACEMENT_3D ( 'NONE', #5159, #5298, #6643 ) ;
#6957 = LINE ( 'NONE', #5572, #8214 ) ;
#6958 = EDGE_LOOP ( 'NONE', ( #3463, #2723 ) ) ;
#6959 = DIRECTION ( 'NONE',  ( 0.8660254037844363761, -0.5000000000000038858, -0.000000000000000000 ) ) ;
#6960 = CIRCLE ( 'NONE', #1529, 4.099999999999999645 ) ;
#6961 = VERTEX_POINT ( 'NONE', #4178 ) ;
#6962 = DIRECTION ( 'NONE',  ( 0.000000000000000000, -0.000000000000000000, -1.000000000000000000 ) ) ;
#6963 = CARTESIAN_POINT ( 'NONE',  ( 10.19775998189764898, 14.88326261767695158, 4.000000000000000000 ) ) ;
#6964 = ORIENTED_EDGE ( 'NONE', *, *, #8423, .F. ) ;
#6965 = CARTESIAN_POINT ( 'NONE',  ( -34.00989778565062949, -8.450694429803208507, 12.50000000000000000 ) ) ;
#6966 = CARTESIAN_POINT ( 'NONE',  ( -32.87563524774171242, 23.51390591497679239, 12.50000000000000000 ) ) ;
#6967 = EDGE_CURVE ( 'NONE', #821, #8785, #8390, .T. ) ;
#6968 = ADVANCED_FACE ( 'NONE', ( #4898, #1500 ), #5612, .T. ) ;
#6969 = DIRECTION ( 'NONE',  ( 0.5271517987930732785, -0.8497711344998883920, 0.000000000000000000 ) ) ;
#6970 = EDGE_LOOP ( 'NONE', ( #5349, #6630, #3814, #4002 ) ) ;
#6971 = AXIS2_PLACEMENT_3D ( 'NONE', #7006, #7682, #2209 ) ;
#6972 = LINE ( 'NONE', #962, #5461 ) ;
#6973 = ORIENTED_EDGE ( 'NONE', *, *, #4315, .F. ) ;
#6974 = DIRECTION ( 'NONE',  ( 0.000000000000000000, 0.000000000000000000, -1.000000000000000000 ) ) ;
#6975 = AXIS2_PLACEMENT_3D ( 'NONE', #124, #8415, #2862 ) ;
#6976 = ORIENTED_EDGE ( 'NONE', *, *, #2145, .T. ) ;
#6977 = CARTESIAN_POINT ( 'NONE',  ( -44.29806387481076513, -5.464378949326942347E-14, 11.66666666666668029 ) ) ;
#6978 = DIRECTION ( 'NONE',  ( 0.8660254037844363761, -0.5000000000000038858, -0.000000000000000000 ) ) ;
#6979 = VECTOR ( 'NONE', #4281, 1000.000000000000000 ) ;
#6980 = EDGE_CURVE ( 'NONE', #2206, #3122, #8345, .T. ) ;
#6981 = CARTESIAN_POINT ( 'NONE',  ( 16.50000000000000355, -39.40329487089169902, 18.39999999999999503 ) ) ;
#6982 = EDGE_CURVE ( 'NONE', #6558, #6376, #4311, .T. ) ;
#6983 = EDGE_CURVE ( 'NONE', #4280, #7853, #3639, .T. ) ;
#6984 = ORIENTED_EDGE ( 'NONE', *, *, #1071, .F. ) ;
#6985 = B_SPLINE_SURFACE_WITH_KNOTS ( 'NONE', 3, 3, ( 
 ( #4433, #2449, #7919, #2409 ),
 ( #1699, #7332, #7197, #1060 ),
 ( #1828, #1015, #475, #428 ),
 ( #4516, #341, #3797, #3161 ),
 ( #3888, #5898, #3075, #6533 ),
 ( #7286, #8546, #2499, #5233 ),
 ( #3938, #3210, #7965, #4561 ),
 ( #1150, #5946, #1869, #4607 ),
 ( #1202, #7425, #22, #1338 ),
 ( #7566, #3345, #8772, #6168 ),
 ( #568, #8188, #2772, #5504 ),
 ( #3434, #1291, #7467, #1248 ),
 ( #8235, #2686, #2633, #2098 ),
 ( #4832, #1428, #8058, #655 ),
 ( #6080, #4069, #6797, #5994 ),
 ( #4738, #3987, #1962, #5325 ),
 ( #4023, #4154, #6885, #4117 ) ),
 .UNSPECIFIED., .F., .F., .F.,
 ( 4, 1, 1, 1, 2, 1, 1, 1, 2, 1, 1, 1, 4 ),
 ( 4, 4 ),
 ( 0.000000000000000000, 0.02416282657140363110, 0.04832565314280726221, 0.07248847971421087943, 0.09665130628561452442, 0.2983256531428074565, 0.5000000000000003331, 0.7016743468571933207, 0.9033486937143861972, 0.9275115202857896479, 0.9516743468571930986, 0.9758371734285965493, 1.000000000000000000 ),
 ( 0.000000000000000000, 1.000000000000000000 ),
 .UNSPECIFIED. ) ;
#6986 = CARTESIAN_POINT ( 'NONE',  ( 32.11917989942260476, -8.742840745465484176, 10.09999999999999964 ) ) ;
#6987 = CARTESIAN_POINT ( 'NONE',  ( 15.49999999999999645, -5.259372140063334200, 16.00000000000000000 ) ) ;
#6988 = FACE_OUTER_BOUND ( 'NONE', #6861, .T. ) ;
#6989 = ORIENTED_EDGE ( 'NONE', *, *, #2795, .F. ) ;
#6990 = CARTESIAN_POINT ( 'NONE',  ( 40.79497959841753385, -27.55440429580398387, 11.66666666666664653 ) ) ;
#6991 = EDGE_CURVE ( 'NONE', #4823, #3741, #7761, .T. ) ;
#6992 = DIRECTION ( 'NONE',  ( 0.2379154757154376687, -0.1373605639486990271, -0.9615239476408231623 ) ) ;
#6993 = CARTESIAN_POINT ( 'NONE',  ( -23.09195243229524408, -7.549166122218289310, 10.09999999999999964 ) ) ;
#6994 = ORIENTED_EDGE ( 'NONE', *, *, #1565, .F. ) ;
#6995 = CARTESIAN_POINT ( 'NONE',  ( -37.52234299132918238, -30.32378886589530254, 9.131689754664758851 ) ) ;
#6996 = ORIENTED_EDGE ( 'NONE', *, *, #6724, .F. ) ;
#6997 = DIRECTION ( 'NONE',  ( 1.000000000000000000, -0.000000000000000000, 0.000000000000000000 ) ) ;
#6998 = EDGE_LOOP ( 'NONE', ( #3394, #8762, #4295, #3417 ) ) ;
#6999 = CARTESIAN_POINT ( 'NONE',  ( 26.15174621610094619, -8.118552963142217749, 10.09999999999999964 ) ) ;
#7000 = CARTESIAN_POINT ( 'NONE',  ( 43.40489990004028442, 25.05983064143723027, 11.66666666666666785 ) ) ;
#7001 = EDGE_CURVE ( 'NONE', #5434, #8000, #946, .T. ) ;
#7002 = FACE_OUTER_BOUND ( 'NONE', #630, .T. ) ;
#7003 = VERTEX_POINT ( 'NONE', #3765 ) ;
#7004 = CARTESIAN_POINT ( 'NONE',  ( 0.000000000000000000, 0.000000000000000000, 10.09999999999999964 ) ) ;
#7005 = ORIENTED_EDGE ( 'NONE', *, *, #8547, .F. ) ;
#7006 = CARTESIAN_POINT ( 'NONE',  ( 6.486868131917745291E-15, 18.38326261767710790, 4.000000000000000000 ) ) ;
#7007 = CARTESIAN_POINT ( 'NONE',  ( -14.65369224550881100, 44.56293940082809968, 0.000000000000000000 ) ) ;
#7008 = EDGE_CURVE ( 'NONE', #2612, #2026, #399, .T. ) ;
#7009 = ORIENTED_EDGE ( 'NONE', *, *, #1531, .T. ) ;
#7010 = DIRECTION ( 'NONE',  ( -0.000000000000000000, -0.000000000000000000, -1.000000000000000000 ) ) ;
#7011 = EDGE_CURVE ( 'NONE', #4084, #3957, #332, .T. ) ;
#7012 = LINE ( 'NONE', #7143, #7034 ) ;
#7013 = FACE_OUTER_BOUND ( 'NONE', #114, .T. ) ;
#7014 = EDGE_LOOP ( 'NONE', ( #5793, #2239, #896, #7419, #2348, #1610 ) ) ;
#7015 = CARTESIAN_POINT ( 'NONE',  ( -12.80224001810234746, 14.88326261767710967, 6.000000000000000000 ) ) ;
#7016 = VERTEX_POINT ( 'NONE', #3859 ) ;
#7017 = DIRECTION ( 'NONE',  ( 0.000000000000000000, 0.000000000000000000, -1.000000000000000000 ) ) ;
#7018 = VERTEX_POINT ( 'NONE', #1751 ) ;
#7019 = CARTESIAN_POINT ( 'NONE',  ( -46.50981740034162470, -26.34862244427227296, 0.000000000000000000 ) ) ;
#7020 = CARTESIAN_POINT ( 'NONE',  ( 28.35050823056319658, -16.36817355857836631, 18.09999999999999787 ) ) ;
#7021 = CARTESIAN_POINT ( 'NONE',  ( -35.78311253585457763, 24.47800753011462405, 0.000000000000000000 ) ) ;
#7022 = EDGE_CURVE ( 'NONE', #1957, #1630, #8560, .T. ) ;
#7023 = FACE_OUTER_BOUND ( 'NONE', #1040, .T. ) ;
#7024 = EDGE_CURVE ( 'NONE', #6659, #579, #3921, .T. ) ;
#7025 = LINE ( 'NONE', #5140, #7257 ) ;
#7026 = VECTOR ( 'NONE', #3118, 1000.000000000000000 ) ;
#7027 = DIRECTION ( 'NONE',  ( 1.000000000000000000, 0.000000000000000000, 0.000000000000000000 ) ) ;
#7028 = ORIENTED_EDGE ( 'NONE', *, *, #2662, .F. ) ;
#7029 = DIRECTION ( 'NONE',  ( 0.8660254037844363761, -0.5000000000000039968, 0.000000000000000000 ) ) ;
#7030 = DIRECTION ( 'NONE',  ( -1.000000000000000000, 0.000000000000000000, 0.000000000000000000 ) ) ;
#7031 = DIRECTION ( 'NONE',  ( 1.000000000000000000, 0.000000000000000000, 0.000000000000000000 ) ) ;
#7032 = VERTEX_POINT ( 'NONE', #4442 ) ;
#7033 = VECTOR ( 'NONE', #7384, 1000.000000000000114 ) ;
#7034 = VECTOR ( 'NONE', #5124, 1000.000000000000000 ) ;
#7035 = CARTESIAN_POINT ( 'NONE',  ( 11.09294674498501365, -31.10007460160269588, 30.99999999999999645 ) ) ;
#7036 = ORIENTED_EDGE ( 'NONE', *, *, #3314, .F. ) ;
#7037 = FACE_BOUND ( 'NONE', #2114, .T. ) ;
#7038 = ORIENTED_EDGE ( 'NONE', *, *, #2878, .T. ) ;
#7039 = CARTESIAN_POINT ( 'NONE',  ( -1.474514954580286030E-13, 32.73634711715673262, 11.59999999999999964 ) ) ;
#7040 = CARTESIAN_POINT ( 'NONE',  ( 37.63139720814398714, 8.775737923855118083, 35.00000000000000000 ) ) ;
#7041 = CIRCLE ( 'NONE', #2901, 2.000000000000001776 ) ;
#7042 = CARTESIAN_POINT ( 'NONE',  ( -18.67941970619396841, -4.506203797966179536, 16.00000000000000000 ) ) ;
#7043 = ORIENTED_EDGE ( 'NONE', *, *, #7829, .T. ) ;
#7044 = AXIS2_PLACEMENT_3D ( 'NONE', #3485, #3397, #6226 ) ;
#7045 = DIRECTION ( 'NONE',  ( 1.000000000000000000, -1.706188113472160789E-16, 0.000000000000000000 ) ) ;
#7046 = EDGE_LOOP ( 'NONE', ( #3266, #5937, #5288, #6265, #5262, #5342 ) ) ;
#7047 = VECTOR ( 'NONE', #850, 1000.000000000000000 ) ;
#7048 = CARTESIAN_POINT ( 'NONE',  ( -26.14708080932900813, 35.16810406380066212, 0.000000000000000000 ) ) ;
#7049 = DIRECTION ( 'NONE',  ( 0.000000000000000000, 0.000000000000000000, 1.000000000000000000 ) ) ;
#7050 = ORIENTED_EDGE ( 'NONE', *, *, #3385, .T. ) ;
#7051 = CARTESIAN_POINT ( 'NONE',  ( -32.87563524774171242, 23.51390591497679239, 0.000000000000000000 ) ) ;
#7052 = CARTESIAN_POINT ( 'NONE',  ( -44.48854006468847899, -17.02521654573861909, 9.000000000000000000 ) ) ;
#7053 = CARTESIAN_POINT ( 'NONE',  ( -18.67941970619396841, -4.506203797966179536, 12.50000000000000000 ) ) ;
#7054 = ORIENTED_EDGE ( 'NONE', *, *, #8086, .T. ) ;
#7055 = LINE ( 'NONE', #8443, #6891 ) ;
#7056 = EDGE_CURVE ( 'NONE', #7560, #2525, #7258, .T. ) ;
#7057 = CYLINDRICAL_SURFACE ( 'NONE', #1525, 1.000000000000000888 ) ;
#7058 = FACE_OUTER_BOUND ( 'NONE', #731, .T. ) ;
#7059 = AXIS2_PLACEMENT_3D ( 'NONE', #646, #2764, #4694 ) ;
#7060 = VERTEX_POINT ( 'NONE', #7850 ) ;
#7061 = CARTESIAN_POINT ( 'NONE',  ( -47.31931313459644173, -24.31859236641079036, 0.000000000000000000 ) ) ;
#7062 = EDGE_CURVE ( 'NONE', #2582, #2437, #4486, .T. ) ;
#7063 = CARTESIAN_POINT ( 'NONE',  ( 16.50000000000000355, -32.03553925944023462, 30.99999999999999645 ) ) ;
#7064 = CARTESIAN_POINT ( 'NONE',  ( 16.79557774824218797, -39.05472617645530420, 18.93928164578679230 ) ) ;
#7065 = AXIS2_PLACEMENT_3D ( 'NONE', #979, #4436, #481 ) ;
#7066 = VERTEX_POINT ( 'NONE', #1120 ) ;
#7067 = AXIS2_PLACEMENT_3D ( 'NONE', #2838, #1623, #2161 ) ;
#7068 = CIRCLE ( 'NONE', #3776, 1.000000000000000888 ) ;
#7069 = DIRECTION ( 'NONE',  ( 0.000000000000000000, 1.000000000000000000, 0.000000000000000000 ) ) ;
#7070 = ORIENTED_EDGE ( 'NONE', *, *, #6061, .F. ) ;
#7071 = DIRECTION ( 'NONE',  ( -0.000000000000000000, -0.000000000000000000, -1.000000000000000000 ) ) ;
#7072 = DIRECTION ( 'NONE',  ( -0.8259346719138377368, 0.5637658359022663657, -0.000000000000000000 ) ) ;
#7073 = ORIENTED_EDGE ( 'NONE', *, *, #6588, .F. ) ;
#7074 = LINE ( 'NONE', #4261, #5757 ) ;
#7075 = DIRECTION ( 'NONE',  ( -1.196361017915039486E-16, 1.000000000000000000, 0.000000000000000000 ) ) ;
#7076 = EDGE_CURVE ( 'NONE', #2669, #7309, #6491, .T. ) ;
#7077 = VECTOR ( 'NONE', #6102, 1000.000000000000000 ) ;
#7078 = CARTESIAN_POINT ( 'NONE',  ( 12.94227870587920037, -36.10007460160268522, 4.000000000000000000 ) ) ;
#7079 = VERTEX_POINT ( 'NONE', #2463 ) ;
#7080 = AXIS2_PLACEMENT_3D ( 'NONE', #1052, #4595, #3789 ) ;
#7081 = CARTESIAN_POINT ( 'NONE',  ( -37.92494449436107118, -29.59797361130847904, 10.62714769560160200 ) ) ;
#7082 = ORIENTED_EDGE ( 'NONE', *, *, #1698, .T. ) ;
#7083 = CARTESIAN_POINT ( 'NONE',  ( -29.64954633623969826, -17.11817355857863276, 11.59999999999999964 ) ) ;
#7084 = EDGE_LOOP ( 'NONE', ( #4691, #7597 ) ) ;
#7085 = LINE ( 'NONE', #8386, #8226 ) ;
#7086 = CARTESIAN_POINT ( 'NONE',  ( 40.94585055683299402, 20.07352544399573446, 23.33333333333331794 ) ) ;
#7087 = EDGE_CURVE ( 'NONE', #4482, #5710, #7202, .T. ) ;
#7088 = ADVANCED_FACE ( 'NONE', ( #1709 ), #2419, .F. ) ;
#7089 = DIRECTION ( 'NONE',  ( 0.000000000000000000, 0.000000000000000000, -1.000000000000000000 ) ) ;
#7090 = ORIENTED_EDGE ( 'NONE', *, *, #8317, .F. ) ;
#7091 = CARTESIAN_POINT ( 'NONE',  ( -26.14708080932900813, 35.16810406380066212, 12.50000000000000000 ) ) ;
#7092 = EDGE_LOOP ( 'NONE', ( #4544, #5131, #138, #8054 ) ) ;
#7093 = CARTESIAN_POINT ( 'NONE',  ( 6.486868131917745291E-15, 18.38326261767710790, 4.000000000000000000 ) ) ;
#7094 = DIRECTION ( 'NONE',  ( 0.5000000000000039968, -0.8660254037844363761, 0.000000000000000000 ) ) ;
#7095 = VERTEX_POINT ( 'NONE', #3724 ) ;
#7096 = CARTESIAN_POINT ( 'NONE',  ( 37.47114317029968333, -16.43782217350915076, 4.999999999999996447 ) ) ;
#7097 = VECTOR ( 'NONE', #1301, 1000.000000000000000 ) ;
#7098 = CARTESIAN_POINT ( 'NONE',  ( 13.78348506850107569, 17.88326261765006109, 0.000000000000000000 ) ) ;
#7099 = CIRCLE ( 'NONE', #5093, 2.000000000000000000 ) ;
#7100 = CARTESIAN_POINT ( 'NONE',  ( 39.99287180435956657, -30.07006005641602897, 10.09999999999999964 ) ) ;
#7101 = VERTEX_POINT ( 'NONE', #350 ) ;
#7102 = CARTESIAN_POINT ( 'NONE',  ( -23.50000000000000355, -37.27534673587851444, 12.60000000000000675 ) ) ;
#7103 = CYLINDRICAL_SURFACE ( 'NONE', #2813, 2.400000000000000355 ) ;
#7104 = CARTESIAN_POINT ( 'NONE',  ( -7.500000001196981181, -1.000802005530960627E-15, 9.000000000000000000 ) ) ;
#7105 = VECTOR ( 'NONE', #6421, 1000.000000000000000 ) ;
#7106 = EDGE_LOOP ( 'NONE', ( #3435, #5518, #4008, #7226, #6410, #8398 ) ) ;
#7107 = CARTESIAN_POINT ( 'NONE',  ( -24.40952427225795418, 25.85859933425698642, 12.50000000000000000 ) ) ;
#7108 = FACE_OUTER_BOUND ( 'NONE', #2002, .T. ) ;
#7109 = ADVANCED_FACE ( 'NONE', ( #985 ), #7173, .F. ) ;
#7110 = EDGE_CURVE ( 'NONE', #579, #6659, #2057, .T. ) ;
#7111 = EDGE_LOOP ( 'NONE', ( #7955, #5065 ) ) ;
#7112 = AXIS2_PLACEMENT_3D ( 'NONE', #3258, #1868, #608 ) ;
#7113 = AXIS2_PLACEMENT_3D ( 'NONE', #263, #8465, #6371 ) ;
#7114 = CYLINDRICAL_SURFACE ( 'NONE', #1074, 0.5999999999999998668 ) ;
#7115 = AXIS2_PLACEMENT_3D ( 'NONE', #6849, #5556, #5509 ) ;
#7116 = CIRCLE ( 'NONE', #3248, 1.999999999999998224 ) ;
#7117 = ORIENTED_EDGE ( 'NONE', *, *, #8557, .T. ) ;
#7118 = CARTESIAN_POINT ( 'NONE',  ( 41.05860311233816873, -8.325866583873127169, 2.299999999999999822 ) ) ;
#7119 = FACE_OUTER_BOUND ( 'NONE', #7958, .T. ) ;
#7120 = EDGE_CURVE ( 'NONE', #8316, #5434, #2512, .T. ) ;
#7121 = DIRECTION ( 'NONE',  ( 0.000000000000000000, 0.000000000000000000, -1.000000000000000000 ) ) ;
#7122 = EDGE_CURVE ( 'NONE', #3584, #7552, #8516, .T. ) ;
#7123 = CARTESIAN_POINT ( 'NONE',  ( -9.666507322133384150, 18.38326261767711145, 4.000000000000000000 ) ) ;
#7124 = VERTEX_POINT ( 'NONE', #6636 ) ;
#7125 = DIRECTION ( 'NONE',  ( -0.000000000000000000, -0.000000000000000000, 1.000000000000000000 ) ) ;
#7126 = EDGE_CURVE ( 'NONE', #1346, #8135, #3089, .T. ) ;
#7127 = ORIENTED_EDGE ( 'NONE', *, *, #3561, .T. ) ;
#7128 = CARTESIAN_POINT ( 'NONE',  ( 6.044999999999995488, 49.66987298107782323, 10.09999999999999964 ) ) ;
#7129 = VERTEX_POINT ( 'NONE', #8472 ) ;
#7130 = CARTESIAN_POINT ( 'NONE',  ( 44.70073078240138642, -17.65424614643443491, 10.25733249009973846 ) ) ;
#7131 = DIRECTION ( 'NONE',  ( 0.4999999999999920064, -0.8660254037844434816, -0.000000000000000000 ) ) ;
#7132 = DIRECTION ( 'NONE',  ( 0.000000000000000000, 0.000000000000000000, 1.000000000000000000 ) ) ;
#7133 = ORIENTED_EDGE ( 'NONE', *, *, #1693, .F. ) ;
#7134 = CARTESIAN_POINT ( 'NONE',  ( 42.63139720814410794, 30.38675134594814153, 0.000000000000000000 ) ) ;
#7135 = ADVANCED_FACE ( 'NONE', ( #2332 ), #5072, .F. ) ;
#7136 = ORIENTED_EDGE ( 'NONE', *, *, #613, .T. ) ;
#7137 = EDGE_CURVE ( 'NONE', #1265, #2622, #308, .T. ) ;
#7138 = CARTESIAN_POINT ( 'NONE',  ( -1.951008327612675399E-15, 50.11966128287414790, 11.66666666666666785 ) ) ;
#7139 = FACE_OUTER_BOUND ( 'NONE', #6637, .T. ) ;
#7140 = EDGE_LOOP ( 'NONE', ( #2422, #1076, #6780, #4994 ) ) ;
#7141 = DIRECTION ( 'NONE',  ( 1.000000000000000000, 0.000000000000000000, 0.000000000000000000 ) ) ;
#7142 = EDGE_CURVE ( 'NONE', #6480, #3483, #6003, .T. ) ;
#7143 = CARTESIAN_POINT ( 'NONE',  ( 28.50000000000000355, -2.141400665743014464, 35.00000000000000000 ) ) ;
#7144 = PLANE ( 'NONE',  #1492 ) ;
#7145 = EDGE_LOOP ( 'NONE', ( #429, #7717, #5828, #1793 ) ) ;
#7146 = CARTESIAN_POINT ( 'NONE',  ( -42.63139720814414346, 30.38675134594812377, 0.000000000000000000 ) ) ;
#7147 = LINE ( 'NONE', #8407, #3373 ) ;
#7148 = DIRECTION ( 'NONE',  ( 1.000000000000000000, 0.000000000000000000, 0.000000000000000000 ) ) ;
#7149 = ORIENTED_EDGE ( 'NONE', *, *, #604, .T. ) ;
#7150 = CARTESIAN_POINT ( 'NONE',  ( -44.26030390552212879, -21.55228653119544546, 11.66666666666666785 ) ) ;
#7151 = CARTESIAN_POINT ( 'NONE',  ( 15.60072470878810336, -26.92935667042205949, 45.78333789394355335 ) ) ;
#7152 = ADVANCED_FACE ( 'NONE', ( #1219 ), #578, .F. ) ;
#7153 = EDGE_LOOP ( 'NONE', ( #6521, #2329, #978, #3444 ) ) ;
#7154 = CARTESIAN_POINT ( 'NONE',  ( -11.80224001807287948, 14.88326261769778469, 4.000000000000000000 ) ) ;
#7155 = EDGE_CURVE ( 'NONE', #7743, #4856, #1204, .T. ) ;
#7156 = EDGE_LOOP ( 'NONE', ( #4040, #2558, #512, #4187 ) ) ;
#7157 = DIRECTION ( 'NONE',  ( 0.000000000000000000, 0.000000000000000000, 1.000000000000000000 ) ) ;
#7158 = DIRECTION ( 'NONE',  ( 1.000000000000000000, 0.000000000000000000, 0.000000000000000000 ) ) ;
#7159 = DIRECTION ( 'NONE',  ( 1.000000000000000000, 8.890457814381128470E-15, 0.000000000000000000 ) ) ;
#7160 = EDGE_CURVE ( 'NONE', #6836, #8346, #6048, .T. ) ;
#7161 = FACE_OUTER_BOUND ( 'NONE', #2596, .T. ) ;
#7162 = EDGE_LOOP ( 'NONE', ( #3981, #527 ) ) ;
#7163 = CARTESIAN_POINT ( 'NONE',  ( -11.80224001811209789, -9.116737382349995755, 30.99999999999999645 ) ) ;
#7164 = ADVANCED_FACE ( 'NONE', ( #3952 ), #6679, .T. ) ;
#7165 = EDGE_CURVE ( 'NONE', #2154, #757, #7530, .T. ) ;
#7166 = ORIENTED_EDGE ( 'NONE', *, *, #5928, .F. ) ;
#7167 = CARTESIAN_POINT ( 'NONE',  ( -45.05996863671554564, -17.35513098562107004, 8.999999999999996447 ) ) ;
#7168 = ORIENTED_EDGE ( 'NONE', *, *, #2688, .F. ) ;
#7169 = CARTESIAN_POINT ( 'NONE',  ( -34.00989778565062949, -8.450694429803208507, 12.50000000000000000 ) ) ;
#7170 = CARTESIAN_POINT ( 'NONE',  ( 37.63139720814431399, -20.68228772876520694, 34.99999999999997868 ) ) ;
#7171 = CIRCLE ( 'NONE', #7746, 3.200000000018833557 ) ;
#7172 = CIRCLE ( 'NONE', #3306, 0.8000000000000009326 ) ;
#7173 = PLANE ( 'NONE',  #4640 ) ;
#7174 = ORIENTED_EDGE ( 'NONE', *, *, #1049, .F. ) ;
#7175 = CARTESIAN_POINT ( 'NONE',  ( 15.49999999999999645, -12.11673738234993714, 16.00000000000000000 ) ) ;
#7176 = ORIENTED_EDGE ( 'NONE', *, *, #7780, .F. ) ;
#7177 = CARTESIAN_POINT ( 'NONE',  ( 1.310119419433826815, 53.39577177537489661, 0.000000000000000000 ) ) ;
#7178 = CIRCLE ( 'NONE', #7460, 2.000000000000001776 ) ;
#7179 = DIRECTION ( 'NONE',  ( -1.000000000000000000, 0.000000000000000000, 0.000000000000000000 ) ) ;
#7180 = ORIENTED_EDGE ( 'NONE', *, *, #1666, .F. ) ;
#7181 = CARTESIAN_POINT ( 'NONE',  ( -14.17817460259215778, 18.22486238404406222, 4.000000000000000000 ) ) ;
#7182 = DIRECTION ( 'NONE',  ( -0.9377419921775836942, -0.3473326303513915581, 0.000000000000000000 ) ) ;
#7183 = DIRECTION ( 'NONE',  ( 0.000000000000000000, -0.000000000000000000, -1.000000000000000000 ) ) ;
#7184 = EDGE_LOOP ( 'NONE', ( #3884, #2839, #1520, #358 ) ) ;
#7185 = CIRCLE ( 'NONE', #2452, 1.499999999999999778 ) ;
#7186 = PLANE ( 'NONE',  #3458 ) ;
#7187 = FACE_OUTER_BOUND ( 'NONE', #1998, .T. ) ;
#7188 = CARTESIAN_POINT ( 'NONE',  ( -37.78311253585379603, 21.01390591497600369, 12.50000000000000000 ) ) ;
#7189 = VERTEX_POINT ( 'NONE', #5339 ) ;
#7190 = DIRECTION ( 'NONE',  ( -0.000000000000000000, 1.000000000000000000, -0.000000000000000000 ) ) ;
#7191 = DIRECTION ( 'NONE',  ( 0.4999999999999901190, -0.8660254037844443697, 0.000000000000000000 ) ) ;
#7192 = CARTESIAN_POINT ( 'NONE',  ( 17.14963164645766369, -29.00000000000000000, 4.000000000000003553 ) ) ;
#7193 = CARTESIAN_POINT ( 'NONE',  ( 7.499999998803007273, 49.68012966269739650, 3.000000001396454508 ) ) ;
#7194 = EDGE_LOOP ( 'NONE', ( #788, #5998, #4055, #8113, #374, #2710 ) ) ;
#7195 = DIRECTION ( 'NONE',  ( 0.000000000000000000, -1.000000000000000000, 0.000000000000000000 ) ) ;
#7196 = DIRECTION ( 'NONE',  ( 0.000000000000000000, -1.000000000000000000, 0.000000000000000000 ) ) ;
#7197 = CARTESIAN_POINT ( 'NONE',  ( -0.3914528514568810236, -50.06160025763551857, 11.66666666666666607 ) ) ;
#7198 = VECTOR ( 'NONE', #2524, 1000.000000000000000 ) ;
#7199 = LINE ( 'NONE', #8635, #1012 ) ;
#7200 = EDGE_LOOP ( 'NONE', ( #3272, #3854 ) ) ;
#7201 = CYLINDRICAL_SURFACE ( 'NONE', #7065, 0.5999999999999998668 ) ;
#7202 = CIRCLE ( 'NONE', #5496, 2.000000000000001776 ) ;
#7203 = ORIENTED_EDGE ( 'NONE', *, *, #6712, .F. ) ;
#7204 = CARTESIAN_POINT ( 'NONE',  ( 37.90976510064569283, -29.60417997387700240, 10.63489959783025363 ) ) ;
#7205 = CIRCLE ( 'NONE', #8363, 10.00000000000000178 ) ;
#7206 = ORIENTED_EDGE ( 'NONE', *, *, #8050, .F. ) ;
#7207 = CARTESIAN_POINT ( 'NONE',  ( 45.15860311233816304, -8.325866583873127169, 2.299999999999999822 ) ) ;
#7208 = FACE_OUTER_BOUND ( 'NONE', #8682, .T. ) ;
#7209 = EDGE_CURVE ( 'NONE', #7060, #7129, #8201, .T. ) ;
#7210 = AXIS2_PLACEMENT_3D ( 'NONE', #1084, #2566, #4452 ) ;
#7211 = DIRECTION ( 'NONE',  ( 0.000000000000000000, 0.000000000000000000, -1.000000000000000000 ) ) ;
#7212 = ORIENTED_EDGE ( 'NONE', *, *, #7209, .F. ) ;
#7213 = CYLINDRICAL_SURFACE ( 'NONE', #7900, 0.5999999999999998668 ) ;
#7214 = VERTEX_POINT ( 'NONE', #1928 ) ;
#7215 = CARTESIAN_POINT ( 'NONE',  ( 1.807663342512358717, 42.40933969880376253, 35.00000000000000711 ) ) ;
#7216 = CARTESIAN_POINT ( 'NONE',  ( 11.19775998191631494, -9.116737382323046646, 25.05096679924108116 ) ) ;
#7217 = VERTEX_POINT ( 'NONE', #2062 ) ;
#7218 = PLANE ( 'NONE',  #8507 ) ;
#7219 = CARTESIAN_POINT ( 'NONE',  ( -6.045000000000005258, 32.73634711715670420, 11.59999999999999964 ) ) ;
#7220 = CARTESIAN_POINT ( 'NONE',  ( -9.904972040171022840, -12.23429779838367537, 10.09999999999999964 ) ) ;
#7221 = ORIENTED_EDGE ( 'NONE', *, *, #5394, .F. ) ;
#7222 = DIRECTION ( 'NONE',  ( 0.000000000000000000, 0.000000000000000000, -1.000000000000000000 ) ) ;
#7223 = DIRECTION ( 'NONE',  ( 0.000000000000000000, 0.000000000000000000, -1.000000000000000000 ) ) ;
#7224 = VECTOR ( 'NONE', #1055, 1000.000000000000000 ) ;
#7225 = LINE ( 'NONE', #5220, #7687 ) ;
#7226 = ORIENTED_EDGE ( 'NONE', *, *, #2455, .F. ) ;
#7227 = CYLINDRICAL_SURFACE ( 'NONE', #8499, 1.000000000018832935 ) ;
#7228 = EDGE_CURVE ( 'NONE', #4609, #4747, #4670, .T. ) ;
#7229 = DIRECTION ( 'NONE',  ( 0.000000000000000000, 0.000000000000000000, 1.000000000000000000 ) ) ;
#7230 = ORIENTED_EDGE ( 'NONE', *, *, #5691, .T. ) ;
#7231 = CARTESIAN_POINT ( 'NONE',  ( 3.465324307104777013, -49.10669082699950394, 11.66666666666665897 ) ) ;
#7232 = PLANE ( 'NONE',  #6207 ) ;
#7233 = ORIENTED_EDGE ( 'NONE', *, *, #7831, .T. ) ;
#7234 = VECTOR ( 'NONE', #6182, 1000.000000000000000 ) ;
#7235 = VECTOR ( 'NONE', #1897, 1000.000000000000000 ) ;
#7236 = CIRCLE ( 'NONE', #8393, 4.099999999999999645 ) ;
#7237 = DIRECTION ( 'NONE',  ( -1.000000000000000000, -1.387778780781445676E-14, 0.000000000000000000 ) ) ;
#7238 = VERTEX_POINT ( 'NONE', #2011 ) ;
#7239 = ADVANCED_FACE ( 'NONE', ( #3404, #8784 ), #3357, .T. ) ;
#7240 = CARTESIAN_POINT ( 'NONE',  ( -3.841906313806165318, 52.71647217022258047, 0.000000000000000000 ) ) ;
#7241 = EDGE_CURVE ( 'NONE', #8777, #6661, #4710, .T. ) ;
#7242 = CARTESIAN_POINT ( 'NONE',  ( -15.14266087181633047, -9.116737382349995755, 4.000000000000000000 ) ) ;
#7243 = VECTOR ( 'NONE', #5433, 999.9999999999998863 ) ;
#7244 = EDGE_CURVE ( 'NONE', #4439, #4747, #1975, .T. ) ;
#7245 = CARTESIAN_POINT ( 'NONE',  ( -20.70224001811205028, -3.141400665743015352, 30.99999999999999645 ) ) ;
#7246 = VECTOR ( 'NONE', #2486, 1000.000000000000000 ) ;
#7247 = LINE ( 'NONE', #2450, #4310 ) ;
#7248 = ORIENTED_EDGE ( 'NONE', *, *, #4652, .F. ) ;
#7249 = CIRCLE ( 'NONE', #2538, 1.000000000000000888 ) ;
#7250 = DIRECTION ( 'NONE',  ( -0.000000000000000000, -0.000000000000000000, -1.000000000000000000 ) ) ;
#7251 = CARTESIAN_POINT ( 'NONE',  ( -20.23020887378377353, -18.66008129354370837, 0.000000000000000000 ) ) ;
#7252 = ORIENTED_EDGE ( 'NONE', *, *, #219, .T. ) ;
#7253 = CARTESIAN_POINT ( 'NONE',  ( 37.47835733879423969, -30.17590887809816991, 9.656902038103494235 ) ) ;
#7254 = ORIENTED_EDGE ( 'NONE', *, *, #8603, .F. ) ;
#7255 = LINE ( 'NONE', #6586, #2762 ) ;
#7256 = CARTESIAN_POINT ( 'NONE',  ( 40.71998297938547040, -22.30928821533228046, 23.33333333333331794 ) ) ;
#7257 = VECTOR ( 'NONE', #4396, 1000.000000000000000 ) ;
#7258 = LINE ( 'NONE', #6500, #1773 ) ;
#7259 = ORIENTED_EDGE ( 'NONE', *, *, #2228, .F. ) ;
#7260 = CARTESIAN_POINT ( 'NONE',  ( -18.86438724951293011, -17.87152381110634991, 18.09999999999999787 ) ) ;
#7261 = EDGE_LOOP ( 'NONE', ( #6927, #244, #5668, #2292, #1951 ) ) ;
#7262 = ADVANCED_FACE ( 'NONE', ( #8832 ), #4129, .T. ) ;
#7263 = CARTESIAN_POINT ( 'NONE',  ( 26.41571058308455378, 28.20187700022856347, 34.99999999999994316 ) ) ;
#7264 = CARTESIAN_POINT ( 'NONE',  ( -46.63139720754583095, -20.57179677076069169, 9.000000000000000000 ) ) ;
#7265 = ORIENTED_EDGE ( 'NONE', *, *, #487, .T. ) ;
#7266 = LINE ( 'NONE', #5301, #2356 ) ;
#7267 = PLANE ( 'NONE',  #3203 ) ;
#7268 = DIRECTION ( 'NONE',  ( -0.000000000000000000, -0.000000000000000000, -1.000000000000000000 ) ) ;
#7269 = ORIENTED_EDGE ( 'NONE', *, *, #1669, .F. ) ;
#7270 = LINE ( 'NONE', #7861, #14 ) ;
#7271 = EDGE_CURVE ( 'NONE', #4564, #7003, #6025, .T. ) ;
#7272 = LINE ( 'NONE', #2481, #361 ) ;
#7273 = DIRECTION ( 'NONE',  ( 0.000000000000000000, 0.000000000000000000, 1.000000000000000000 ) ) ;
#7274 = EDGE_CURVE ( 'NONE', #8801, #7375, #4752, .T. ) ;
#7275 = VERTEX_POINT ( 'NONE', #6809 ) ;
#7276 = DIRECTION ( 'NONE',  ( 0.000000000000000000, 1.000000000000000000, 0.000000000000000000 ) ) ;
#7277 = LINE ( 'NONE', #1814, #7246 ) ;
#7278 = EDGE_LOOP ( 'NONE', ( #8408, #5940, #8766, #4796 ) ) ;
#7279 = DIRECTION ( 'NONE',  ( -0.000000000000000000, -0.000000000000000000, -1.000000000000000000 ) ) ;
#7280 = CARTESIAN_POINT ( 'NONE',  ( 14.71171412856897476, -8.091954300746134976, 4.000000000000000000 ) ) ;
#7281 = ORIENTED_EDGE ( 'NONE', *, *, #3613, .T. ) ;
#7282 = LINE ( 'NONE', #1908, #3798 ) ;
#7283 = ORIENTED_EDGE ( 'NONE', *, *, #1292, .F. ) ;
#7284 = CARTESIAN_POINT ( 'NONE',  ( -1.022736270234931229E-14, 46.78632794954081930, 23.33333333333333570 ) ) ;
#7285 = CARTESIAN_POINT ( 'NONE',  ( 27.50000000000000355, -3.141400665743015352, 16.00000000000000355 ) ) ;
#7286 = CARTESIAN_POINT ( 'NONE',  ( -3.317083844513054380, -41.53787536565315008, 34.99999999999999289 ) ) ;
#7287 = ORIENTED_EDGE ( 'NONE', *, *, #2493, .T. ) ;
#7288 = DIRECTION ( 'NONE',  ( -0.5000000000000002220, -0.8660254037844384856, 0.000000000000000000 ) ) ;
#7289 = ORIENTED_EDGE ( 'NONE', *, *, #1008, .F. ) ;
#7290 = DIRECTION ( 'NONE',  ( 0.8660254037844432595, 0.4999999999999919509, -0.000000000000000000 ) ) ;
#7291 = FACE_OUTER_BOUND ( 'NONE', #7184, .T. ) ;
#7292 = ORIENTED_EDGE ( 'NONE', *, *, #3436, .T. ) ;
#7293 = CARTESIAN_POINT ( 'NONE',  ( -44.87228234011356420, -17.36925510845826537, 9.656902038106926156 ) ) ;
#7294 = ORIENTED_EDGE ( 'NONE', *, *, #4379, .F. ) ;
#7295 = CARTESIAN_POINT ( 'NONE',  ( 7.499999999999971578, 50.66987298107782323, 9.000000000000000000 ) ) ;
#7296 = CARTESIAN_POINT ( 'NONE',  ( -42.78586780915401988, 23.56169591046274547, 12.50000000000000000 ) ) ;
#7297 = DIRECTION ( 'NONE',  ( -0.000000000000000000, 0.000000000000000000, 1.000000000000000000 ) ) ;
#7298 = VERTEX_POINT ( 'NONE', #670 ) ;
#7299 = LINE ( 'NONE', #1169, #6037 ) ;
#7300 = ORIENTED_EDGE ( 'NONE', *, *, #4865, .F. ) ;
#7301 = CARTESIAN_POINT ( 'NONE',  ( 3.465324307104657553, 49.10669082699950394, 11.66666666666666785 ) ) ;
#7302 = FACE_OUTER_BOUND ( 'NONE', #8259, .T. ) ;
#7303 = ORIENTED_EDGE ( 'NONE', *, *, #8854, .F. ) ;
#7304 = CARTESIAN_POINT ( 'NONE',  ( -34.00989778565062949, -8.450694429803208507, 0.000000000000000000 ) ) ;
#7305 = AXIS2_PLACEMENT_3D ( 'NONE', #5102, #1655, #2368 ) ;
#7306 = VECTOR ( 'NONE', #3808, 1000.000000000000000 ) ;
#7307 = DIRECTION ( 'NONE',  ( 1.000000000000000000, 0.000000000000000000, -0.000000000000000000 ) ) ;
#7308 = DIRECTION ( 'NONE',  ( -0.000000000000000000, 1.000000000000000000, -0.000000000000000000 ) ) ;
#7309 = VERTEX_POINT ( 'NONE', #3223 ) ;
#7310 = CARTESIAN_POINT ( 'NONE',  ( -14.17817460259215778, 25.85859933425698642, 16.49999999999999645 ) ) ;
#7311 = AXIS2_PLACEMENT_3D ( 'NONE', #4636, #7222, #6604 ) ;
#7312 = CARTESIAN_POINT ( 'NONE',  ( -41.96152422706634866, 24.22649730810368851, 17.50000000000000000 ) ) ;
#7313 = DIRECTION ( 'NONE',  ( 1.000000000000000000, 0.000000000000000000, -0.000000000000000000 ) ) ;
#7314 = AXIS2_PLACEMENT_3D ( 'NONE', #5559, #4344, #6940 ) ;
#7315 = ORIENTED_EDGE ( 'NONE', *, *, #6429, .F. ) ;
#7316 = DIRECTION ( 'NONE',  ( -1.000000000000000000, 0.000000000000000000, 0.000000000000000000 ) ) ;
#7317 = DIRECTION ( 'NONE',  ( 0.000000000000000000, 0.000000000000000000, -1.000000000000000000 ) ) ;
#7318 = ORIENTED_EDGE ( 'NONE', *, *, #6121, .T. ) ;
#7319 = CARTESIAN_POINT ( 'NONE',  ( 2.335312976642997196, -49.56246219786556395, 11.66666666666669094 ) ) ;
#7320 = AXIS2_PLACEMENT_3D ( 'NONE', #4444, #1883, #1075 ) ;
#7321 = DIRECTION ( 'NONE',  ( -0.000000000000000000, -0.000000000000000000, -1.000000000000000000 ) ) ;
#7322 = ADVANCED_FACE ( 'NONE', ( #5963 ), #5469, .T. ) ;
#7323 = VERTEX_POINT ( 'NONE', #4266 ) ;
#7324 = VECTOR ( 'NONE', #3486, 1000.000000000000000 ) ;
#7325 = AXIS2_PLACEMENT_3D ( 'NONE', #4337, #3530, #117 ) ;
#7326 = EDGE_CURVE ( 'NONE', #4732, #2925, #1874, .T. ) ;
#7327 = DIRECTION ( 'NONE',  ( 1.000000000000000000, -1.493941974368068244E-16, 0.000000000000000000 ) ) ;
#7328 = CIRCLE ( 'NONE', #1329, 1.000000000000000888 ) ;
#7329 = ORIENTED_EDGE ( 'NONE', *, *, #2732, .F. ) ;
#7330 = CARTESIAN_POINT ( 'NONE',  ( -31.48005753324402534, 25.27797492528408441, 35.00000000000000711 ) ) ;
#7331 = FACE_OUTER_BOUND ( 'NONE', #8130, .T. ) ;
#7332 = CARTESIAN_POINT ( 'NONE',  ( -0.3465733942075594487, -46.67020589906354644, 23.33333333333333215 ) ) ;
#7333 = ORIENTED_EDGE ( 'NONE', *, *, #5135, .T. ) ;
#7334 = CARTESIAN_POINT ( 'NONE',  ( -4.099999999999999645, -46.86226820536257520, 2.299999999999999822 ) ) ;
#7335 = ORIENTED_EDGE ( 'NONE', *, *, #1144, .F. ) ;
#7336 = PRODUCT_CONTEXT ( 'NONE', #7521, 'mechanical' ) ;
#7337 = CARTESIAN_POINT ( 'NONE',  ( 8.799647958782101043, 17.88326261765006109, 27.31370849898443609 ) ) ;
#7338 = ORIENTED_EDGE ( 'NONE', *, *, #5962, .F. ) ;
#7339 = DIRECTION ( 'NONE',  ( 1.000000000000000000, 0.000000000000000000, 0.000000000000000000 ) ) ;
#7340 = AXIS2_PLACEMENT_3D ( 'NONE', #4821, #3380, #6122 ) ;
#7341 = EDGE_CURVE ( 'NONE', #3035, #2622, #3581, .T. ) ;
#7342 = ORIENTED_EDGE ( 'NONE', *, *, #2394, .T. ) ;
#7343 = CARTESIAN_POINT ( 'NONE',  ( -27.49999999999999645, -2.141400665743015352, 35.00000000000000000 ) ) ;
#7344 = CARTESIAN_POINT ( 'NONE',  ( 43.40489990004045495, -25.05983064143696026, 11.66666666666666785 ) ) ;
#7345 = DIRECTION ( 'NONE',  ( -0.000000000000000000, -0.000000000000000000, 1.000000000000000000 ) ) ;
#7346 = ORIENTED_EDGE ( 'NONE', *, *, #2089, .T. ) ;
#7347 = VECTOR ( 'NONE', #852, 1000.000000000000000 ) ;
#7348 = CARTESIAN_POINT ( 'NONE',  ( -6.973032608222956341, 47.55635073123951173, 10.35955570823797700 ) ) ;
#7349 = ORIENTED_EDGE ( 'NONE', *, *, #3608, .F. ) ;
#7350 = VECTOR ( 'NONE', #5444, 999.9999999999998863 ) ;
#7351 = CARTESIAN_POINT ( 'NONE',  ( 12.19775998193514788, -9.116737382323046646, 6.000000000000000000 ) ) ;
#7352 = DIRECTION ( 'NONE',  ( -0.8660254037844432595, -0.4999999999999919509, 0.000000000000000000 ) ) ;
#7353 = ORIENTED_EDGE ( 'NONE', *, *, #411, .F. ) ;
#7354 = CARTESIAN_POINT ( 'NONE',  ( -34.00989778565062949, -8.450694429803208507, 0.000000000000000000 ) ) ;
#7355 = EDGE_CURVE ( 'NONE', #3377, #2376, #2867, .T. ) ;
#7356 = EDGE_CURVE ( 'NONE', #1010, #623, #1736, .T. ) ;
#7357 = VECTOR ( 'NONE', #1227, 1000.000000000000000 ) ;
#7358 = CARTESIAN_POINT ( 'NONE',  ( -14.17817460259215778, 25.85859933425698642, 85.99999999999994316 ) ) ;
#7359 = EDGE_CURVE ( 'NONE', #8871, #8010, #4459, .T. ) ;
#7360 = CIRCLE ( 'NONE', #6225, 2.400000000000000355 ) ;
#7361 = DIRECTION ( 'NONE',  ( -0.000000000000000000, -0.000000000000000000, -1.000000000000000000 ) ) ;
#7362 = ORIENTED_EDGE ( 'NONE', *, *, #2075, .F. ) ;
#7363 = CARTESIAN_POINT ( 'NONE',  ( -45.91711149365897171, -17.85000264481131538, 6.000000000698006986 ) ) ;
#7364 = DIRECTION ( 'NONE',  ( -0.8660254037844432595, -0.4999999999999919509, -0.000000000000000000 ) ) ;
#7365 = LINE ( 'NONE', #6697, #1535 ) ;
#7366 = VERTEX_POINT ( 'NONE', #6993 ) ;
#7367 = CARTESIAN_POINT ( 'NONE',  ( -44.09000782577899002, 22.75879073537257113, 11.66666666666667318 ) ) ;
#7368 = ADVANCED_FACE ( 'NONE', ( #6277 ), #7751, .T. ) ;
#7369 = ORIENTED_EDGE ( 'NONE', *, *, #7609, .F. ) ;
#7370 = CARTESIAN_POINT ( 'NONE',  ( 6.813517330843517961, -43.36821034571438815, 23.33333333333333570 ) ) ;
#7371 = LINE ( 'NONE', #5845, #924 ) ;
#7372 = ORIENTED_EDGE ( 'NONE', *, *, #7439, .T. ) ;
#7373 = AXIS2_PLACEMENT_3D ( 'NONE', #838, #3071, #5055 ) ;
#7374 = CARTESIAN_POINT ( 'NONE',  ( -29.51135802853535850, 29.34100498938873258, 16.50000000000000000 ) ) ;
#7375 = VERTEX_POINT ( 'NONE', #6315 ) ;
#7376 = CARTESIAN_POINT ( 'NONE',  ( -39.49352456541447509, 32.19840296091086884, 0.000000000000000000 ) ) ;
#7377 = EDGE_CURVE ( 'NONE', #6778, #1805, #1530, .T. ) ;
#7378 = CARTESIAN_POINT ( 'NONE',  ( -8.602240018065977267, 17.88326261765006109, 4.000000000000000000 ) ) ;
#7379 = EDGE_CURVE ( 'NONE', #6072, #6274, #3543, .T. ) ;
#7380 = PLANE ( 'NONE',  #1031 ) ;
#7381 = VECTOR ( 'NONE', #2366, 1000.000000000000114 ) ;
#7382 = AXIS2_PLACEMENT_3D ( 'NONE', #4423, #7778, #5589 ) ;
#7383 = EDGE_LOOP ( 'NONE', ( #6408, #1746, #8714, #3370 ) ) ;
#7384 = DIRECTION ( 'NONE',  ( -0.9781352566858384501, -0.2079697565227427714, 0.000000000000000000 ) ) ;
#7385 = CIRCLE ( 'NONE', #6668, 1.499999999999998890 ) ;
#7386 = CARTESIAN_POINT ( 'NONE',  ( -35.78311253585457763, 24.47800753011462405, 5.000000000000000888 ) ) ;
#7387 = CYLINDRICAL_SURFACE ( 'NONE', #5505, 1.000000000018832935 ) ;
#7388 = ADVANCED_FACE ( 'NONE', ( #128 ), #3495, .F. ) ;
#7389 = CARTESIAN_POINT ( 'NONE',  ( 7.997759981897648807, 14.88326261767695158, 25.05096679924108116 ) ) ;
#7390 = DIRECTION ( 'NONE',  ( -1.000000000000000000, 0.000000000000000000, -0.000000000000000000 ) ) ;
#7391 = EDGE_CURVE ( 'NONE', #3929, #6153, #6308, .T. ) ;
#7392 = ORIENTED_EDGE ( 'NONE', *, *, #2797, .T. ) ;
#7393 = DIRECTION ( 'NONE',  ( 1.000000000000000000, 0.000000000000000000, 0.000000000000000000 ) ) ;
#7394 = LINE ( 'NONE', #6900, #5091 ) ;
#7395 = CARTESIAN_POINT ( 'NONE',  ( -19.23020887378379129, -20.39213210111259400, 10.09999999999999964 ) ) ;
#7396 = ORIENTED_EDGE ( 'NONE', *, *, #492, .T. ) ;
#7397 = LINE ( 'NONE', #6811, #4041 ) ;
#7398 = AXIS2_PLACEMENT_3D ( 'NONE', #5639, #7747, #8287 ) ;
#7399 = ORIENTED_EDGE ( 'NONE', *, *, #2527, .F. ) ;
#7400 = CIRCLE ( 'NONE', #8403, 4.099999999999999645 ) ;
#7401 = FACE_OUTER_BOUND ( 'NONE', #8561, .T. ) ;
#7402 = EDGE_LOOP ( 'NONE', ( #7082, #6564, #351, #8144, #4611, #1318 ) ) ;
#7403 = DIRECTION ( 'NONE',  ( -0.000000000000000000, 1.000000000000000000, 0.000000000000000000 ) ) ;
#7404 = CARTESIAN_POINT ( 'NONE',  ( -4.213287844756058220, 48.93839829375050243, 11.00000000000000000 ) ) ;
#7405 = PLANE ( 'NONE',  #8632 ) ;
#7406 = ADVANCED_FACE ( 'NONE', ( #8334 ), #2153, .F. ) ;
#7407 = EDGE_LOOP ( 'NONE', ( #972, #2970, #3999, #3690 ) ) ;
#7408 = FACE_BOUND ( 'NONE', #6458, .T. ) ;
#7409 = EDGE_CURVE ( 'NONE', #1493, #3053, #4887, .T. ) ;
#7410 = ORIENTED_EDGE ( 'NONE', *, *, #1700, .T. ) ;
#7411 = EDGE_CURVE ( 'NONE', #1406, #6762, #3153, .T. ) ;
#7412 = DIRECTION ( 'NONE',  ( 1.000000000000000000, 0.000000000000000000, 0.000000000000000000 ) ) ;
#7413 = LINE ( 'NONE', #8757, #5395 ) ;
#7414 = ORIENTED_EDGE ( 'NONE', *, *, #7087, .F. ) ;
#7415 = PLANE ( 'NONE',  #1503 ) ;
#7416 = ORIENTED_EDGE ( 'NONE', *, *, #307, .T. ) ;
#7417 = CARTESIAN_POINT ( 'NONE',  ( 28.68402912493148449, -30.74126447408267993, 23.33333333333330728 ) ) ;
#7418 = CYLINDRICAL_SURFACE ( 'NONE', #7641, 0.8000000000000012657 ) ;
#7419 = ORIENTED_EDGE ( 'NONE', *, *, #2773, .F. ) ;
#7420 = CARTESIAN_POINT ( 'NONE',  ( -24.40952427225795418, 18.24084142499060590, 85.99999999999994316 ) ) ;
#7421 = ORIENTED_EDGE ( 'NONE', *, *, #4911, .F. ) ;
#7422 = CARTESIAN_POINT ( 'NONE',  ( -34.15121321063417525, 27.58478427049301374, 23.33333333333334281 ) ) ;
#7423 = FACE_BOUND ( 'NONE', #6298, .T. ) ;
#7424 = EDGE_CURVE ( 'NONE', #3869, #3880, #2191, .T. ) ;
#7425 = CARTESIAN_POINT ( 'NONE',  ( -20.48236527073861168, -35.47649730810382351, 23.33333333333334636 ) ) ;
#7426 = VERTEX_POINT ( 'NONE', #2785 ) ;
#7427 = DIRECTION ( 'NONE',  ( -0.000000000000000000, -0.000000000000000000, -1.000000000000000000 ) ) ;
#7428 = EDGE_CURVE ( 'NONE', #8402, #8509, #5317, .T. ) ;
#7429 = DIRECTION ( 'NONE',  ( -0.8517350830442211862, 0.5239726598894770548, 0.000000000000000000 ) ) ;
#7430 = CARTESIAN_POINT ( 'NONE',  ( 44.48854006528701888, -19.33461762007911844, 11.00000000000000000 ) ) ;
#7431 = ORIENTED_EDGE ( 'NONE', *, *, #1680, .F. ) ;
#7432 = CARTESIAN_POINT ( 'NONE',  ( -40.13139720814444189, -31.83012701892181440, 9.000000000000000000 ) ) ;
#7433 = ORIENTED_EDGE ( 'NONE', *, *, #7008, .T. ) ;
#7434 = DIRECTION ( 'NONE',  ( -0.000000000000000000, -0.000000000000000000, 1.000000000000000000 ) ) ;
#7435 = CARTESIAN_POINT ( 'NONE',  ( -28.50000000000000000, 0.5237981084160741041, 12.49999999999999645 ) ) ;
#7436 = DIRECTION ( 'NONE',  ( -1.000000000000000000, 0.000000000000000000, 0.000000000000000000 ) ) ;
#7438 = ORIENTED_EDGE ( 'NONE', *, *, #7510, .F. ) ;
#7437 = EDGE_CURVE ( 'NONE', #1805, #8466, #4024, .T. ) ;
#7439 = EDGE_CURVE ( 'NONE', #221, #5788, #1489, .T. ) ;
#7440 = CARTESIAN_POINT ( 'NONE',  ( -9.859227261804676345, 33.37949395435406075, 16.49999999999999645 ) ) ;
#7441 = VERTEX_POINT ( 'NONE', #4933 ) ;
#7442 = EDGE_CURVE ( 'NONE', #7426, #5973, #7664, .T. ) ;
#7443 = DIRECTION ( 'NONE',  ( -1.000000000000000000, 0.000000000000000000, 0.000000000000000000 ) ) ;
#7444 = VERTEX_POINT ( 'NONE', #5900 ) ;
#7445 = CARTESIAN_POINT ( 'NONE',  ( -14.82393764822158388, 15.93651635355000273, 25.05096679924108116 ) ) ;
#7446 = CARTESIAN_POINT ( 'NONE',  ( -44.48854006528696203, -20.82038483986039878, 11.00000000000000178 ) ) ;
#7447 = ADVANCED_BREP_SHAPE_REPRESENTATION ( '\X2\8f664f53\X0\4', ( #2410, #6354 ), #6215 ) ;
#7448 = CARTESIAN_POINT ( 'NONE',  ( 13.78348506850107746, 28.93535121240287111, 0.000000000000000000 ) ) ;
#7449 = VERTEX_POINT ( 'NONE', #1016 ) ;
#7450 = DIRECTION ( 'NONE',  ( 0.8660254037844361541, -0.5000000000000041078, 0.000000000000000000 ) ) ;
#7451 = VERTEX_POINT ( 'NONE', #2411 ) ;
#7452 = CARTESIAN_POINT ( 'NONE',  ( 16.50000000000000355, -32.03553925944023462, 12.00000000000000711 ) ) ;
#7453 = CARTESIAN_POINT ( 'NONE',  ( -22.90000000000000213, -29.00000000000000000, 19.00000000000000355 ) ) ;
#7454 = VERTEX_POINT ( 'NONE', #3672 ) ;
#7455 = CARTESIAN_POINT ( 'NONE',  ( 0.000000000000000000, 0.000000000000000000, 30.50000000000000355 ) ) ;
#7456 = EDGE_LOOP ( 'NONE', ( #1462, #3440, #5986, #7482 ) ) ;
#7457 = DIRECTION ( 'NONE',  ( 1.000000000000000000, 0.000000000000000000, -0.000000000000000000 ) ) ;
#7458 = CARTESIAN_POINT ( 'NONE',  ( -47.63139720814414346, 21.72649730810373470, 0.000000000000000000 ) ) ;
#7459 = ORIENTED_EDGE ( 'NONE', *, *, #3573, .T. ) ;
#7460 = AXIS2_PLACEMENT_3D ( 'NONE', #2078, #4811, #1412 ) ;
#7461 = AXIS2_PLACEMENT_3D ( 'NONE', #4775, #11, #1418 ) ;
#7462 = CARTESIAN_POINT ( 'NONE',  ( -9.707022081916605316, -31.10007460160269588, 30.99999999999999645 ) ) ;
#7463 = ORIENTED_EDGE ( 'NONE', *, *, #7519, .F. ) ;
#7464 = DIRECTION ( 'NONE',  ( 0.8660254037844363761, -0.5000000000000038858, -0.000000000000000000 ) ) ;
#7465 = CIRCLE ( 'NONE', #7320, 2.400000000000000355 ) ;
#7466 = DIRECTION ( 'NONE',  ( -1.000000000000000000, 0.000000000000000000, 0.000000000000000000 ) ) ;
#7467 = CARTESIAN_POINT ( 'NONE',  ( -40.10967058561700327, -27.99366909568934503, 11.66666666666666785 ) ) ;
#7468 = ORIENTED_EDGE ( 'NONE', *, *, #7735, .F. ) ;
#7469 = AXIS2_PLACEMENT_3D ( 'NONE', #3026, #1009, #5682 ) ;
#7470 = CIRCLE ( 'NONE', #3614, 3.340420853704234361 ) ;
#7471 = AXIS2_PLACEMENT_3D ( 'NONE', #4973, #7029, #212 ) ;
#7472 = LINE ( 'NONE', #614, #5334 ) ;
#7473 = DIRECTION ( 'NONE',  ( -0.4999999999999915623, -0.8660254037844434816, 0.000000000000000000 ) ) ;
#7474 = DIRECTION ( 'NONE',  ( -0.9448157352777264428, -0.3276022380442617510, 0.000000000000000000 ) ) ;
#7475 = ORIENTED_EDGE ( 'NONE', *, *, #368, .T. ) ;
#7476 = DIRECTION ( 'NONE',  ( -1.000000000000000000, -4.496403249731883200E-15, -0.000000000000000000 ) ) ;
#7477 = PLANE ( 'NONE',  #3225 ) ;
#7478 = CARTESIAN_POINT ( 'NONE',  ( 4.099999999999999645, -46.86226820536257520, 2.299999999999999822 ) ) ;
#7479 = ORIENTED_EDGE ( 'NONE', *, *, #6073, .T. ) ;
#7480 = CARTESIAN_POINT ( 'NONE',  ( 23.42578719281917898, -37.42613425903340385, 12.27282202287571877 ) ) ;
#7481 = VECTOR ( 'NONE', #4497, 1000.000000000000000 ) ;
#7482 = ORIENTED_EDGE ( 'NONE', *, *, #8105, .F. ) ;
#7483 = DIRECTION ( 'NONE',  ( 0.000000000000000000, 0.000000000000000000, -1.000000000000000000 ) ) ;
#7484 = ORIENTED_EDGE ( 'NONE', *, *, #8548, .T. ) ;
#7485 = DIRECTION ( 'NONE',  ( -1.000000000000000000, 0.000000000000000000, 0.000000000000000000 ) ) ;
#7486 = CARTESIAN_POINT ( 'NONE',  ( -12.32203622912169294, 25.11378369362475027, 0.000000000000000000 ) ) ;
#7487 = EDGE_CURVE ( 'NONE', #2635, #377, #2739, .T. ) ;
#7488 = B_SPLINE_CURVE_WITH_KNOTS ( 'NONE', 3,
 ( #4828, #6882, #5591, #737, #2770 ),
 .UNSPECIFIED., .F., .F.,
 ( 4, 1, 4 ),
 ( 0.000000000000000000, 0.005775126337184631128, 0.006697263122599638949 ),
 .UNSPECIFIED. ) ;
#7489 = CARTESIAN_POINT ( 'NONE',  ( -5.500000001199720323, 48.19551468385818538, 10.99999999999999645 ) ) ;
#7490 = EDGE_CURVE ( 'NONE', #6345, #1152, #3756, .T. ) ;
#7491 = VECTOR ( 'NONE', #3270, 1000.000000000000114 ) ;
#7492 = CARTESIAN_POINT ( 'NONE',  ( -37.46185691933844453, -9.613715481249377248, 0.000000000000000000 ) ) ;
#7493 = VERTEX_POINT ( 'NONE', #4434 ) ;
#7494 = DIRECTION ( 'NONE',  ( 0.000000000000000000, 0.000000000000000000, -1.000000000000000000 ) ) ;
#7495 = VECTOR ( 'NONE', #8310, 1000.000000000000000 ) ;
#7496 = ORIENTED_EDGE ( 'NONE', *, *, #6771, .F. ) ;
#7497 = DIRECTION ( 'NONE',  ( -0.000000000000000000, -0.000000000000000000, -1.000000000000000000 ) ) ;
#7498 = LINE ( 'NONE', #4770, #5778 ) ;
#7499 = EDGE_CURVE ( 'NONE', #8833, #7189, #5768, .T. ) ;
#7500 = AXIS2_PLACEMENT_3D ( 'NONE', #8748, #3867, #7307 ) ;
#7501 = ORIENTED_EDGE ( 'NONE', *, *, #373, .T. ) ;
#7502 = DIRECTION ( 'NONE',  ( -1.000000000000000000, 0.000000000000000000, 0.000000000000000000 ) ) ;
#7503 = ORIENTED_EDGE ( 'NONE', *, *, #8175, .T. ) ;
#7504 = LINE ( 'NONE', #2672, #3599 ) ;
#7505 = AXIS2_PLACEMENT_3D ( 'NONE', #7096, #7639, #1509 ) ;
#7506 = CARTESIAN_POINT ( 'NONE',  ( -13.40705325501500056, -38.60007460160269943, 12.00000000000000000 ) ) ;
#7507 = ORIENTED_EDGE ( 'NONE', *, *, #7938, .F. ) ;
#7508 = CIRCLE ( 'NONE', #7080, 0.8000000000000000444 ) ;
#7509 = ORIENTED_EDGE ( 'NONE', *, *, #7120, .T. ) ;
#7510 = EDGE_CURVE ( 'NONE', #3202, #3843, #5061, .T. ) ;
#7511 = LINE ( 'NONE', #6839, #1794 ) ;
#7512 = ORIENTED_EDGE ( 'NONE', *, *, #5557, .T. ) ;
#7513 = CARTESIAN_POINT ( 'NONE',  ( -13.40705325501500056, -38.60007460160269943, 12.00000000000000000 ) ) ;
#7514 = DIRECTION ( 'NONE',  ( 0.000000000000000000, 0.000000000000000000, -1.000000000000000000 ) ) ;
#7515 = LINE ( 'NONE', #2049, #5047 ) ;
#7516 = VERTEX_POINT ( 'NONE', #7875 ) ;
#7517 = DIRECTION ( 'NONE',  ( 0.8660254037844387076, -0.5000000000000001110, 0.000000000000000000 ) ) ;
#7518 = EDGE_CURVE ( 'NONE', #1469, #7449, #7199, .T. ) ;
#7519 = EDGE_CURVE ( 'NONE', #3342, #4378, #8169, .T. ) ;
#7520 = CARTESIAN_POINT ( 'NONE',  ( -15.49999999999999645, -6.506203797966179536, 10.09999999999999964 ) ) ;
#7521 = APPLICATION_CONTEXT ( 'automotive_design' ) ;
#7522 = FACE_OUTER_BOUND ( 'NONE', #2554, .T. ) ;
#7523 = EDGE_CURVE ( 'NONE', #6688, #4421, #3034, .T. ) ;
#7524 = CARTESIAN_POINT ( 'NONE',  ( -12.32203622912169294, 25.11378369362475027, 16.49999999999999645 ) ) ;
#7525 = CARTESIAN_POINT ( 'NONE',  ( 0.000000000000000000, 0.000000000000000000, 4.000000000000000000 ) ) ;
#7526 = CIRCLE ( 'NONE', #8665, 1.200000000051049120 ) ;
#7527 = ORIENTED_EDGE ( 'NONE', *, *, #68, .F. ) ;
#7528 = CARTESIAN_POINT ( 'NONE',  ( -3.605974651467714232, -4.898254318786716688, 4.000000000000000000 ) ) ;
#7529 = LINE ( 'NONE', #6232, #4808 ) ;
#7530 = LINE ( 'NONE', #8071, #5640 ) ;
#7531 = ORIENTED_EDGE ( 'NONE', *, *, #7902, .T. ) ;
#7532 = CARTESIAN_POINT ( 'NONE',  ( 38.16565829136300891, 28.93535121240287111, 50.07496987852774595 ) ) ;
#7533 = EDGE_CURVE ( 'NONE', #7189, #6052, #1739, .T. ) ;
#7534 = VECTOR ( 'NONE', #596, 1000.000000000000000 ) ;
#7535 = ORIENTED_EDGE ( 'NONE', *, *, #1825, .F. ) ;
#7536 = DIRECTION ( 'NONE',  ( -0.000000000000000000, 0.000000000000000000, 1.000000000000000000 ) ) ;
#7537 = ORIENTED_EDGE ( 'NONE', *, *, #4045, .T. ) ;
#7538 = CARTESIAN_POINT ( 'NONE',  ( 45.73139720814404541, -22.13064249653673699, 4.999999999999996447 ) ) ;
#7539 = CYLINDRICAL_SURFACE ( 'NONE', #6251, 2.399999999999999023 ) ;
#7540 = DIRECTION ( 'NONE',  ( 1.000000000000000000, 0.000000000000000000, 0.000000000000000000 ) ) ;
#7541 = AXIS2_PLACEMENT_3D ( 'NONE', #293, #1778, #5896 ) ;
#7542 = CARTESIAN_POINT ( 'NONE',  ( -23.50000000000000355, -36.63751215277378037, 14.53333333333334032 ) ) ;
#7543 = ORIENTED_EDGE ( 'NONE', *, *, #8841, .F. ) ;
#7544 = CARTESIAN_POINT ( 'NONE',  ( 22.90000000000000213, -29.00000000000000000, 18.99999999999999289 ) ) ;
#7545 = CIRCLE ( 'NONE', #4827, 2.400000000000000355 ) ;
#7546 = VECTOR ( 'NONE', #8445, 1000.000000000000000 ) ;
#7547 = AXIS2_PLACEMENT_3D ( 'NONE', #8220, #4723, #6113 ) ;
#7548 = ADVANCED_FACE ( 'NONE', ( #7161, #5236 ), #8588, .T. ) ;
#7549 = ORIENTED_EDGE ( 'NONE', *, *, #6417, .T. ) ;
#7550 = DIRECTION ( 'NONE',  ( 0.4999999999999987232, 0.8660254037844393737, -0.000000000000000000 ) ) ;
#7551 = LINE ( 'NONE', #1415, #2100 ) ;
#7552 = VERTEX_POINT ( 'NONE', #1061 ) ;
#7553 = LINE ( 'NONE', #2759, #628 ) ;
#7554 = DIRECTION ( 'NONE',  ( -1.000000000000000000, 0.000000000000000000, 0.000000000000000000 ) ) ;
#7555 = ADVANCED_FACE ( 'NONE', ( #3799 ), #1781, .T. ) ;
#7556 = CIRCLE ( 'NONE', #1821, 0.8000000000000034861 ) ;
#7557 = LINE ( 'NONE', #7458, #762 ) ;
#7558 = ORIENTED_EDGE ( 'NONE', *, *, #4918, .T. ) ;
#7559 = ADVANCED_FACE ( 'NONE', ( #2324 ), #5814, .T. ) ;
#7560 = VERTEX_POINT ( 'NONE', #342 ) ;
#7561 = EDGE_CURVE ( 'NONE', #6006, #1551, #4739, .T. ) ;
#7562 = LINE ( 'NONE', #3430, #8808 ) ;
#7563 = VERTEX_POINT ( 'NONE', #1830 ) ;
#7564 = FACE_OUTER_BOUND ( 'NONE', #8394, .T. ) ;
#7565 = CARTESIAN_POINT ( 'NONE',  ( 43.01537180435958874, -24.83493649053911412, 5.000000000000000000 ) ) ;
#7566 = CARTESIAN_POINT ( 'NONE',  ( -26.41571058308455378, -28.20187700022837518, 35.00000000000000711 ) ) ;
#7567 = ORIENTED_EDGE ( 'NONE', *, *, #3139, .T. ) ;
#7568 = EDGE_CURVE ( 'NONE', #2206, #8859, #2990, .T. ) ;
#7569 = LINE ( 'NONE', #73, #6044 ) ;
#7570 = LINE ( 'NONE', #1043, #7883 ) ;
#7571 = CARTESIAN_POINT ( 'NONE',  ( 45.08139720814403262, -23.25647552145647268, 5.000000000000000000 ) ) ;
#7572 = DIRECTION ( 'NONE',  ( 0.000000000000000000, 0.000000000000000000, -1.000000000000000000 ) ) ;
#7573 = EDGE_LOOP ( 'NONE', ( #1921, #8839, #2604, #8207, #5340, #714 ) ) ;
#7574 = CARTESIAN_POINT ( 'NONE',  ( 46.07348509163541905, -27.10437217193523907, 0.000000000000000000 ) ) ;
#7575 = CARTESIAN_POINT ( 'NONE',  ( -13.40705325501500056, -41.10007460160269233, 0.000000000000000000 ) ) ;
#7576 = EDGE_CURVE ( 'NONE', #8253, #1722, #7247, .T. ) ;
#7577 = DIRECTION ( 'NONE',  ( 0.000000000000000000, 0.000000000000000000, -1.000000000000000000 ) ) ;
#7578 = VERTEX_POINT ( 'NONE', #5723 ) ;
#7579 = LINE ( 'NONE', #7714, #7617 ) ;
#7580 = EDGE_LOOP ( 'NONE', ( #812, #2383, #7254, #8552, #5641, #5951, #3301, #5949, #7651 ) ) ;
#7581 = B_SPLINE_CURVE_WITH_KNOTS ( 'NONE', 3,
 ( #6261, #8315, #3521, #5284 ),
 .UNSPECIFIED., .F., .F.,
 ( 4, 4 ),
 ( 0.000000000000000000, 0.8055555555555553582 ),
 .UNSPECIFIED. ) ;
#7582 = CARTESIAN_POINT ( 'NONE',  ( 38.16565829136300891, 25.18882062048294301, 0.000000000000000000 ) ) ;
#7583 = ORIENTED_EDGE ( 'NONE', *, *, #1384, .T. ) ;
#7584 = CARTESIAN_POINT ( 'NONE',  ( -28.50851328461825673, 31.07798303795655670, 16.50000000000000000 ) ) ;
#7585 = CARTESIAN_POINT ( 'NONE',  ( 14.66760724610477418, 37.94555364585769297, 0.000000000000000000 ) ) ;
#7586 = FACE_BOUND ( 'NONE', #7111, .T. ) ;
#7587 = EDGE_LOOP ( 'NONE', ( #4170, #1599, #2150, #101 ) ) ;
#7588 = DIRECTION ( 'NONE',  ( 0.000000000000000000, -0.000000000000000000, -1.000000000000000000 ) ) ;
#7589 = EDGE_LOOP ( 'NONE', ( #6255, #8550, #4715, #7509 ) ) ;
#7590 = DIRECTION ( 'NONE',  ( -0.000000000000000000, -0.000000000000000000, -1.000000000000000000 ) ) ;
#7591 = LINE ( 'NONE', #6828, #6933 ) ;
#7592 = ORIENTED_EDGE ( 'NONE', *, *, #206, .F. ) ;
#7593 = DIRECTION ( 'NONE',  ( 0.5000000000000051070, 0.8660254037844357100, 0.000000000000000000 ) ) ;
#7594 = B_SPLINE_CURVE_WITH_KNOTS ( 'NONE', 3,
 ( #3069, #7866, #5716, #1728, #7830, #285, #6520, #8621, #7784, #3109 ),
 .UNSPECIFIED., .F., .F.,
 ( 4, 2, 2, 2, 4 ),
 ( 0.000000000000000000, 0.0002455346332512430528, 0.0004910692665024861056, 0.0007366038997537291584, 0.0009821385330049722112 ),
 .UNSPECIFIED. ) ;
#7595 = DIRECTION ( 'NONE',  ( 0.000000000000000000, 0.000000000000000000, -1.000000000000000000 ) ) ;
#7596 = DIRECTION ( 'NONE',  ( 0.000000000000000000, 0.000000000000000000, -1.000000000000000000 ) ) ;
#7597 = ORIENTED_EDGE ( 'NONE', *, *, #6601, .F. ) ;
#7598 = CARTESIAN_POINT ( 'NONE',  ( 14.66760724610477418, 37.94555364585769297, 2.299999999999999822 ) ) ;
#7599 = ORIENTED_EDGE ( 'NONE', *, *, #3561, .F. ) ;
#7600 = CARTESIAN_POINT ( 'NONE',  ( -39.99287180435997158, -30.07006005641547119, 10.09999999999999964 ) ) ;
#7601 = VERTEX_POINT ( 'NONE', #7123 ) ;
#7602 = PLANE ( 'NONE',  #4835 ) ;
#7603 = CARTESIAN_POINT ( 'NONE',  ( 33.37114317029965349, -23.53923048454152323, 4.999999999999998224 ) ) ;
#7604 = DIRECTION ( 'NONE',  ( 0.000000000000000000, -1.000000000000000000, 0.000000000000000000 ) ) ;
#7605 = EDGE_CURVE ( 'NONE', #6751, #2851, #4518, .T. ) ;
#7606 = VECTOR ( 'NONE', #2501, 1000.000000000000000 ) ;
#7607 = VECTOR ( 'NONE', #6119, 1000.000000000000000 ) ;
#7608 = ORIENTED_EDGE ( 'NONE', *, *, #6091, .F. ) ;
#7609 = EDGE_CURVE ( 'NONE', #1866, #4267, #434, .T. ) ;
#7610 = DIRECTION ( 'NONE',  ( 0.9995339578468541708, 0.03052649850544824836, 0.000000000000000000 ) ) ;
#7611 = DIRECTION ( 'NONE',  ( -1.000000000000000000, 0.000000000000000000, 0.000000000000000000 ) ) ;
#7612 = PLANE ( 'NONE',  #1817 ) ;
#7613 = CARTESIAN_POINT ( 'NONE',  ( -12.80224001810234746, 14.88326261767710967, 6.000000000000000000 ) ) ;
#7614 = VECTOR ( 'NONE', #1484, 1000.000000000000000 ) ;
#7615 = VERTEX_POINT ( 'NONE', #6926 ) ;
#7616 = CARTESIAN_POINT ( 'NONE',  ( 41.63139720814401556, -29.23205080756911300, 4.999999999999998224 ) ) ;
#7617 = VECTOR ( 'NONE', #4169, 1000.000000000000000 ) ;
#7618 = DIRECTION ( 'NONE',  ( -0.000000000000000000, 1.000000000000000000, -0.000000000000000000 ) ) ;
#7619 = ORIENTED_EDGE ( 'NONE', *, *, #7780, .T. ) ;
#7620 = CARTESIAN_POINT ( 'NONE',  ( -37.54691191046129006, -30.01214235807218245, 10.03332242089791571 ) ) ;
#7621 = AXIS2_PLACEMENT_3D ( 'NONE', #6351, #2903, #3482 ) ;
#7622 = EDGE_LOOP ( 'NONE', ( #3860, #2653 ) ) ;
#7623 = EDGE_CURVE ( 'NONE', #7441, #3287, #7171, .T. ) ;
#7624 = EDGE_CURVE ( 'NONE', #7217, #2403, #3881, .T. ) ;
#7625 = DIRECTION ( 'NONE',  ( 1.000000000000000000, 0.000000000000000000, -0.000000000000000000 ) ) ;
#7626 = VECTOR ( 'NONE', #3722, 1000.000000000000000 ) ;
#7627 = ORIENTED_EDGE ( 'NONE', *, *, #2580, .F. ) ;
#7628 = CARTESIAN_POINT ( 'NONE',  ( -16.57421280718082102, -39.25250734773670303, 18.72717797712429189 ) ) ;
#7629 = DIRECTION ( 'NONE',  ( 0.000000000000000000, 0.000000000000000000, 1.000000000000000000 ) ) ;
#7630 = CARTESIAN_POINT ( 'NONE',  ( -15.49999999999999645, -6.506203797966179536, 16.00000000000000000 ) ) ;
#7631 = ORIENTED_EDGE ( 'NONE', *, *, #256, .T. ) ;
#7632 = CARTESIAN_POINT ( 'NONE',  ( -13.40705325501500056, -41.10007460160269233, 12.00000000000000000 ) ) ;
#7633 = VERTEX_POINT ( 'NONE', #7334 ) ;
#7634 = EDGE_CURVE ( 'NONE', #8871, #2008, #5996, .T. ) ;
#7635 = ADVANCED_FACE ( 'NONE', ( #8060 ), #3348, .F. ) ;
#7636 = CARTESIAN_POINT ( 'NONE',  ( -11.80224001808351453, 14.88326261767710967, 6.000000000000000000 ) ) ;
#7637 = DIRECTION ( 'NONE',  ( -0.5000000000000039968, 0.8660254037844363761, 0.000000000000000000 ) ) ;
#7638 = ORIENTED_EDGE ( 'NONE', *, *, #8164, .F. ) ;
#7639 = DIRECTION ( 'NONE',  ( 0.8660254037844364872, -0.5000000000000039968, -0.000000000000000000 ) ) ;
#7640 = ADVANCED_FACE ( 'NONE', ( #1917 ), #8274, .F. ) ;
#7641 = AXIS2_PLACEMENT_3D ( 'NONE', #4776, #6161, #1283 ) ;
#7642 = CARTESIAN_POINT ( 'NONE',  ( -29.64338071280383602, -10.13444907972475484, -1.499999999999999556 ) ) ;
#7643 = PLANE ( 'NONE',  #3046 ) ;
#7644 = EDGE_LOOP ( 'NONE', ( #425, #8275, #461, #7036 ) ) ;
#7645 = CARTESIAN_POINT ( 'NONE',  ( 38.16565829136300891, -2.742840745465485064, 0.000000000000000000 ) ) ;
#7646 = ORIENTED_EDGE ( 'NONE', *, *, #7822, .T. ) ;
#7647 = VECTOR ( 'NONE', #493, 1000.000000000000000 ) ;
#7648 = EDGE_CURVE ( 'NONE', #8223, #6488, #7581, .T. ) ;
#7649 = CARTESIAN_POINT ( 'NONE',  ( 8.799647958782081503, 17.00200250841832172, 4.000000000000000000 ) ) ;
#7650 = VECTOR ( 'NONE', #2890, 1000.000000000000000 ) ;
#7651 = ORIENTED_EDGE ( 'NONE', *, *, #8743, .T. ) ;
#7652 = CARTESIAN_POINT ( 'NONE',  ( 5.499999998803011714, 48.19551468524193893, 11.00000000000000533 ) ) ;
#7653 = LINE ( 'NONE', #2817, #1249 ) ;
#7654 = CARTESIAN_POINT ( 'NONE',  ( -8.602240018065977267, 14.88326261767710967, 16.00000000000000355 ) ) ;
#7655 = CIRCLE ( 'NONE', #484, 3.200000000017535928 ) ;
#7656 = ORIENTED_EDGE ( 'NONE', *, *, #3805, .F. ) ;
#7657 = ADVANCED_FACE ( 'NONE', ( #6082 ), #1465, .T. ) ;
#7658 = CARTESIAN_POINT ( 'NONE',  ( 11.19775998191648192, 14.88326261767695158, 4.000000000000000000 ) ) ;
#7659 = FACE_OUTER_BOUND ( 'NONE', #4113, .T. ) ;
#7660 = LINE ( 'NONE', #2987, #2690 ) ;
#7661 = ORIENTED_EDGE ( 'NONE', *, *, #206, .T. ) ;
#7662 = DIRECTION ( 'NONE',  ( 0.5000000000000051070, 0.8660254037844357100, 0.000000000000000000 ) ) ;
#7663 = CARTESIAN_POINT ( 'NONE',  ( -40.76537180435997954, -28.73205080756848773, 4.999999999999996447 ) ) ;
#7664 = LINE ( 'NONE', #296, #2014 ) ;
#7665 = ORIENTED_EDGE ( 'NONE', *, *, #7241, .F. ) ;
#7666 = EDGE_CURVE ( 'NONE', #6345, #2705, #6758, .T. ) ;
#7667 = CARTESIAN_POINT ( 'NONE',  ( -23.50000000000000355, -29.00000000000000000, 12.00000000000000000 ) ) ;
#7668 = AXIS2_PLACEMENT_3D ( 'NONE', #1864, #7327, #1196 ) ;
#7669 = EDGE_CURVE ( 'NONE', #6274, #5728, #5328, .T. ) ;
#7670 = ORIENTED_EDGE ( 'NONE', *, *, #1192, .T. ) ;
#7671 = DIRECTION ( 'NONE',  ( -0.5000000000000079936, 0.8660254037844340447, 0.000000000000000000 ) ) ;
#7672 = ORIENTED_EDGE ( 'NONE', *, *, #1203, .F. ) ;
#7673 = CARTESIAN_POINT ( 'NONE',  ( -24.50261221182715587, -8.105831711875108425, 10.72132034355964159 ) ) ;
#7674 = CARTESIAN_POINT ( 'NONE',  ( 37.63139720814410794, 3.955169525227120175E-13, 35.00000000000002842 ) ) ;
#7675 = VECTOR ( 'NONE', #3402, 1000.000000000000000 ) ;
#7676 = VECTOR ( 'NONE', #5932, 1000.000000000000000 ) ;
#7677 = LINE ( 'NONE', #224, #1352 ) ;
#7678 = ORIENTED_EDGE ( 'NONE', *, *, #1302, .F. ) ;
#7679 = CARTESIAN_POINT ( 'NONE',  ( -32.67204633624005794, -11.88304999270118856, 11.59999999999999964 ) ) ;
#7680 = AXIS2_PLACEMENT_3D ( 'NONE', #5436, #1189, #2794 ) ;
#7681 = ORIENTED_EDGE ( 'NONE', *, *, #8638, .T. ) ;
#7682 = DIRECTION ( 'NONE',  ( 3.528681642006276099E-16, 1.000000000000000000, -0.000000000000000000 ) ) ;
#7683 = CARTESIAN_POINT ( 'NONE',  ( 20.12620908988083102, 17.88326261765006109, -47.99999999999992895 ) ) ;
#7684 = AXIS2_PLACEMENT_3D ( 'NONE', #4003, #6907, #6100 ) ;
#7685 = ORIENTED_EDGE ( 'NONE', *, *, #4932, .F. ) ;
#7686 = LINE ( 'NONE', #954, #7789 ) ;
#7687 = VECTOR ( 'NONE', #1094, 1000.000000000000000 ) ;
#7688 = AXIS2_PLACEMENT_3D ( 'NONE', #1247, #6079, #7466 ) ;
#7689 = CARTESIAN_POINT ( 'NONE',  ( 0.000000000000000000, 0.000000000000000000, 16.00000000000000000 ) ) ;
#7690 = ADVANCED_FACE ( 'NONE', ( #8684 ), #3940, .F. ) ;
#7691 = DIRECTION ( 'NONE',  ( 0.000000000000000000, 0.000000000000000000, 1.000000000000000000 ) ) ;
#7692 = ORIENTED_EDGE ( 'NONE', *, *, #3718, .F. ) ;
#7693 = AXIS2_PLACEMENT_3D ( 'NONE', #1232, #2713, #4814 ) ;
#7694 = DIRECTION ( 'NONE',  ( 0.000000000000000000, 0.000000000000000000, -1.000000000000000000 ) ) ;
#7695 = AXIS2_PLACEMENT_3D ( 'NONE', #6572, #7960, #469 ) ;
#7696 = ORIENTED_EDGE ( 'NONE', *, *, #2859, .T. ) ;
#7697 = EDGE_CURVE ( 'NONE', #8216, #2897, #62, .T. ) ;
#7698 = LINE ( 'NONE', #2898, #3955 ) ;
#7699 = AXIS2_PLACEMENT_3D ( 'NONE', #840, #3577, #4161 ) ;
#7700 = ORIENTED_EDGE ( 'NONE', *, *, #7724, .T. ) ;
#7701 = DIRECTION ( 'NONE',  ( 1.334402673828313586E-16, 1.000000000000000000, -0.000000000000000000 ) ) ;
#7702 = CARTESIAN_POINT ( 'NONE',  ( -24.41503000176012250, 18.24084142499060590, 12.50000000000000000 ) ) ;
#7703 = CARTESIAN_POINT ( 'NONE',  ( 39.06565829136307144, 25.18882062048294301, 10.09999999999999964 ) ) ;
#7704 = VERTEX_POINT ( 'NONE', #3302 ) ;
#7705 = DIRECTION ( 'NONE',  ( -1.000000000000000000, 0.000000000000000000, 0.000000000000000000 ) ) ;
#7706 = LINE ( 'NONE', #8503, #5688 ) ;
#7707 = CARTESIAN_POINT ( 'NONE',  ( 23.37131321465032485, -35.31076334490052915, 18.78002880990148782 ) ) ;
#7708 = ORIENTED_EDGE ( 'NONE', *, *, #5848, .T. ) ;
#7709 = DIRECTION ( 'NONE',  ( 0.8660254037844364872, -0.5000000000000038858, 1.110223024625156294E-16 ) ) ;
#7710 = LINE ( 'NONE', #525, #7381 ) ;
#7711 = ADVANCED_FACE ( 'NONE', ( #4610 ), #5950, .T. ) ;
#7712 = DIRECTION ( 'NONE',  ( -0.5000000000000041078, -0.8660254037844362651, 0.000000000000000000 ) ) ;
#7713 = VERTEX_POINT ( 'NONE', #6036 ) ;
#7714 = CARTESIAN_POINT ( 'NONE',  ( 38.16565829136300891, -2.183157863060336545, 0.000000000000000000 ) ) ;
#7715 = VERTEX_POINT ( 'NONE', #8011 ) ;
#7716 = LINE ( 'NONE', #811, #6819 ) ;
#7717 = ORIENTED_EDGE ( 'NONE', *, *, #1572, .T. ) ;
#7718 = CARTESIAN_POINT ( 'NONE',  ( -24.50261221182715232, -8.105831711875108425, 11.59999999999999964 ) ) ;
#7719 = CARTESIAN_POINT ( 'NONE',  ( 37.63139720814425715, -14.62354207374251480, 35.00000000000000000 ) ) ;
#7720 = EDGE_CURVE ( 'NONE', #4503, #2484, #8774, .T. ) ;
#7721 = DIRECTION ( 'NONE',  ( 0.9377419921775836942, 0.3473326303513915581, -0.000000000000000000 ) ) ;
#7722 = ORIENTED_EDGE ( 'NONE', *, *, #7634, .F. ) ;
#7723 = FACE_OUTER_BOUND ( 'NONE', #4151, .T. ) ;
#7724 = EDGE_CURVE ( 'NONE', #7969, #4905, #4743, .T. ) ;
#7725 = ORIENTED_EDGE ( 'NONE', *, *, #3786, .F. ) ;
#7726 = LINE ( 'NONE', #230, #8542 ) ;
#7727 = LINE ( 'NONE', #3051, #87 ) ;
#7728 = ORIENTED_EDGE ( 'NONE', *, *, #158, .F. ) ;
#7729 = FACE_OUTER_BOUND ( 'NONE', #647, .T. ) ;
#7730 = LINE ( 'NONE', #4323, #1059 ) ;
#7731 = DIRECTION ( 'NONE',  ( 0.8660254037844363761, -0.5000000000000039968, 0.000000000000000000 ) ) ;
#7732 = ORIENTED_EDGE ( 'NONE', *, *, #934, .T. ) ;
#7733 = CARTESIAN_POINT ( 'NONE',  ( 15.72356672685348222, -33.85622107339584375, 0.000000000000000000 ) ) ;
#7734 = DIRECTION ( 'NONE',  ( 3.528681642006276099E-16, 1.000000000000000000, -0.000000000000000000 ) ) ;
#7735 = EDGE_CURVE ( 'NONE', #6659, #1466, #5370, .T. ) ;
#7736 = ORIENTED_EDGE ( 'NONE', *, *, #8271, .T. ) ;
#7737 = CARTESIAN_POINT ( 'NONE',  ( -44.29806387481078644, -10.16519341222897843, 11.66666666666666607 ) ) ;
#7738 = CARTESIAN_POINT ( 'NONE',  ( -12.80224001811209789, -9.116737382349995755, 16.00000000000000355 ) ) ;
#7739 = LINE ( 'NONE', #69, #6905 ) ;
#7740 = VERTEX_POINT ( 'NONE', #7733 ) ;
#7741 = FACE_OUTER_BOUND ( 'NONE', #6868, .T. ) ;
#7742 = EDGE_CURVE ( 'NONE', #4403, #6656, #2175, .T. ) ;
#7743 = VERTEX_POINT ( 'NONE', #5083 ) ;
#7744 = EDGE_CURVE ( 'NONE', #2547, #3342, #3700, .T. ) ;
#7745 = CARTESIAN_POINT ( 'NONE',  ( -4.499999999999976019, 50.66987298107783744, 5.799999999999998046 ) ) ;
#7746 = AXIS2_PLACEMENT_3D ( 'NONE', #3212, #4026, #6714 ) ;
#7747 = DIRECTION ( 'NONE',  ( -0.000000000000000000, -1.000000000000000000, -0.000000000000000000 ) ) ;
#7748 = ORIENTED_EDGE ( 'NONE', *, *, #1063, .F. ) ;
#7749 = CARTESIAN_POINT ( 'NONE',  ( 45.58703510243379498, -27.83248258690840871, 0.000000000000000000 ) ) ;
#7750 = CARTESIAN_POINT ( 'NONE',  ( -27.94853440685351487, 32.04789490541048735, 16.50000000000000000 ) ) ;
#7751 = PLANE ( 'NONE',  #6747 ) ;
#7752 = EDGE_LOOP ( 'NONE', ( #1137, #5321, #6973, #3680 ) ) ;
#7753 = VECTOR ( 'NONE', #3284, 1000.000000000000114 ) ;
#7754 = PLANE ( 'NONE',  #8046 ) ;
#7755 = VERTEX_POINT ( 'NONE', #6297 ) ;
#7756 = DIRECTION ( 'NONE',  ( 1.000000000000000000, -3.528681642006276099E-16, 0.000000000000000000 ) ) ;
#7757 = ORIENTED_EDGE ( 'NONE', *, *, #7904, .F. ) ;
#7758 = DIRECTION ( 'NONE',  ( -1.000000000000000000, 0.000000000000000000, 0.000000000000000000 ) ) ;
#7759 = CARTESIAN_POINT ( 'NONE',  ( 32.97114317029964781, -24.23205080756907392, 4.999999999999998224 ) ) ;
#7760 = VECTOR ( 'NONE', #7810, 1000.000000000000000 ) ;
#7761 = LINE ( 'NONE', #4365, #2343 ) ;
#7762 = ORIENTED_EDGE ( 'NONE', *, *, #3415, .T. ) ;
#7763 = VECTOR ( 'NONE', #1296, 1000.000000000000000 ) ;
#7764 = CARTESIAN_POINT ( 'NONE',  ( -40.13139720814444189, -31.83012701892181440, 0.000000000000000000 ) ) ;
#7765 = VERTEX_POINT ( 'NONE', #5711 ) ;
#7766 = ADVANCED_FACE ( 'NONE', ( #5794 ), #195, .T. ) ;
#7767 = DIRECTION ( 'NONE',  ( 1.000000000000000000, -3.528681642006276099E-16, 0.000000000000000000 ) ) ;
#7768 = CARTESIAN_POINT ( 'NONE',  ( 6.044999999999995488, 34.23634711715676104, 11.59999999999999964 ) ) ;
#7769 = ORIENTED_EDGE ( 'NONE', *, *, #4477, .F. ) ;
#7770 = DIRECTION ( 'NONE',  ( 0.000000000000000000, 0.000000000000000000, 1.000000000000000000 ) ) ;
#7771 = EDGE_CURVE ( 'NONE', #488, #8788, #7055, .T. ) ;
#7772 = CARTESIAN_POINT ( 'NONE',  ( -37.78311253585379603, 21.01390591497600369, 27.31370849898443609 ) ) ;
#7773 = B_SPLINE_SURFACE_WITH_KNOTS ( 'NONE', 3, 3, ( 
 ( #883, #254, #5513, #8332 ),
 ( #126, #3623, #4841, #7574 ),
 ( #5687, #5016, #1438, #7749 ),
 ( #4163, #1487, #4212, #6899 ),
 ( #754, #6231, #6990, #80 ),
 ( #6942, #3538, #842, #6275 ),
 ( #2189, #4929, #3579, #3926 ),
 ( #4016, #7417, #8671, #3290 ),
 ( #5176, #5225, #5314, #5273 ),
 ( #1099, #4594, #8717, #3839 ),
 ( #4644, #7370, #8093, #1816 ),
 ( #2535, #1191, #6568, #1902 ),
 ( #8763, #7911, #7231, #2988 ),
 ( #8623, #8001, #7319, #515 ),
 ( #1239, #3245, #6701, #2576 ),
 ( #1952, #1770, #8045, #4553 ),
 ( #6657, #5987, #5721, #1281 ) ),
 .UNSPECIFIED., .F., .F., .F.,
 ( 4, 1, 1, 1, 2, 1, 1, 1, 2, 1, 1, 1, 4 ),
 ( 4, 4 ),
 ( 0.000000000000000000, 0.02416282657140349580, 0.04832565314280699159, 0.07248847971421050473, 0.09665130628561398318, 0.2983256531428070679, 0.5000000000000002220, 0.7016743468571935427, 0.9033486937143866413, 0.9275115202857899810, 0.9516743468571933207, 0.9758371734285966603, 1.000000000000000000 ),
 ( 0.000000000000000000, 1.000000000000000000 ),
 .UNSPECIFIED. ) ;
#7774 = LINE ( 'NONE', #5081, #7781 ) ;
#7775 = ORIENTED_EDGE ( 'NONE', *, *, #6508, .T. ) ;
#7776 = CARTESIAN_POINT ( 'NONE',  ( -8.461819164407863525, -9.116737382349995755, 30.99999999999999645 ) ) ;
#7777 = ADVANCED_FACE ( 'NONE', ( #3736 ), #149, .T. ) ;
#7778 = DIRECTION ( 'NONE',  ( 1.000000000000000000, 0.000000000000000000, -0.000000000000000000 ) ) ;
#7779 = CARTESIAN_POINT ( 'NONE',  ( -19.29764992882473251, 36.51936874512504971, 12.50000000000000000 ) ) ;
#7780 = EDGE_CURVE ( 'NONE', #2118, #3274, #3062, .T. ) ;
#7781 = VECTOR ( 'NONE', #5623, 1000.000000000000000 ) ;
#7782 = ORIENTED_EDGE ( 'NONE', *, *, #4265, .F. ) ;
#7783 = CARTESIAN_POINT ( 'NONE',  ( -40.51814855409219263, -23.39316397477052689, 23.33333333333333570 ) ) ;
#7784 = CARTESIAN_POINT ( 'NONE',  ( 16.49999999999999289, -41.34286643116741544, 12.52098614720194014 ) ) ;
#7785 = EDGE_CURVE ( 'NONE', #5185, #1066, #2300, .T. ) ;
#7786 = ORIENTED_EDGE ( 'NONE', *, *, #3052, .T. ) ;
#7787 = CIRCLE ( 'NONE', #476, 3.340420853704232584 ) ;
#7788 = B_SPLINE_CURVE_WITH_KNOTS ( 'NONE', 3,
 ( #505, #7363, #5218, #1723 ),
 .UNSPECIFIED., .F., .F.,
 ( 4, 4 ),
 ( 0.002106032798809150206, 0.01158318039124522046 ),
 .UNSPECIFIED. ) ;
#7789 = VECTOR ( 'NONE', #2213, 1000.000000000000000 ) ;
#7790 = DIRECTION ( 'NONE',  ( -1.000000000000000000, 0.000000000000000000, 0.000000000000000000 ) ) ;
#7791 = VERTEX_POINT ( 'NONE', #7645 ) ;
#7792 = CARTESIAN_POINT ( 'NONE',  ( 0.000000000000000000, -29.00000000000000000, 0.000000000000000000 ) ) ;
#7793 = CARTESIAN_POINT ( 'NONE',  ( -15.14266087181633047, -9.116737382349995755, 10.09999999999999787 ) ) ;
#7794 = VECTOR ( 'NONE', #5666, 1000.000000000000000 ) ;
#7795 = SURFACE_SIDE_STYLE ('',( #6312 ) ) ;
#7796 = VECTOR ( 'NONE', #6773, 1000.000000000000000 ) ;
#7797 = EDGE_CURVE ( 'NONE', #5735, #6412, #2548, .T. ) ;
#7798 = EDGE_CURVE ( 'NONE', #1325, #4450, #1596, .T. ) ;
#7799 = DIRECTION ( 'NONE',  ( -0.000000000000000000, -0.000000000000000000, 1.000000000000000000 ) ) ;
#7800 = VERTEX_POINT ( 'NONE', #1513 ) ;
#7801 = CARTESIAN_POINT ( 'NONE',  ( 15.50000000000000000, 17.88326261765006109, 4.000000000000000000 ) ) ;
#7802 = ADVANCED_FACE ( 'NONE', ( #914 ), #3652, .F. ) ;
#7803 = ORIENTED_EDGE ( 'NONE', *, *, #3252, .F. ) ;
#7804 = DIRECTION ( 'NONE',  ( 0.000000000000000000, 0.000000000000000000, -1.000000000000000000 ) ) ;
#7805 = ORIENTED_EDGE ( 'NONE', *, *, #2402, .F. ) ;
#7806 = CARTESIAN_POINT ( 'NONE',  ( -16.79557774824218797, -39.05472617645527578, 18.93928164578679940 ) ) ;
#7807 = CARTESIAN_POINT ( 'NONE',  ( 37.63139720814386635, 21.37813115667237440, 35.00000000000000000 ) ) ;
#7808 = CARTESIAN_POINT ( 'NONE',  ( 2.439025348532335435, 5.571992812967120123, 10.09999999999999964 ) ) ;
#7809 = ORIENTED_EDGE ( 'NONE', *, *, #4926, .T. ) ;
#7810 = DIRECTION ( 'NONE',  ( 0.000000000000000000, 1.000000000000000000, -0.000000000000000000 ) ) ;
#7811 = VERTEX_POINT ( 'NONE', #4240 ) ;
#7812 = DIRECTION ( 'NONE',  ( -1.000000000000000000, 0.000000000000000000, 0.000000000000000000 ) ) ;
#7813 = DIRECTION ( 'NONE',  ( -0.000000000000000000, 1.000000000000000000, -0.000000000000000000 ) ) ;
#7814 = ORIENTED_EDGE ( 'NONE', *, *, #5265, .T. ) ;
#7815 = LINE ( 'NONE', #1631, #192 ) ;
#7816 = PRESENTATION_LAYER_ASSIGNMENT (  '', '', ( #5383 ) ) ;
#7817 = VECTOR ( 'NONE', #2528, 1000.000000000000000 ) ;
#7818 = CARTESIAN_POINT ( 'NONE',  ( 15.50000000000000000, 17.88326261765006109, 16.00000000000000000 ) ) ;
#7819 = AXIS2_PLACEMENT_3D ( 'NONE', #6817, #3457, #5936 ) ;
#7820 = PLANE ( 'NONE',  #4058 ) ;
#7821 = VERTEX_POINT ( 'NONE', #7776 ) ;
#7822 = EDGE_CURVE ( 'NONE', #1079, #2029, #1685, .T. ) ;
#7823 = DIRECTION ( 'NONE',  ( -0.000000000000000000, -0.000000000000000000, -1.000000000000000000 ) ) ;
#7824 = CARTESIAN_POINT ( 'NONE',  ( 7.997759981897648807, 14.88326261767695158, 16.00000000000000355 ) ) ;
#7825 = LINE ( 'NONE', #1688, #7546 ) ;
#7826 = AXIS2_PLACEMENT_3D ( 'NONE', #2757, #6739, #3421 ) ;
#7827 = VERTEX_POINT ( 'NONE', #7146 ) ;
#7828 = CARTESIAN_POINT ( 'NONE',  ( -44.09000782577896160, -22.75879073537267061, 11.66666666666667140 ) ) ;
#7829 = EDGE_CURVE ( 'NONE', #4118, #7309, #6972, .T. ) ;
#7830 = CARTESIAN_POINT ( 'NONE',  ( 16.74630051552036392, -41.33671044719235255, 12.10861957981823878 ) ) ;
#7831 = EDGE_CURVE ( 'NONE', #5465, #2083, #3014, .T. ) ;
#7832 = AXIS2_PLACEMENT_3D ( 'NONE', #21, #7514, #8100 ) ;
#7833 = EDGE_CURVE ( 'NONE', #636, #5434, #2937, .T. ) ;
#7834 = AXIS2_PLACEMENT_3D ( 'NONE', #7083, #7671, #4306 ) ;
#7835 = CARTESIAN_POINT ( 'NONE',  ( -3.571693674697842994E-15, -53.45299461620749071, 0.000000000000000000 ) ) ;
#7836 = AXIS2_PLACEMENT_3D ( 'NONE', #2423, #3050, #8605 ) ;
#7837 = ORIENTED_EDGE ( 'NONE', *, *, #5633, .T. ) ;
#7838 = CARTESIAN_POINT ( 'NONE',  ( 1.248484576876122736E-15, 50.66987298107782323, 7.400000000000000355 ) ) ;
#7839 = PLANE ( 'NONE',  #6179 ) ;
#7840 = LINE ( 'NONE', #7874, #8103 ) ;
#7841 = EDGE_CURVE ( 'NONE', #1018, #7615, #8405, .T. ) ;
#7842 = DIRECTION ( 'NONE',  ( -0.000000000000000000, 1.000000000000000000, -0.000000000000000000 ) ) ;
#7843 = ORIENTED_EDGE ( 'NONE', *, *, #4844, .F. ) ;
#7844 = CARTESIAN_POINT ( 'NONE',  ( -16.57964978191232319, -41.37297214639065146, 12.29034592921671987 ) ) ;
#7845 = EDGE_LOOP ( 'NONE', ( #8698, #6165, #7851, #7940 ) ) ;
#7846 = CARTESIAN_POINT ( 'NONE',  ( 38.98854006648888060, -28.86089706239586405, 11.00000000000000000 ) ) ;
#7847 = EDGE_LOOP ( 'NONE', ( #4352, #2336, #7501, #3242, #6829, #4826, #8351, #8880 ) ) ;
#7848 = CARTESIAN_POINT ( 'NONE',  ( 27.50000000000000000, 25.85859933425698642, 35.00000000000000000 ) ) ;
#7849 = CARTESIAN_POINT ( 'NONE',  ( 43.55034400294234587, 24.69179201507230914, 11.66666666666666785 ) ) ;
#7850 = CARTESIAN_POINT ( 'NONE',  ( -45.66537180435989285, -20.24500185048094636, 4.999999999999998224 ) ) ;
#7851 = ORIENTED_EDGE ( 'NONE', *, *, #5125, .F. ) ;
#7852 = DIRECTION ( 'NONE',  ( 0.000000000000000000, 0.000000000000000000, 1.000000000000000000 ) ) ;
#7853 = VERTEX_POINT ( 'NONE', #1089 ) ;
#7854 = CARTESIAN_POINT ( 'NONE',  ( 6.151339674900099475, 39.90151699902713744, 35.00000000000000000 ) ) ;
#7855 = DIRECTION ( 'NONE',  ( 0.000000000000000000, 0.000000000000000000, -1.000000000000000000 ) ) ;
#7856 = EDGE_LOOP ( 'NONE', ( #8178, #4123, #6506 ) ) ;
#7857 = DIRECTION ( 'NONE',  ( -1.000000000000000000, 0.000000000000000000, 0.000000000000000000 ) ) ;
#7858 = DIRECTION ( 'NONE',  ( 0.5000000000000051070, 0.8660254037844357100, 0.000000000000000000 ) ) ;
#7859 = LINE ( 'NONE', #1039, #7481 ) ;
#7860 = VERTEX_POINT ( 'NONE', #1132 ) ;
#7861 = CARTESIAN_POINT ( 'NONE',  ( 8.809648422589070549, -11.24674282370767564, 25.05096679924108116 ) ) ;
#7862 = DIRECTION ( 'NONE',  ( -0.000000000000000000, 1.000000000000000000, -0.000000000000000000 ) ) ;
#7863 = PLANE ( 'NONE',  #3247 ) ;
#7864 = VERTEX_POINT ( 'NONE', #7310 ) ;
#7865 = CARTESIAN_POINT ( 'NONE',  ( -40.86070251696158095, 21.19898910433437678, 23.33333333333334636 ) ) ;
#7866 = CARTESIAN_POINT ( 'NONE',  ( 17.02822099269259937, -41.20977875160534154, 12.00000000000000178 ) ) ;
#7867 = CARTESIAN_POINT ( 'NONE',  ( 23.50000000000000711, -37.27534673587847180, 12.59999999999999964 ) ) ;
#7868 = ORIENTED_EDGE ( 'NONE', *, *, #761, .T. ) ;
#7869 = CARTESIAN_POINT ( 'NONE',  ( -24.90938724951297800, -7.401276679352514876, 18.09999999999999787 ) ) ;
#7870 = VERTEX_POINT ( 'NONE', #5979 ) ;
#7871 = CARTESIAN_POINT ( 'NONE',  ( -37.63139720814417188, 21.72649730810364233, 35.00000000000000000 ) ) ;
#7872 = EDGE_CURVE ( 'NONE', #5728, #6791, #3142, .T. ) ;
#7873 = LINE ( 'NONE', #5945, #8041 ) ;
#7874 = CARTESIAN_POINT ( 'NONE',  ( 2.750000000598514127, 4.763139721851019637, 11.00000000000000000 ) ) ;
#7875 = CARTESIAN_POINT ( 'NONE',  ( 41.23139720814400988, -29.92487113059666015, 4.999999999999998224 ) ) ;
#7876 = ORIENTED_EDGE ( 'NONE', *, *, #1968, .F. ) ;
#7877 = DIRECTION ( 'NONE',  ( -0.4999999999999920064, 0.8660254037844432595, 0.000000000000000000 ) ) ;
#7878 = AXIS2_PLACEMENT_3D ( 'NONE', #4977, #1574, #8247 ) ;
#7879 = ORIENTED_EDGE ( 'NONE', *, *, #7519, .T. ) ;
#7880 = LINE ( 'NONE', #8691, #6684 ) ;
#7881 = ORIENTED_EDGE ( 'NONE', *, *, #2871, .T. ) ;
#7882 = CARTESIAN_POINT ( 'NONE',  ( 44.50054593616954435, -18.78681527396342688, 10.95797945191118039 ) ) ;
#7883 = VECTOR ( 'NONE', #5086, 1000.000000000000000 ) ;
#7884 = CARTESIAN_POINT ( 'NONE',  ( 11.09294674498499589, -41.10007460160269233, 12.00000000000000000 ) ) ;
#7885 = AXIS2_PLACEMENT_3D ( 'NONE', #3447, #2913, #84 ) ;
#7886 = AXIS2_PLACEMENT_3D ( 'NONE', #6923, #6257, #3426 ) ;
#7887 = DIRECTION ( 'NONE',  ( -0.000000000000000000, -0.000000000000000000, -1.000000000000000000 ) ) ;
#7888 = ORIENTED_EDGE ( 'NONE', *, *, #8711, .T. ) ;
#7889 = CARTESIAN_POINT ( 'NONE',  ( -17.10000000000000497, -114.9999999999999289, 12.60000000000000675 ) ) ;
#7890 = ADVANCED_FACE ( 'NONE', ( #5306 ), #6651, .F. ) ;
#7891 = EDGE_LOOP ( 'NONE', ( #1342, #661, #4915, #5520, #1422, #8171 ) ) ;
#7892 = CARTESIAN_POINT ( 'NONE',  ( 11.21568662505928771, 36.97761492408306339, 34.99999999999997158 ) ) ;
#7893 = AXIS2_PLACEMENT_3D ( 'NONE', #592, #7450, #48 ) ;
#7894 = CARTESIAN_POINT ( 'NONE',  ( 27.50000000000000000, 24.85859933425698642, 16.00000000000000355 ) ) ;
#7895 = ORIENTED_EDGE ( 'NONE', *, *, #250, .F. ) ;
#7896 = CYLINDRICAL_SURFACE ( 'NONE', #59, 4.099999999999999645 ) ;
#7897 = CARTESIAN_POINT ( 'NONE',  ( 43.01537180435958874, -24.83493649053911412, 5.000000000000000000 ) ) ;
#7898 = CARTESIAN_POINT ( 'NONE',  ( 11.09294674498499589, -36.10007460160269233, 12.00000000000000000 ) ) ;
#7899 = ORIENTED_EDGE ( 'NONE', *, *, #5380, .T. ) ;
#7900 = AXIS2_PLACEMENT_3D ( 'NONE', #7889, #3726, #7852 ) ;
#7901 = CARTESIAN_POINT ( 'NONE',  ( -23.50000000000000355, -29.00000000000000000, 10.09999999999999787 ) ) ;
#7902 = EDGE_CURVE ( 'NONE', #6446, #636, #8616, .T. ) ;
#7903 = EDGE_CURVE ( 'NONE', #6751, #178, #4585, .T. ) ;
#7904 = EDGE_CURVE ( 'NONE', #7928, #1413, #4176, .T. ) ;
#7905 = CARTESIAN_POINT ( 'NONE',  ( 42.95691275196078607, 25.18882062048294301, 4.000000000000000000 ) ) ;
#7906 = DIRECTION ( 'NONE',  ( 0.000000000000000000, 0.000000000000000000, -1.000000000000000000 ) ) ;
#7907 = ORIENTED_EDGE ( 'NONE', *, *, #5980, .F. ) ;
#7908 = PLANE ( 'NONE',  #2205 ) ;
#7909 = FACE_OUTER_BOUND ( 'NONE', #2715, .T. ) ;
#7910 = ORIENTED_EDGE ( 'NONE', *, *, #8484, .F. ) ;
#7911 = CARTESIAN_POINT ( 'NONE',  ( 3.088742300403405583, -45.49690948377643451, 23.33333333333331794 ) ) ;
#7912 = DIRECTION ( 'NONE',  ( -0.000000000000000000, -0.000000000000000000, -1.000000000000000000 ) ) ;
#7913 = EDGE_LOOP ( 'NONE', ( #15, #2717, #6669, #2357 ) ) ;
#7914 = ADVANCED_FACE ( 'NONE', ( #8710 ), #3918, .T. ) ;
#7915 = DIRECTION ( 'NONE',  ( 0.000000000000000000, 0.000000000000000000, 1.000000000000000000 ) ) ;
#7916 = VERTEX_POINT ( 'NONE', #2570 ) ;
#7917 = CARTESIAN_POINT ( 'NONE',  ( -0.3016939369585715514, 43.27881154049158141, 34.99999999999999289 ) ) ;
#7918 = PLANE ( 'NONE',  #5326 ) ;
#7919 = CARTESIAN_POINT ( 'NONE',  ( 1.040152440767789161E-13, -50.11966128287414790, 11.66666666666666607 ) ) ;
#7920 = VECTOR ( 'NONE', #4017, 1000.000000000000114 ) ;
#7921 = AXIS2_PLACEMENT_3D ( 'NONE', #8134, #6741, #780 ) ;
#7922 = DIRECTION ( 'NONE',  ( 0.8660254037844387076, -0.4999999999999997780, 0.000000000000000000 ) ) ;
#7924 = VERTEX_POINT ( 'NONE', #5838 ) ;
#7923 = EDGE_CURVE ( 'NONE', #4531, #3002, #7788, .T. ) ;
#7925 = DIRECTION ( 'NONE',  ( -1.000000000000000000, 0.000000000000000000, 0.000000000000000000 ) ) ;
#7926 = CARTESIAN_POINT ( 'NONE',  ( 42.95691275196078607, 25.18882062048294301, 6.208745539402324987 ) ) ;
#7927 = VECTOR ( 'NONE', #5293, 1000.000000000000114 ) ;
#7928 = VERTEX_POINT ( 'NONE', #412 ) ;
#7929 = CARTESIAN_POINT ( 'NONE',  ( -16.50000000000000355, -32.27417035836263892, 12.00000000000000711 ) ) ;
#7930 = CIRCLE ( 'NONE', #4072, 1.000000000000000888 ) ;
#7931 = VERTEX_POINT ( 'NONE', #5927 ) ;
#7932 = FACE_OUTER_BOUND ( 'NONE', #7278, .T. ) ;
#7933 = CARTESIAN_POINT ( 'NONE',  ( 44.09000782577896160, -22.75879073537248232, 11.66666666666667673 ) ) ;
#7934 = ADVANCED_FACE ( 'NONE', ( #7994 ), #1895, .F. ) ;
#7935 = CIRCLE ( 'NONE', #1211, 3.200000000017535928 ) ;
#7936 = DIRECTION ( 'NONE',  ( 0.5000000000000039968, 0.8660254037844363761, 0.000000000000000000 ) ) ;
#7937 = ORIENTED_EDGE ( 'NONE', *, *, #3678, .F. ) ;
#7938 = EDGE_CURVE ( 'NONE', #8090, #3559, #1806, .T. ) ;
#7939 = DIRECTION ( 'NONE',  ( -5.551115123125781470E-17, 1.000000000000000000, -0.000000000000000000 ) ) ;
#7940 = ORIENTED_EDGE ( 'NONE', *, *, #2480, .F. ) ;
#7941 = CARTESIAN_POINT ( 'NONE',  ( 14.41073099951966441, 46.67996057820798939, 0.000000000000000000 ) ) ;
#7942 = CARTESIAN_POINT ( 'NONE',  ( 12.19775998193531485, 14.88326261767695158, 4.000000000000000000 ) ) ;
#7943 = ORIENTED_EDGE ( 'NONE', *, *, #7576, .F. ) ;
#7944 = DIRECTION ( 'NONE',  ( -1.000000000000000000, 0.000000000000000000, 0.000000000000000000 ) ) ;
#7945 = CARTESIAN_POINT ( 'NONE',  ( 6.044999999999995488, -0.6737384941803912231, 10.09999999999999964 ) ) ;
#7946 = CARTESIAN_POINT ( 'NONE',  ( -37.45298551693169031, 15.58570268470066189, 12.50000000000000000 ) ) ;
#7947 = ORIENTED_EDGE ( 'NONE', *, *, #204, .F. ) ;
#7948 = DIRECTION ( 'NONE',  ( 0.000000000000000000, -0.000000000000000000, -1.000000000000000000 ) ) ;
#7949 = CARTESIAN_POINT ( 'NONE',  ( 16.00599549018990331, -36.10007460160268522, 4.000000000000000000 ) ) ;
#7950 = FACE_OUTER_BOUND ( 'NONE', #7402, .T. ) ;
#7951 = ORIENTED_EDGE ( 'NONE', *, *, #8069, .F. ) ;
#7952 = DIRECTION ( 'NONE',  ( 0.000000000000000000, 0.000000000000000000, 1.000000000000000000 ) ) ;
#7953 = PRODUCT_DEFINITION ( 'ζ', '', #4355, #8662 ) ;
#7954 = CARTESIAN_POINT ( 'NONE',  ( -37.47114317029993202, -16.43782217350857877, 4.999999999999998224 ) ) ;
#7955 = ORIENTED_EDGE ( 'NONE', *, *, #5737, .F. ) ;
#7956 = CARTESIAN_POINT ( 'NONE',  ( -27.49999999999999645, -3.141400665743015352, 35.00000000000000000 ) ) ;
#7957 = DIRECTION ( 'NONE',  ( 0.8517350830442211862, -0.5239726598894770548, 0.000000000000000000 ) ) ;
#7958 = EDGE_LOOP ( 'NONE', ( #6077, #4211, #970, #2932, #7736 ) ) ;
#7959 = VECTOR ( 'NONE', #2999, 1000.000000000000227 ) ;
#7960 = DIRECTION ( 'NONE',  ( -0.000000000000000000, 0.000000000000000000, -1.000000000000000000 ) ) ;
#7961 = ORIENTED_EDGE ( 'NONE', *, *, #8049, .T. ) ;
#7962 = CARTESIAN_POINT ( 'NONE',  ( -0.3914528514569889928, 50.06160025763551857, 11.66666666666666607 ) ) ;
#7963 = LINE ( 'NONE', #2498, #3460 ) ;
#7964 = AXIS2_PLACEMENT_3D ( 'NONE', #7128, #2996, #177 ) ;
#7965 = CARTESIAN_POINT ( 'NONE',  ( -7.475694986786401763, -46.83490369240178097, 11.66666666666666430 ) ) ;
#7966 = AXIS2_PLACEMENT_3D ( 'NONE', #7565, #246, #6267 ) ;
#7967 = ORIENTED_EDGE ( 'NONE', *, *, #1151, .F. ) ;
#7968 = CARTESIAN_POINT ( 'NONE',  ( -17.49999999999999645, -6.506203797966179536, 16.00000000000000000 ) ) ;
#7969 = VERTEX_POINT ( 'NONE', #4456 ) ;
#7970 = VECTOR ( 'NONE', #5660, 1000.000000000000000 ) ;
#7971 = CARTESIAN_POINT ( 'NONE',  ( -4.499999999999976019, 50.66987298107783744, 4.199999999999995737 ) ) ;
#7972 = LINE ( 'NONE', #6716, #4076 ) ;
#7973 = ORIENTED_EDGE ( 'NONE', *, *, #7518, .F. ) ;
#7974 = CARTESIAN_POINT ( 'NONE',  ( -44.91002794363369333, -17.34413528435750251, 9.524792425786483108 ) ) ;
#7975 = ORIENTED_EDGE ( 'NONE', *, *, #941, .F. ) ;
#7976 = CARTESIAN_POINT ( 'NONE',  ( 40.13139720814400846, -31.83012701892236862, 0.000000000000000000 ) ) ;
#7977 = CARTESIAN_POINT ( 'NONE',  ( 40.59087060554342941, -23.03496158587180531, 23.33333333333333570 ) ) ;
#7978 = AXIS2_PLACEMENT_3D ( 'NONE', #6795, #653, #2854 ) ;
#7979 = APPLICATION_CONTEXT ( 'automotive_design' ) ;
#7980 = CARTESIAN_POINT ( 'NONE',  ( -6.458625426390474544, 39.83151536678312965, 4.000000000000000000 ) ) ;
#7981 = ORIENTED_EDGE ( 'NONE', *, *, #6848, .F. ) ;
#7982 = LINE ( 'NONE', #8024, #8333 ) ;
#7983 = ORIENTED_EDGE ( 'NONE', *, *, #8695, .T. ) ;
#7984 = FACE_OUTER_BOUND ( 'NONE', #5553, .T. ) ;
#7985 = CARTESIAN_POINT ( 'NONE',  ( 14.71171412856897476, -12.11673738234993714, 30.99999999999999645 ) ) ;
#7986 = ORIENTED_EDGE ( 'NONE', *, *, #4458, .F. ) ;
#7987 = CARTESIAN_POINT ( 'NONE',  ( 3.486843278916170519, 49.31296404661225097, 10.99999999999999645 ) ) ;
#7988 = EDGE_CURVE ( 'NONE', #1514, #2712, #457, .T. ) ;
#7989 = CARTESIAN_POINT ( 'NONE',  ( -37.47114317029993202, -16.43782217350857877, 4.999999999999998224 ) ) ;
#7990 = B_SPLINE_CURVE_WITH_KNOTS ( 'NONE', 3,
 ( #5431, #6858, #1221, #7480, #4801, #4131 ),
 .UNSPECIFIED., .F., .F.,
 ( 4, 2, 4 ),
 ( 0.000000000000000000, 0.0005415788424338049229, 0.001083157684867609846 ),
 .UNSPECIFIED. ) ;
#7991 = CARTESIAN_POINT ( 'NONE',  ( -46.13139720814437084, -21.43782217350850061, 4.999999999999998224 ) ) ;
#7993 = ORIENTED_EDGE ( 'NONE', *, *, #5470, .F. ) ;
#7992 = EDGE_CURVE ( 'NONE', #1754, #5335, #5611, .T. ) ;
#7994 = FACE_OUTER_BOUND ( 'NONE', #2734, .T. ) ;
#7995 = DIRECTION ( 'NONE',  ( -0.2379154757154422206, 0.1373605639486918661, -0.9615239476408230512 ) ) ;
#7996 = CARTESIAN_POINT ( 'NONE',  ( -16.50000000000000355, -29.00000000000000000, -0.000000000000000000 ) ) ;
#7997 = VERTEX_POINT ( 'NONE', #4546 ) ;
#7998 = CARTESIAN_POINT ( 'NONE',  ( -40.51814855409229921, 23.39316397477034215, 23.33333333333333570 ) ) ;
#7999 = CARTESIAN_POINT ( 'NONE',  ( -10.80224001806468159, 14.88326261767710967, 6.000000000000000000 ) ) ;
#8000 = VERTEX_POINT ( 'NONE', #5128 ) ;
#8001 = CARTESIAN_POINT ( 'NONE',  ( 2.071488159577840271, -45.98590094833463837, 23.33333333333338189 ) ) ;
#8002 = DIRECTION ( 'NONE',  ( 0.8660254037844363761, -0.5000000000000039968, 0.000000000000000000 ) ) ;
#8003 = ORIENTED_EDGE ( 'NONE', *, *, #890, .F. ) ;
#8004 = EDGE_CURVE ( 'NONE', #1752, #3925, #7270, .T. ) ;
#8005 = CARTESIAN_POINT ( 'NONE',  ( 4.500000000000021316, 40.66987298107783744, 4.999999999999998224 ) ) ;
#8006 = EDGE_LOOP ( 'NONE', ( #1819, #3219, #3976, #2949, #5905, #6625, #1273, #4630 ) ) ;
#8007 = CARTESIAN_POINT ( 'NONE',  ( -34.91923691444248590, 23.29236378375775374, 34.99999999999999289 ) ) ;
#8008 = DIRECTION ( 'NONE',  ( -0.8660254037844433705, -0.4999999999999919509, 0.000000000000000000 ) ) ;
#8009 = DIRECTION ( 'NONE',  ( -1.000000000000000000, 0.000000000000000000, 0.000000000000000000 ) ) ;
#8010 = VERTEX_POINT ( 'NONE', #3870 ) ;
#8011 = CARTESIAN_POINT ( 'NONE',  ( -24.40952427225795418, 18.24084142499060590, 16.00000000000000000 ) ) ;
#8012 = ORIENTED_EDGE ( 'NONE', *, *, #1923, .T. ) ;
#8013 = ADVANCED_FACE ( 'NONE', ( #3190 ), #7186, .T. ) ;
#8014 =( LENGTH_UNIT ( ) NAMED_UNIT ( * ) SI_UNIT ( .MILLI., .METRE. ) );
#8015 = ADVANCED_FACE ( 'NONE', ( #367 ), #3103, .T. ) ;
#8016 = LINE ( 'NONE', #2505, #6646 ) ;
#8017 = ORIENTED_EDGE ( 'NONE', *, *, #3708, .F. ) ;
#8018 = CARTESIAN_POINT ( 'NONE',  ( 15.82910387489105553, -34.49732208145494639, 12.00000000000000000 ) ) ;
#8019 = ORIENTED_EDGE ( 'NONE', *, *, #3180, .T. ) ;
#8020 = CARTESIAN_POINT ( 'NONE',  ( -14.17817460259215778, 25.85859933425698642, 16.49999999999999645 ) ) ;
#8021 = DIRECTION ( 'NONE',  ( 0.000000000000000000, 0.000000000000000000, -1.000000000000000000 ) ) ;
#8022 = DIRECTION ( 'NONE',  ( 1.000000000000000000, 0.000000000000000000, 0.000000000000000000 ) ) ;
#8023 = ORIENTED_EDGE ( 'NONE', *, *, #3718, .T. ) ;
#8024 = CARTESIAN_POINT ( 'NONE',  ( -6.045000000000004370, -0.6737384941803912231, 10.09999999999999964 ) ) ;
#8025 = ORIENTED_EDGE ( 'NONE', *, *, #5897, .T. ) ;
#8026 = DIRECTION ( 'NONE',  ( -1.000000000000000000, 0.000000000000000000, 0.000000000000000000 ) ) ;
#8027 = PLANE ( 'NONE',  #801 ) ;
#8028 = ORIENTED_EDGE ( 'NONE', *, *, #2260, .F. ) ;
#8029 = CARTESIAN_POINT ( 'NONE',  ( 20.70048771748837879, -39.08959456950837819, 12.00000000000000355 ) ) ;
#8030 = VECTOR ( 'NONE', #807, 1000.000000000000000 ) ;
#8031 = CIRCLE ( 'NONE', #6887, 0.8000000000000003775 ) ;
#8032 = DIRECTION ( 'NONE',  ( 0.000000000000000000, -0.000000000000000000, 1.000000000000000000 ) ) ;
#8033 = LINE ( 'NONE', #3868, #4204 ) ;
#8034 = ORIENTED_EDGE ( 'NONE', *, *, #1565, .T. ) ;
#8035 = CARTESIAN_POINT ( 'NONE',  ( 17.14963164645766369, -29.00000000000000000, 30.99999999999999645 ) ) ;
#8036 = ADVANCED_FACE ( 'NONE', ( #5484 ), #4050, .T. ) ;
#8037 = AXIS2_PLACEMENT_3D ( 'NONE', #3239, #2430, #7948 ) ;
#8038 = ADVANCED_FACE ( 'NONE', ( #2613 ), #6016, .F. ) ;
#8039 = LINE ( 'NONE', #6562, #7676 ) ;
#8040 = CARTESIAN_POINT ( 'NONE',  ( 28.50000000000000355, -2.141400665743007359, 16.00000000000000355 ) ) ;
#8041 = VECTOR ( 'NONE', #7158, 1000.000000000000000 ) ;
#8042 = VERTEX_POINT ( 'NONE', #8129 ) ;
#8043 = CARTESIAN_POINT ( 'NONE',  ( -40.71998297938535671, 22.30928821533244388, 23.33333333333333215 ) ) ;
#8044 = ORIENTED_EDGE ( 'NONE', *, *, #2648, .T. ) ;
#8045 = CARTESIAN_POINT ( 'NONE',  ( 0.3914528514570866369, -50.06160025763551857, 11.66666666666666785 ) ) ;
#8046 = AXIS2_PLACEMENT_3D ( 'NONE', #2242, #6368, #937 ) ;
#8047 = CARTESIAN_POINT ( 'NONE',  ( 45.15860311233816304, -8.325866583873127169, 2.299999999999999822 ) ) ;
#8048 = ORIENTED_EDGE ( 'NONE', *, *, #4155, .T. ) ;
#8049 = EDGE_CURVE ( 'NONE', #7441, #3165, #5350, .T. ) ;
#8050 = EDGE_CURVE ( 'NONE', #7449, #8509, #2124, .T. ) ;
#8051 = AXIS2_PLACEMENT_3D ( 'NONE', #2143, #741, #1474 ) ;
#8052 = LINE ( 'NONE', #4512, #8518 ) ;
#8053 = VECTOR ( 'NONE', #8114, 1000.000000000000000 ) ;
#8054 = ORIENTED_EDGE ( 'NONE', *, *, #228, .T. ) ;
#8055 = CARTESIAN_POINT ( 'NONE',  ( -8.137872642729695016, 50.30159703908913826, -0.000000000000000000 ) ) ;
#8056 = CARTESIAN_POINT ( 'NONE',  ( 7.997759981897481829, -9.116737382323046646, 25.05096679924108116 ) ) ;
#8057 = ADVANCED_FACE ( 'NONE', ( #8797 ), #4857, .T. ) ;
#8058 = CARTESIAN_POINT ( 'NONE',  ( -41.75469484913606522, -26.80367146249308163, 11.66666666666669094 ) ) ;
#8059 = ORIENTED_EDGE ( 'NONE', *, *, #1645, .T. ) ;
#8060 = FACE_OUTER_BOUND ( 'NONE', #8536, .T. ) ;
#8061 = CARTESIAN_POINT ( 'NONE',  ( -43.15162177596626947, 2.845554923540059011, 12.50000000000000000 ) ) ;
#8062 = LINE ( 'NONE', #1297, #960 ) ;
#8063 = DIRECTION ( 'NONE',  ( -0.5000000000000039968, 0.8660254037844363761, 0.000000000000000000 ) ) ;
#8064 = AXIS2_PLACEMENT_3D ( 'NONE', #7100, #7731, #4324 ) ;
#8065 = VERTEX_POINT ( 'NONE', #7544 ) ;
#8066 = CARTESIAN_POINT ( 'NONE',  ( -1.734723475976813208E-15, -43.45299461620749781, 0.000000000000000000 ) ) ;
#8067 = CARTESIAN_POINT ( 'NONE',  ( 37.63139720814430689, -18.59476435679517081, 34.99999999999999289 ) ) ;
#8068 = ADVANCED_FACE ( 'NONE', ( #1274, #7408, #4009, #772 ), #1986, .F. ) ;
#8069 = EDGE_CURVE ( 'NONE', #8297, #24, #2027, .T. ) ;
#8070 = EDGE_CURVE ( 'NONE', #1776, #4043, #2895, .T. ) ;
#8071 = CARTESIAN_POINT ( 'NONE',  ( -6.045000000000006146, -3.355649091929538069E-16, 16.00000000000000355 ) ) ;
#8072 = EDGE_LOOP ( 'NONE', ( #1734, #4602 ) ) ;
#8073 = VECTOR ( 'NONE', #4634, 1000.000000000000000 ) ;
#8074 = CARTESIAN_POINT ( 'NONE',  ( -5.500000001199720323, 48.19551468385818538, 10.99999999999999645 ) ) ;
#8075 = EDGE_LOOP ( 'NONE', ( #6021, #38, #7289, #6580 ) ) ;
#8076 = VECTOR ( 'NONE', #4772, 1000.000000000000000 ) ;
#8077 = CIRCLE ( 'NONE', #6956, 0.5999999999999998668 ) ;
#8078 = DIRECTION ( 'NONE',  ( 0.000000000000000000, 0.000000000000000000, 1.000000000000000000 ) ) ;
#8079 = ORIENTED_EDGE ( 'NONE', *, *, #3517, .T. ) ;
#8080 = LINE ( 'NONE', #7445, #3204 ) ;
#8081 = CIRCLE ( 'NONE', #7210, 1.200000000051049120 ) ;
#8082 = CARTESIAN_POINT ( 'NONE',  ( 29.64954633623985458, -17.11817355857836631, 11.59999999999999964 ) ) ;
#8083 = CARTESIAN_POINT ( 'NONE',  ( -28.50000000000000000, 0.5237981084160741041, 85.99999999999994316 ) ) ;
#8084 = ORIENTED_EDGE ( 'NONE', *, *, #650, .F. ) ;
#8085 = DIRECTION ( 'NONE',  ( 0.000000000000000000, 0.000000000000000000, -1.000000000000000000 ) ) ;
#8086 = EDGE_CURVE ( 'NONE', #6157, #5844, #5530, .T. ) ;
#8087 = VERTEX_POINT ( 'NONE', #5399 ) ;
#8088 = CARTESIAN_POINT ( 'NONE',  ( -8.602240018065977267, 17.88326261765006109, 25.05096679924108116 ) ) ;
#8089 = DIRECTION ( 'NONE',  ( 1.000000000000000000, 0.000000000000000000, 0.000000000000000000 ) ) ;
#8090 = VERTEX_POINT ( 'NONE', #1942 ) ;
#8091 = CARTESIAN_POINT ( 'NONE',  ( -36.58311253580275491, 21.01390591497600369, 12.50000000000000000 ) ) ;
#8092 = VERTEX_POINT ( 'NONE', #1452 ) ;
#8093 = CARTESIAN_POINT ( 'NONE',  ( 7.475694986786595386, -46.83490369240175966, 11.66666666666666785 ) ) ;
#8094 = EDGE_CURVE ( 'NONE', #3049, #7238, #4721, .T. ) ;
#8095 = CARTESIAN_POINT ( 'NONE',  ( -15.49999999999999645, -6.506203797966179536, 30.99999999999999645 ) ) ;
#8096 = VERTEX_POINT ( 'NONE', #4180 ) ;
#8097 = DIRECTION ( 'NONE',  ( 0.000000000000000000, 0.000000000000000000, -1.000000000000000000 ) ) ;
#8098 = ORIENTED_EDGE ( 'NONE', *, *, #1384, .F. ) ;
#8099 = CARTESIAN_POINT ( 'NONE',  ( -6.151339674900174970, 39.90151699902703797, 35.00000000000000000 ) ) ;
#8100 = DIRECTION ( 'NONE',  ( -1.000000000000000000, 0.000000000000000000, 0.000000000000000000 ) ) ;
#8101 = CARTESIAN_POINT ( 'NONE',  ( -37.78311253585379603, 21.01390591497600369, 5.000000000000000000 ) ) ;
#8102 = EDGE_CURVE ( 'NONE', #4227, #1948, #4767, .T. ) ;
#8103 = VECTOR ( 'NONE', #5854, 1000.000000000000114 ) ;
#8104 = AXIS2_PLACEMENT_3D ( 'NONE', #3240, #5879, #8573 ) ;
#8105 = EDGE_CURVE ( 'NONE', #3035, #8406, #2753, .T. ) ;
#8106 = AXIS2_PLACEMENT_3D ( 'NONE', #6553, #3135, #5869 ) ;
#8107 = ORIENTED_EDGE ( 'NONE', *, *, #5113, .F. ) ;
#8108 = CARTESIAN_POINT ( 'NONE',  ( 4.500000000000021316, 40.66987298107783744, 4.199999999999999289 ) ) ;
#8109 = CIRCLE ( 'NONE', #3229, 2.000000000000001776 ) ;
#8110 = CARTESIAN_POINT ( 'NONE',  ( 15.50000000000000000, 17.88326261765006109, 0.000000000000000000 ) ) ;
#8111 = CARTESIAN_POINT ( 'NONE',  ( 28.50000000000000000, 24.85859933425698642, 16.00000000000000355 ) ) ;
#8112 = CARTESIAN_POINT ( 'NONE',  ( 11.19775998195004796, 14.88326261781343973, 0.000000000000000000 ) ) ;
#8113 = ORIENTED_EDGE ( 'NONE', *, *, #6866, .F. ) ;
#8114 = DIRECTION ( 'NONE',  ( -1.000000000000000000, 0.000000000000000000, 0.000000000000000000 ) ) ;
#8115 = DIRECTION ( 'NONE',  ( 0.000000000000000000, 1.000000000000000000, -0.000000000000000000 ) ) ;
#8116 = VECTOR ( 'NONE', #3556, 1000.000000000000000 ) ;
#8117 = CARTESIAN_POINT ( 'NONE',  ( -1.734723475976813208E-15, -29.00000000000000000, 0.000000000000000000 ) ) ;
#8118 = VERTEX_POINT ( 'NONE', #8848 ) ;
#8119 = CARTESIAN_POINT ( 'NONE',  ( -7.500000001196991839, 47.70064302455345739, 9.000000000002787104 ) ) ;
#8120 = CIRCLE ( 'NONE', #819, 1.000000000000000888 ) ;
#8121 = ORIENTED_EDGE ( 'NONE', *, *, #5305, .T. ) ;
#8122 = AXIS2_PLACEMENT_3D ( 'NONE', #4297, #2946, #1650 ) ;
#8123 = CARTESIAN_POINT ( 'NONE',  ( -28.50000000000000000, 25.85859933425698642, 16.00000000000000355 ) ) ;
#8124 = ORIENTED_EDGE ( 'NONE', *, *, #7411, .F. ) ;
#8125 = LINE ( 'NONE', #2119, #1214 ) ;
#8126 = CARTESIAN_POINT ( 'NONE',  ( -3.486843278916208710, 49.31296404661228650, 11.00000000000000711 ) ) ;
#8127 = CARTESIAN_POINT ( 'NONE',  ( 46.29165124598848990, 26.72649730810375956, 0.000000000000000000 ) ) ;
#8128 = ORIENTED_EDGE ( 'NONE', *, *, #1050, .T. ) ;
#8129 = CARTESIAN_POINT ( 'NONE',  ( -25.32800823056306783, -21.60329712445540196, 18.09999999999999787 ) ) ;
#8130 = EDGE_LOOP ( 'NONE', ( #2467, #3040, #4875, #4697 ) ) ;
#8131 = CARTESIAN_POINT ( 'NONE',  ( -0.5337566280552565878, 1.352605623998265338, 10.09999999999999964 ) ) ;
#8132 = CARTESIAN_POINT ( 'NONE',  ( -28.50000000000000000, 25.85859933425698642, 35.00000000000000000 ) ) ;
#8133 = ORIENTED_EDGE ( 'NONE', *, *, #6731, .T. ) ;
#8134 = CARTESIAN_POINT ( 'NONE',  ( 21.88688724951296294, -12.63640024522943150, 18.09999999999999787 ) ) ;
#8135 = VERTEX_POINT ( 'NONE', #2711 ) ;
#8136 = CARTESIAN_POINT ( 'NONE',  ( -20.70224001811205028, 14.47096222019266243, 16.00000000000000000 ) ) ;
#8137 = CARTESIAN_POINT ( 'NONE',  ( -18.67941970619396841, -4.506203797966179536, 10.09999999999999964 ) ) ;
#8138 = ORIENTED_EDGE ( 'NONE', *, *, #6246, .F. ) ;
#8139 = CARTESIAN_POINT ( 'NONE',  ( 2.750000000598447070, -4.763139721851054276, 9.000000000000000000 ) ) ;
#8140 = ORIENTED_EDGE ( 'NONE', *, *, #2228, .T. ) ;
#8141 = CARTESIAN_POINT ( 'NONE',  ( 16.50000000000000355, -29.00000000000000000, 30.99999999999999645 ) ) ;
#8142 = CARTESIAN_POINT ( 'NONE',  ( -22.97177900730740419, -35.46886285516481507, 19.00000000000000355 ) ) ;
#8143 = CARTESIAN_POINT ( 'NONE',  ( -24.41503000176012250, 34.16810406380067633, 12.50000000000000000 ) ) ;
#8144 = ORIENTED_EDGE ( 'NONE', *, *, #4896, .F. ) ;
#8145 = EDGE_CURVE ( 'NONE', #7811, #6175, #6823, .T. ) ;
#8146 = DIRECTION ( 'NONE',  ( -1.000000000000000000, 0.000000000000000000, 0.000000000000000000 ) ) ;
#8147 = DIRECTION ( 'NONE',  ( -0.8660254037844435926, 0.4999999999999916178, 0.000000000000000000 ) ) ;
#8148 = EDGE_CURVE ( 'NONE', #2620, #4482, #7178, .T. ) ;
#8149 = DIRECTION ( 'NONE',  ( -0.9448157352777264428, -0.3276022380442618065, 0.000000000000000000 ) ) ;
#8150 = ORIENTED_EDGE ( 'NONE', *, *, #7742, .F. ) ;
#8151 = DIRECTION ( 'NONE',  ( -0.8660254037844384856, 0.5000000000000002220, 0.000000000000000000 ) ) ;
#8152 = DIRECTION ( 'NONE',  ( 0.000000000000000000, -1.000000000000000000, 0.000000000000000000 ) ) ;
#8153 = DIRECTION ( 'NONE',  ( 1.000000000000000000, 0.000000000000000000, 0.000000000000000000 ) ) ;
#8154 = ORIENTED_EDGE ( 'NONE', *, *, #2617, .T. ) ;
#8155 = EDGE_CURVE ( 'NONE', #4747, #1740, #4140, .T. ) ;
#8156 = FACE_OUTER_BOUND ( 'NONE', #5001, .T. ) ;
#8157 = ORIENTED_EDGE ( 'NONE', *, *, #7533, .F. ) ;
#8158 = CARTESIAN_POINT ( 'NONE',  ( 7.287642150948030917, 47.52398662128798179, 9.907087503330290090 ) ) ;
#8159 = ORIENTED_EDGE ( 'NONE', *, *, #1282, .T. ) ;
#8160 = CARTESIAN_POINT ( 'NONE',  ( 8.580561569927754206, -12.11673738234993714, 4.000000000000000000 ) ) ;
#8161 = DIRECTION ( 'NONE',  ( -0.000000000000000000, -0.000000000000000000, 1.000000000000000000 ) ) ;
#8162 = CARTESIAN_POINT ( 'NONE',  ( -37.78311253585379603, 21.01390591497600369, 5.000000000000000000 ) ) ;
#8163 = DIRECTION ( 'NONE',  ( -0.000000000000000000, 0.000000000000000000, -1.000000000000000000 ) ) ;
#8164 = EDGE_CURVE ( 'NONE', #1843, #7516, #2204, .T. ) ;
#8165 = ORIENTED_EDGE ( 'NONE', *, *, #3608, .T. ) ;
#8166 = DIRECTION ( 'NONE',  ( -0.8660254037844363761, 0.5000000000000039968, 0.000000000000000000 ) ) ;
#8167 = ORIENTED_EDGE ( 'NONE', *, *, #6370, .T. ) ;
#8168 = PLANE ( 'NONE',  #5254 ) ;
#8169 = CIRCLE ( 'NONE', #1305, 3.200000000018833557 ) ;
#8170 = LINE ( 'NONE', #3331, #6221 ) ;
#8171 = ORIENTED_EDGE ( 'NONE', *, *, #3281, .F. ) ;
#8172 = CYLINDRICAL_SURFACE ( 'NONE', #2636, 1.499999999999999334 ) ;
#8173 = ORIENTED_EDGE ( 'NONE', *, *, #2183, .F. ) ;
#8174 = FACE_OUTER_BOUND ( 'NONE', #8677, .T. ) ;
#8175 = EDGE_CURVE ( 'NONE', #2134, #7101, #4317, .T. ) ;
#8176 = DIRECTION ( 'NONE',  ( -0.09332404931032581286, 0.9956357877358184005, -0.000000000000000000 ) ) ;
#8177 = EDGE_CURVE ( 'NONE', #6446, #6474, #7041, .T. ) ;
#8178 = ORIENTED_EDGE ( 'NONE', *, *, #6693, .F. ) ;
#8179 = VECTOR ( 'NONE', #4096, 1000.000000000000000 ) ;
#8180 = VECTOR ( 'NONE', #2389, 1000.000000000000000 ) ;
#8181 = ORIENTED_EDGE ( 'NONE', *, *, #2355, .F. ) ;
#8182 = EDGE_CURVE ( 'NONE', #7018, #8871, #5748, .T. ) ;
#8183 = DIRECTION ( 'NONE',  ( 0.000000000000000000, 0.000000000000000000, -1.000000000000000000 ) ) ;
#8184 = ORIENTED_EDGE ( 'NONE', *, *, #2807, .F. ) ;
#8185 = CARTESIAN_POINT ( 'NONE',  ( 46.63139720874254124, -20.57179676868809537, 9.000000000000000000 ) ) ;
#8186 = CIRCLE ( 'NONE', #3465, 2.000000000000001776 ) ;
#8187 = CARTESIAN_POINT ( 'NONE',  ( -23.41968249833416138, -35.30565992483074922, 18.71085148344803883 ) ) ;
#8188 = CARTESIAN_POINT ( 'NONE',  ( -34.15121321063403315, -27.58478427049317361, 23.33333333333332860 ) ) ;
#8189 = EDGE_CURVE ( 'NONE', #5179, #268, #3554, .T. ) ;
#8190 = VERTEX_POINT ( 'NONE', #8392 ) ;
#8191 = VECTOR ( 'NONE', #6485, 1000.000000000000000 ) ;
#8192 = CIRCLE ( 'NONE', #5891, 2.999999999999999112 ) ;
#8193 = CIRCLE ( 'NONE', #5184, 1.000000000018832935 ) ;
#8194 = LINE ( 'NONE', #8327, #454 ) ;
#8195 = FACE_OUTER_BOUND ( 'NONE', #2936, .T. ) ;
#8196 = CARTESIAN_POINT ( 'NONE',  ( 34.15121321063399051, 27.58478427049332282, 23.33333333333333570 ) ) ;
#8197 = CARTESIAN_POINT ( 'NONE',  ( 1.248484576876122736E-15, 50.66987298107782323, 5.000000000000000000 ) ) ;
#8198 = ORIENTED_EDGE ( 'NONE', *, *, #5470, .T. ) ;
#8199 = CARTESIAN_POINT ( 'NONE',  ( 10.56760724610477453, 37.94555364585769297, 0.000000000000000000 ) ) ;
#8200 = LINE ( 'NONE', #7575, #8388 ) ;
#8201 = LINE ( 'NONE', #8877, #7927 ) ;
#8202 = ORIENTED_EDGE ( 'NONE', *, *, #3139, .F. ) ;
#8203 = CARTESIAN_POINT ( 'NONE',  ( -6.777009724605783880, 47.60829708903477098, 10.54514172537135508 ) ) ;
#8204 = VECTOR ( 'NONE', #2624, 1000.000000000000000 ) ;
#8205 = VERTEX_POINT ( 'NONE', #3641 ) ;
#8206 = DIRECTION ( 'NONE',  ( -0.8660254037844363761, 0.5000000000000039968, 0.000000000000000000 ) ) ;
#8207 = ORIENTED_EDGE ( 'NONE', *, *, #2196, .F. ) ;
#8208 = LINE ( 'NONE', #3363, #782 ) ;
#8209 = CARTESIAN_POINT ( 'NONE',  ( -20.70224001811205028, 0.5237981084160736600, 16.00000000000000000 ) ) ;
#8210 = EDGE_CURVE ( 'NONE', #4203, #2506, #7185, .T. ) ;
#8211 = DIRECTION ( 'NONE',  ( 2.197316402903917367E-14, 1.000000000000000000, 0.000000000000000000 ) ) ;
#8212 = VECTOR ( 'NONE', #3120, 999.9999999999998863 ) ;
#8213 = ADVANCED_FACE ( 'NONE', ( #7723 ), #1546, .T. ) ;
#8214 = VECTOR ( 'NONE', #7721, 1000.000000000000227 ) ;
#8215 = CARTESIAN_POINT ( 'NONE',  ( -4.099999999999999645, -46.86226820536257520, 0.000000000000000000 ) ) ;
#8216 = VERTEX_POINT ( 'NONE', #5736 ) ;
#8217 = CARTESIAN_POINT ( 'NONE',  ( 14.71171412856897476, -8.091954300746134976, 27.31370849898443609 ) ) ;
#8218 = AXIS2_PLACEMENT_3D ( 'NONE', #966, #5629, #8537 ) ;
#8219 = ORIENTED_EDGE ( 'NONE', *, *, #104, .F. ) ;
#8220 = CARTESIAN_POINT ( 'NONE',  ( -41.13139720754592332, -30.09807621238956088, 9.000000000000000000 ) ) ;
#8221 = CARTESIAN_POINT ( 'NONE',  ( -16.50000000000000355, -32.27417035836263892, -70.99999999999992895 ) ) ;
#8222 = CIRCLE ( 'NONE', #6360, 3.200000000018833557 ) ;
#8223 = VERTEX_POINT ( 'NONE', #2335 ) ;
#8224 = CARTESIAN_POINT ( 'NONE',  ( -33.93454062992151421, -22.36339745962124681, 5.000000000000000000 ) ) ;
#8225 = LINE ( 'NONE', #5410, #2447 ) ;
#8226 = VECTOR ( 'NONE', #2959, 1000.000000000000000 ) ;
#8227 = EDGE_CURVE ( 'NONE', #1677, #1369, #3027, .T. ) ;
#8228 = DIRECTION ( 'NONE',  ( 0.5000000000000029976, 0.8660254037844370423, 0.000000000000000000 ) ) ;
#8229 = ORIENTED_EDGE ( 'NONE', *, *, #8189, .T. ) ;
#8230 = ORIENTED_EDGE ( 'NONE', *, *, #2511, .T. ) ;
#8231 = CARTESIAN_POINT ( 'NONE',  ( 14.39775998193531592, 14.88326261767695158, 4.000000000000000000 ) ) ;
#8232 = EDGE_LOOP ( 'NONE', ( #4676, #5619, #2340, #997, #5594, #7433, #7786, #1376, #4937, #4089, #3731, #2738, #4303, #5235, #1590, #8025, #215, #733, #3566, #4480, #3148, #5316, #4840, #2333, #1894, #7888, #2681 ) ) ;
#8233 = DIRECTION ( 'NONE',  ( 0.9995339578468541708, 0.03052649850544824836, 0.000000000000000000 ) ) ;
#8234 = LINE ( 'NONE', #7702, #5680 ) ;
#8235 = CARTESIAN_POINT ( 'NONE',  ( -34.91923691444226563, -23.29236378375799887, 34.99999999999997868 ) ) ;
#8236 = VERTEX_POINT ( 'NONE', #4278 ) ;
#8237 = CARTESIAN_POINT ( 'NONE',  ( 6.044999999999995488, -0.6737384941803912231, 10.09999999999999964 ) ) ;
#8238 = LINE ( 'NONE', #749, #7324 ) ;
#8239 = CARTESIAN_POINT ( 'NONE',  ( 1.248484576876122736E-15, 49.66987298107782323, 7.400000000000000355 ) ) ;
#8240 = CARTESIAN_POINT ( 'NONE',  ( -26.62704633623996031, -22.35329712445499339, 10.09999999999999964 ) ) ;
#8241 = VECTOR ( 'NONE', #2060, 1000.000000000000000 ) ;
#8242 = AXIS2_PLACEMENT_3D ( 'NONE', #8005, #5181, #1775 ) ;
#8243 = ORIENTED_EDGE ( 'NONE', *, *, #6445, .F. ) ;
#8244 = FACE_OUTER_BOUND ( 'NONE', #6794, .T. ) ;
#8245 = CARTESIAN_POINT ( 'NONE',  ( -4.499999999999976019, 49.66987298107782323, 4.999999999999996447 ) ) ;
#8246 = AXIS2_PLACEMENT_3D ( 'NONE', #3810, #5863, #6587 ) ;
#8247 = DIRECTION ( 'NONE',  ( -1.000000000000000000, 0.000000000000000000, 0.000000000000000000 ) ) ;
#8248 = EDGE_LOOP ( 'NONE', ( #4221, #5754, #2442, #5516 ) ) ;
#8249 = DIRECTION ( 'NONE',  ( -0.000000000000000000, -0.000000000000000000, 1.000000000000000000 ) ) ;
#8250 = VECTOR ( 'NONE', #3468, 1000.000000000000000 ) ;
#8251 = ORIENTED_EDGE ( 'NONE', *, *, #4097, .T. ) ;
#8252 = DIRECTION ( 'NONE',  ( 0.000000000000000000, -1.000000000000000000, 0.000000000000000000 ) ) ;
#8253 = VERTEX_POINT ( 'NONE', #7764 ) ;
#8254 = FACE_OUTER_BOUND ( 'NONE', #4707, .T. ) ;
#8255 = DIRECTION ( 'NONE',  ( 0.5000000000000029976, 0.8660254037844370423, 0.000000000000000000 ) ) ;
#8256 = CARTESIAN_POINT ( 'NONE',  ( -0.3940173918712295276, 50.25539422098248110, 11.00000000000000000 ) ) ;
#8257 = VECTOR ( 'NONE', #6610, 1000.000000000000000 ) ;
#8258 = DIRECTION ( 'NONE',  ( 1.000000000000000000, 0.000000000000000000, 0.000000000000000000 ) ) ;
#8259 = EDGE_LOOP ( 'NONE', ( #8442, #2254, #418, #3152 ) ) ;
#8260 = DIRECTION ( 'NONE',  ( 0.000000000000000000, -1.000000000000000000, 0.000000000000000000 ) ) ;
#8261 = AXIS2_PLACEMENT_3D ( 'NONE', #848, #3585, #1494 ) ;
#8262 = VECTOR ( 'NONE', #6390, 1000.000000000000000 ) ;
#8263 = AXIS2_PLACEMENT_3D ( 'NONE', #1844, #5868, #5207 ) ;
#8264 = ORIENTED_EDGE ( 'NONE', *, *, #2404, .F. ) ;
#8265 = EDGE_CURVE ( 'NONE', #2035, #6836, #4900, .T. ) ;
#8266 = DIRECTION ( 'NONE',  ( 0.000000000000000000, 0.000000000000000000, -1.000000000000000000 ) ) ;
#8267 = CARTESIAN_POINT ( 'NONE',  ( 39.99287180435956657, -30.07006005641602897, 10.09999999999999964 ) ) ;
#8268 = EDGE_LOOP ( 'NONE', ( #4847, #5613, #6619, #5311 ) ) ;
#8269 = CARTESIAN_POINT ( 'NONE',  ( 32.97114317029964781, -24.23205080756907392, 4.999999999999998224 ) ) ;
#8270 = DIRECTION ( 'NONE',  ( 0.8517350830442211862, -0.5239726598894770548, 0.000000000000000000 ) ) ;
#8271 = EDGE_CURVE ( 'NONE', #8502, #3891, #1626, .T. ) ;
#8272 = DIRECTION ( 'NONE',  ( 3.193747158369193863E-16, -1.000000000000000000, 0.000000000000000000 ) ) ;
#8273 = ORIENTED_EDGE ( 'NONE', *, *, #4391, .F. ) ;
#8274 = PLANE ( 'NONE',  #1157 ) ;
#8275 = ORIENTED_EDGE ( 'NONE', *, *, #4780, .T. ) ;
#8276 = CARTESIAN_POINT ( 'NONE',  ( -35.78311253585457763, 24.47800753011462405, 12.50000000000000000 ) ) ;
#8277 = ORIENTED_EDGE ( 'NONE', *, *, #3713, .F. ) ;
#8278 = CARTESIAN_POINT ( 'NONE',  ( 11.19775998191648192, 14.88326261767695158, 6.000000000000000000 ) ) ;
#8279 = LINE ( 'NONE', #7603, #4253 ) ;
#8280 = FACE_OUTER_BOUND ( 'NONE', #3454, .T. ) ;
#8281 = VERTEX_POINT ( 'NONE', #8475 ) ;
#8282 = EDGE_CURVE ( 'NONE', #1045, #2669, #6377, .T. ) ;
#8283 = EDGE_CURVE ( 'NONE', #847, #821, #6418, .T. ) ;
#8284 = FACE_OUTER_BOUND ( 'NONE', #438, .T. ) ;
#8285 = PLANE ( 'NONE',  #5600 ) ;
#8286 = LINE ( 'NONE', #2148, #674 ) ;
#8287 = DIRECTION ( 'NONE',  ( 0.000000000000000000, 0.000000000000000000, 1.000000000000000000 ) ) ;
#8288 = ORIENTED_EDGE ( 'NONE', *, *, #1144, .T. ) ;
#8289 = DIRECTION ( 'NONE',  ( 1.000000000000000000, -3.528681642006276099E-16, 0.000000000000000000 ) ) ;
#8290 =( LENGTH_UNIT ( ) NAMED_UNIT ( * ) SI_UNIT ( .MILLI., .METRE. ) );
#8291 = ADVANCED_FACE ( 'NONE', ( #4990 ), #5701, .F. ) ;
#8292 = CARTESIAN_POINT ( 'NONE',  ( -23.75457023243858501, 36.05590513730067670, 12.50000000000000000 ) ) ;
#8293 = ADVANCED_FACE ( 'NONE', ( #184 ), #2926, .F. ) ;
#8294 = VERTEX_POINT ( 'NONE', #7091 ) ;
#8295 = PLANE ( 'NONE',  #3166 ) ;
#8296 = EDGE_CURVE ( 'NONE', #1021, #5542, #3004, .T. ) ;
#8297 = VERTEX_POINT ( 'NONE', #3509 ) ;
#8298 = CARTESIAN_POINT ( 'NONE',  ( -6.045000000000008811, 17.88326261765006109, 4.000000000000000000 ) ) ;
#8299 = ORIENTED_EDGE ( 'NONE', *, *, #3117, .T. ) ;
#8300 = CARTESIAN_POINT ( 'NONE',  ( -24.40952427225795418, 25.85859933425698642, 85.99999999999994316 ) ) ;
#8301 = DIRECTION ( 'NONE',  ( 0.000000000000000000, -0.000000000000000000, -1.000000000000000000 ) ) ;
#8302 = EDGE_CURVE ( 'NONE', #7275, #4447, #4413, .T. ) ;
#8303 = DIRECTION ( 'NONE',  ( 0.000000000000000000, 0.000000000000000000, -1.000000000000000000 ) ) ;
#8304 = VERTEX_POINT ( 'NONE', #6639 ) ;
#8305 = DIRECTION ( 'NONE',  ( 0.000000000000000000, 0.000000000000000000, 1.000000000000000000 ) ) ;
#8306 = ORIENTED_EDGE ( 'NONE', *, *, #1030, .T. ) ;
#8307 = DIRECTION ( 'NONE',  ( 0.5000000000000051070, 0.8660254037844357100, 0.000000000000000000 ) ) ;
#8308 = LINE ( 'NONE', #777, #8500 ) ;
#8309 = ORIENTED_EDGE ( 'NONE', *, *, #8070, .F. ) ;
#8310 = DIRECTION ( 'NONE',  ( -0.000000000000000000, 1.000000000000000000, -0.000000000000000000 ) ) ;
#8311 = CARTESIAN_POINT ( 'NONE',  ( -16.50000000000000355, -29.00000000000000000, 12.00000000000000000 ) ) ;
#8312 = CARTESIAN_POINT ( 'NONE',  ( -38.05106172828543265, 16.54980429983895718, 12.50000000000000000 ) ) ;
#8313 = EDGE_CURVE ( 'NONE', #396, #6961, #8699, .T. ) ;
#8314 = ORIENTED_EDGE ( 'NONE', *, *, #5114, .F. ) ;
#8315 = CARTESIAN_POINT ( 'NONE',  ( -28.49999999999999645, 0.5237688723248729028, 25.66666666666667140 ) ) ;
#8316 = VERTEX_POINT ( 'NONE', #5118 ) ;
#8317 = EDGE_CURVE ( 'NONE', #5117, #4503, #7982, .T. ) ;
#8318 = FACE_OUTER_BOUND ( 'NONE', #287, .T. ) ;
#8319 = ORIENTED_EDGE ( 'NONE', *, *, #1373, .F. ) ;
#8320 = DIRECTION ( 'NONE',  ( -0.8660254037844387076, 0.4999999999999998890, 0.000000000000000000 ) ) ;
#8321 = LINE ( 'NONE', #7063, #662 ) ;
#8322 = CARTESIAN_POINT ( 'NONE',  ( 17.10000000000000497, -38.85893604565575288, 18.99999999999999645 ) ) ;
#8323 = AXIS2_PLACEMENT_3D ( 'NONE', #7818, #2934, #5744 ) ;
#8324 = EDGE_CURVE ( 'NONE', #8294, #4858, #6502, .T. ) ;
#8325 = ORIENTED_EDGE ( 'NONE', *, *, #6328, .F. ) ;
#8326 = EDGE_CURVE ( 'NONE', #112, #1649, #2559, .T. ) ;
#8327 = CARTESIAN_POINT ( 'NONE',  ( -28.50000000000000000, 25.85859933425698642, 16.00000000000000355 ) ) ;
#8328 = VECTOR ( 'NONE', #6959, 1000.000000000000114 ) ;
#8329 = CARTESIAN_POINT ( 'NONE',  ( 42.63371846347649097, 25.97118909053004998, 11.66666666666665009 ) ) ;
#8330 = CARTESIAN_POINT ( 'NONE',  ( 38.16565829136300891, -2.183157863060336545, 4.000000000000000000 ) ) ;
#8331 = ORIENTED_EDGE ( 'NONE', *, *, #6835, .F. ) ;
#8332 = CARTESIAN_POINT ( 'NONE',  ( 46.29165124598851833, -26.72649730810375246, 0.000000000000000000 ) ) ;
#8333 = VECTOR ( 'NONE', #6593, 1000.000000000000000 ) ;
#8334 = FACE_OUTER_BOUND ( 'NONE', #1702, .T. ) ;
#8335 = ORIENTED_EDGE ( 'NONE', *, *, #2125, .T. ) ;
#8336 = CARTESIAN_POINT ( 'NONE',  ( -43.51494162183654169, -0.6535537355635760992, 0.000000000000000000 ) ) ;
#8337 = ORIENTED_EDGE ( 'NONE', *, *, #3986, .T. ) ;
#8338 = EDGE_CURVE ( 'NONE', #5977, #6334, #7465, .T. ) ;
#8339 = DIRECTION ( 'NONE',  ( 0.000000000000000000, 0.000000000000000000, -1.000000000000000000 ) ) ;
#8340 = VERTEX_POINT ( 'NONE', #5967 ) ;
#8341 = CARTESIAN_POINT ( 'NONE',  ( 44.48854006528701888, -19.33461762007911844, 11.00000000000000000 ) ) ;
#8342 = EDGE_CURVE ( 'NONE', #8641, #7552, #3227, .T. ) ;
#8343 = CARTESIAN_POINT ( 'NONE',  ( 40.51814855409207183, 23.39316397477070453, 23.33333333333333570 ) ) ;
#8344 = ADVANCED_FACE ( 'NONE', ( #5827 ), #7213, .F. ) ;
#8345 = LINE ( 'NONE', #2202, #8498 ) ;
#8346 = VERTEX_POINT ( 'NONE', #8562 ) ;
#8347 = DIRECTION ( 'NONE',  ( 0.000000000000000000, 0.000000000000000000, -1.000000000000000000 ) ) ;
#8348 = ORIENTED_EDGE ( 'NONE', *, *, #1666, .T. ) ;
#8349 = LINE ( 'NONE', #3596, #2112 ) ;
#8350 = DIRECTION ( 'NONE',  ( 1.000000000000000000, 0.000000000000000000, 0.000000000000000000 ) ) ;
#8351 = ORIENTED_EDGE ( 'NONE', *, *, #5633, .F. ) ;
#8352 = LINE ( 'NONE', #5580, #7495 ) ;
#8353 = AXIS2_PLACEMENT_3D ( 'NONE', #5261, #8749, #4765 ) ;
#8354 = LINE ( 'NONE', #1553, #3498 ) ;
#8355 = CARTESIAN_POINT ( 'NONE',  ( 44.86537180435959016, -21.63064249653672277, 4.999999999999996447 ) ) ;
#8356 = ORIENTED_EDGE ( 'NONE', *, *, #7624, .F. ) ;
#8357 = EDGE_CURVE ( 'NONE', #5710, #7016, #2421, .T. ) ;
#8358 = CARTESIAN_POINT ( 'NONE',  ( -23.50000000000000711, -37.33292726637734660, 12.42546829238622053 ) ) ;
#8359 = ORIENTED_EDGE ( 'NONE', *, *, #8429, .F. ) ;
#8360 = CIRCLE ( 'NONE', #1343, 4.099999999999999645 ) ;
#8361 = VECTOR ( 'NONE', #3315, 1000.000000000000000 ) ;
#8362 = DIRECTION ( 'NONE',  ( 0.000000000000000000, 0.000000000000000000, -1.000000000000000000 ) ) ;
#8363 = AXIS2_PLACEMENT_3D ( 'NONE', #462, #1188, #3196 ) ;
#8364 = ORIENTED_EDGE ( 'NONE', *, *, #7785, .F. ) ;
#8365 = CARTESIAN_POINT ( 'NONE',  ( -43.40489990004035548, -25.05983064143714500, 11.66666666666666785 ) ) ;
#8366 = FACE_BOUND ( 'NONE', #2387, .T. ) ;
#8367 = EDGE_CURVE ( 'NONE', #3578, #6729, #3605, .T. ) ;
#8368 = DIRECTION ( 'NONE',  ( 0.000000000000000000, 0.000000000000000000, -1.000000000000000000 ) ) ;
#8369 = AXIS2_PLACEMENT_3D ( 'NONE', #7897, #4496, #1178 ) ;
#8370 = ORIENTED_EDGE ( 'NONE', *, *, #3162, .F. ) ;
#8371 = CYLINDRICAL_SURFACE ( 'NONE', #7469, 1.500000000000001332 ) ;
#8372 = CARTESIAN_POINT ( 'NONE',  ( -26.62704633623996386, -22.35329712445499339, 11.59999999999999964 ) ) ;
#8373 = ADVANCED_FACE ( 'NONE', ( #401 ), #5782, .T. ) ;
#8374 = CARTESIAN_POINT ( 'NONE',  ( 22.90000000000000213, -35.51030448435589193, 18.99999999999999289 ) ) ;
#8375 = EDGE_LOOP ( 'NONE', ( #8674, #6282, #4182, #7414 ) ) ;
#8376 = DIRECTION ( 'NONE',  ( 0.8846467616151699742, -0.4662618439930429903, 0.000000000000000000 ) ) ;
#8377 = CARTESIAN_POINT ( 'NONE',  ( -23.50000000000000355, -32.27417035836263892, 12.59999999999999964 ) ) ;
#8378 = EDGE_CURVE ( 'NONE', #7238, #6802, #495, .T. ) ;
#8379 = DIRECTION ( 'NONE',  ( 0.000000000000000000, 0.000000000000000000, 1.000000000000000000 ) ) ;
#8380 = EDGE_LOOP ( 'NONE', ( #90, #4166, #1401, #5447, #6787 ) ) ;
#8381 = DIRECTION ( 'NONE',  ( 0.8660254037844363761, -0.5000000000000039968, 0.000000000000000000 ) ) ;
#8382 = CIRCLE ( 'NONE', #4093, 1.000000000018832935 ) ;
#8383 = ORIENTED_EDGE ( 'NONE', *, *, #3415, .F. ) ;
#8384 = CARTESIAN_POINT ( 'NONE',  ( -46.63139720754583095, -20.57179677076068813, 11.00000000000000000 ) ) ;
#8385 = VERTEX_POINT ( 'NONE', #4533 ) ;
#8386 = CARTESIAN_POINT ( 'NONE',  ( -39.78311253585430762, 17.54980429983896073, 12.50000000000000000 ) ) ;
#8387 = CARTESIAN_POINT ( 'NONE',  ( 37.63139720814386635, 21.72649730810417523, 35.00000000000000000 ) ) ;
#8388 = VECTOR ( 'NONE', #3996, 1000.000000000000000 ) ;
#8389 = AXIS2_PLACEMENT_3D ( 'NONE', #1135, #7862, #1724 ) ;
#8390 = LINE ( 'NONE', #4988, #2634 ) ;
#8391 = ORIENTED_EDGE ( 'NONE', *, *, #783, .F. ) ;
#8392 = CARTESIAN_POINT ( 'NONE',  ( 11.09294674498499589, -41.10007460160269233, 0.000000000000000000 ) ) ;
#8393 = AXIS2_PLACEMENT_3D ( 'NONE', #7585, #8669, #1448 ) ;
#8394 = EDGE_LOOP ( 'NONE', ( #406, #5405, #5012, #7973 ) ) ;
#8395 = DIRECTION ( 'NONE',  ( 1.000000000000000000, 0.000000000000000000, 0.000000000000000000 ) ) ;
#8396 = CARTESIAN_POINT ( 'NONE',  ( 4.500000000000021316, 49.66987298107782323, 5.799999999999998046 ) ) ;
#8397 = AXIS2_PLACEMENT_3D ( 'NONE', #8123, #6728, #4088 ) ;
#8398 = ORIENTED_EDGE ( 'NONE', *, *, #1712, .F. ) ;
#8399 = CARTESIAN_POINT ( 'NONE',  ( -45.05996863671554564, -17.35513098562107004, 8.999999999999996447 ) ) ;
#8400 = FACE_OUTER_BOUND ( 'NONE', #2079, .T. ) ;
#8401 = CARTESIAN_POINT ( 'NONE',  ( 15.72356672685348222, -33.85622107339584375, 12.00000000000000000 ) ) ;
#8402 = VERTEX_POINT ( 'NONE', #1795 ) ;
#8403 = AXIS2_PLACEMENT_3D ( 'NONE', #4859, #6696, #4769 ) ;
#8404 = EDGE_CURVE ( 'NONE', #3483, #6878, #1122, .T. ) ;
#8405 = LINE ( 'NONE', #5749, #2309 ) ;
#8406 = VERTEX_POINT ( 'NONE', #5866 ) ;
#8407 = CARTESIAN_POINT ( 'NONE',  ( -5.000000000000019540, 52.11324865405187268, 0.000000000000000000 ) ) ;
#8408 = ORIENTED_EDGE ( 'NONE', *, *, #7341, .F. ) ;
#8409 = CARTESIAN_POINT ( 'NONE',  ( -37.63139720814406530, -1.275021754842953214E-13, 35.00000000000004263 ) ) ;
#8410 = DIRECTION ( 'NONE',  ( -1.000000000000000000, 0.000000000000000000, 0.000000000000000000 ) ) ;
#8411 = AXIS2_PLACEMENT_3D ( 'NONE', #2274, #8544, #4970 ) ;
#8412 = DIRECTION ( 'NONE',  ( 0.000000000000000000, 0.000000000000000000, -1.000000000000000000 ) ) ;
#8413 = CARTESIAN_POINT ( 'NONE',  ( -20.70224001811205028, 14.47096222019266243, 12.50000000000000000 ) ) ;
#8414 = CARTESIAN_POINT ( 'NONE',  ( 12.94227870587920037, -36.10007460160268522, 4.000000000000000000 ) ) ;
#8415 = DIRECTION ( 'NONE',  ( 0.000000000000000000, -0.000000000000000000, 1.000000000000000000 ) ) ;
#8416 = ORIENTED_EDGE ( 'NONE', *, *, #355, .F. ) ;
#8417 = DIRECTION ( 'NONE',  ( -0.000000000000000000, -0.000000000000000000, -1.000000000000000000 ) ) ;
#8418 =( NAMED_UNIT ( * ) SI_UNIT ( $, .STERADIAN. ) SOLID_ANGLE_UNIT ( ) );
#8419 = DIRECTION ( 'NONE',  ( 0.8660254037844362651, -0.5000000000000039968, -0.000000000000000000 ) ) ;
#8421 = ORIENTED_EDGE ( 'NONE', *, *, #4509, .F. ) ;
#8420 = EDGE_CURVE ( 'NONE', #3155, #6230, #2465, .T. ) ;
#8422 = DIRECTION ( 'NONE',  ( -0.6211018600785876975, -0.7837298510372809890, 0.000000000000000000 ) ) ;
#8423 = EDGE_CURVE ( 'NONE', #1458, #268, #1032, .T. ) ;
#8424 = EDGE_LOOP ( 'NONE', ( #3398, #7318, #5506, #163 ) ) ;
#8425 = CARTESIAN_POINT ( 'NONE',  ( -41.70298551693151978, 4.224486752532996547, 0.000000000000000000 ) ) ;
#8426 = ORIENTED_EDGE ( 'NONE', *, *, #411, .T. ) ;
#8427 = LINE ( 'NONE', #1580, #8478 ) ;
#8428 = FACE_OUTER_BOUND ( 'NONE', #925, .T. ) ;
#8429 = EDGE_CURVE ( 'NONE', #5800, #7740, #601, .T. ) ;
#8430 = CARTESIAN_POINT ( 'NONE',  ( 11.09294674498499589, -31.10007460160269588, 12.00000000000000000 ) ) ;
#8431 = ORIENTED_EDGE ( 'NONE', *, *, #1366, .T. ) ;
#8432 = DIRECTION ( 'NONE',  ( 1.706188113472160789E-16, 1.000000000000000000, 0.000000000000000000 ) ) ;
#8433 = ORIENTED_EDGE ( 'NONE', *, *, #5054, .F. ) ;
#8434 = DIRECTION ( 'NONE',  ( 1.360336287292108784E-16, 1.000000000000000000, 0.000000000000000000 ) ) ;
#8435 = CARTESIAN_POINT ( 'NONE',  ( 16.50000000000000355, -32.27417035836263892, -70.99999999999992895 ) ) ;
#8436 = EDGE_CURVE ( 'NONE', #565, #5465, #8186, .T. ) ;
#8437 = ORIENTED_EDGE ( 'NONE', *, *, #5503, .T. ) ;
#8438 = DIRECTION ( 'NONE',  ( -1.000000000000000000, 0.000000000000000000, 0.000000000000000000 ) ) ;
#8439 = CARTESIAN_POINT ( 'NONE',  ( -44.60025803500102626, 1.466623094547125472, 12.50000000000000000 ) ) ;
#8440 = EDGE_CURVE ( 'NONE', #3431, #2134, #8651, .T. ) ;
#8441 = PLANE ( 'NONE',  #8064 ) ;
#8442 = ORIENTED_EDGE ( 'NONE', *, *, #4565, .F. ) ;
#8443 = CARTESIAN_POINT ( 'NONE',  ( 39.99287180435956657, -30.07006005641602897, 10.09999999999999964 ) ) ;
#8444 = FACE_OUTER_BOUND ( 'NONE', #6068, .T. ) ;
#8445 = DIRECTION ( 'NONE',  ( 0.000000000000000000, 0.000000000000000000, 1.000000000000000000 ) ) ;
#8446 = ORIENTED_EDGE ( 'NONE', *, *, #7155, .F. ) ;
#8447 = LINE ( 'NONE', #1690, #6494 ) ;
#8448 = CARTESIAN_POINT ( 'NONE',  ( -8.580561569927754206, -10.97629017012735630, 37.05107468579354446 ) ) ;
#8449 = EDGE_CURVE ( 'NONE', #8205, #6163, #7299, .T. ) ;
#8450 = EDGE_CURVE ( 'NONE', #6052, #6558, #1264, .T. ) ;
#8451 = DIRECTION ( 'NONE',  ( 0.000000000000000000, -0.000000000000000000, 1.000000000000000000 ) ) ;
#8452 = ORIENTED_EDGE ( 'NONE', *, *, #4997, .F. ) ;
#8453 = CARTESIAN_POINT ( 'NONE',  ( 13.59587200499385595, 14.88326261765000780, 4.000000000000000000 ) ) ;
#8454 = VECTOR ( 'NONE', #214, 1000.000000000000000 ) ;
#8455 = CARTESIAN_POINT ( 'NONE',  ( 23.50000000000000355, -35.36184298656426250, 18.39999999999999503 ) ) ;
#8456 = VECTOR ( 'NONE', #1973, 1000.000000000000000 ) ;
#8457 = DIRECTION ( 'NONE',  ( 0.000000000000000000, -0.000000000000000000, -1.000000000000000000 ) ) ;
#8458 = PLANE ( 'NONE',  #938 ) ;
#8459 = DIRECTION ( 'NONE',  ( -0.000000000000000000, -0.000000000000000000, 1.000000000000000000 ) ) ;
#8460 = ORIENTED_EDGE ( 'NONE', *, *, #5144, .T. ) ;
#8461 = AXIS2_PLACEMENT_3D ( 'NONE', #3327, #6060, #1319 ) ;
#8462 = CARTESIAN_POINT ( 'NONE',  ( -22.89999999999999858, -35.51030448435592035, 19.00000000000000355 ) ) ;
#8463 = ORIENTED_EDGE ( 'NONE', *, *, #8324, .T. ) ;
#8464 = VECTOR ( 'NONE', #4397, 999.9999999999998863 ) ;
#8465 = DIRECTION ( 'NONE',  ( -0.000000000000000000, -0.000000000000000000, 1.000000000000000000 ) ) ;
#8466 = VERTEX_POINT ( 'NONE', #4001 ) ;
#8467 = DIRECTION ( 'NONE',  ( 1.000000000000000000, 4.496403249731883200E-15, 0.000000000000000000 ) ) ;
#8468 = CARTESIAN_POINT ( 'NONE',  ( 47.63139720814406530, 7.806255641895631925E-15, 0.000000000000000000 ) ) ;
#8469 = AXIS2_PLACEMENT_3D ( 'NONE', #3359, #710, #5472 ) ;
#8470 = EDGE_CURVE ( 'NONE', #4905, #7969, #879, .T. ) ;
#8471 = CIRCLE ( 'NONE', #5750, 1.000000000018832935 ) ;
#8472 = CARTESIAN_POINT ( 'NONE',  ( -46.53139720814435520, -20.74500185048094991, 4.999999999999998224 ) ) ;
#8473 = ORIENTED_EDGE ( 'NONE', *, *, #8326, .T. ) ;
#8474 = AXIS2_PLACEMENT_3D ( 'NONE', #8237, #6083, #8869 ) ;
#8475 = CARTESIAN_POINT ( 'NONE',  ( -7.499999999999989342, 50.66987298107782323, 0.000000000000000000 ) ) ;
#8476 = EDGE_CURVE ( 'NONE', #1098, #7454, #7397, .T. ) ;
#8477 = ORIENTED_EDGE ( 'NONE', *, *, #7409, .T. ) ;
#8478 = VECTOR ( 'NONE', #5069, 1000.000000000000000 ) ;
#8479 = LINE ( 'NONE', #1628, #7970 ) ;
#8480 = DIRECTION ( 'NONE',  ( -0.000000000000000000, -0.000000000000000000, -1.000000000000000000 ) ) ;
#8481 = EDGE_CURVE ( 'NONE', #6656, #112, #4612, .T. ) ;
#8482 = ORIENTED_EDGE ( 'NONE', *, *, #7379, .F. ) ;
#8483 = DIRECTION ( 'NONE',  ( -0.000000000000000000, -0.000000000000000000, 1.000000000000000000 ) ) ;
#8484 = EDGE_CURVE ( 'NONE', #5499, #5474, #6389, .T. ) ;
#8485 = PLANE ( 'NONE',  #4500 ) ;
#8486 = DIRECTION ( 'NONE',  ( 0.000000000000000000, 0.000000000000000000, -1.000000000000000000 ) ) ;
#8487 = ORIENTED_EDGE ( 'NONE', *, *, #3443, .T. ) ;
#8488 = CARTESIAN_POINT ( 'NONE',  ( -15.00224001810105001, 14.88326261767710967, 25.05096679924108116 ) ) ;
#8489 = LINE ( 'NONE', #242, #1659 ) ;
#8490 = LINE ( 'NONE', #6893, #6744 ) ;
#8491 = AXIS2_PLACEMENT_3D ( 'NONE', #4420, #8530, #5925 ) ;
#8492 = ORIENTED_EDGE ( 'NONE', *, *, #4731, .F. ) ;
#8493 = CARTESIAN_POINT ( 'NONE',  ( 14.14227870593024861, -36.10007460160268522, 4.000000000000000000 ) ) ;
#8494 = DIRECTION ( 'NONE',  ( -1.000000000000000000, 0.000000000000000000, 0.000000000000000000 ) ) ;
#8495 = ADVANCED_FACE ( 'NONE', ( #8156 ), #6050, .F. ) ;
#8496 = VECTOR ( 'NONE', #3437, 1000.000000000000000 ) ;
#8497 = ORIENTED_EDGE ( 'NONE', *, *, #7087, .T. ) ;
#8498 = VECTOR ( 'NONE', #4943, 1000.000000000000000 ) ;
#8499 = AXIS2_PLACEMENT_3D ( 'NONE', #5222, #3146, #7316 ) ;
#8500 = VECTOR ( 'NONE', #103, 999.9999999999998863 ) ;
#8501 = CARTESIAN_POINT ( 'NONE',  ( 12.19775998193531485, 14.88326261767695158, 6.000000000000000000 ) ) ;
#8502 = VERTEX_POINT ( 'NONE', #1977 ) ;
#8503 = CARTESIAN_POINT ( 'NONE',  ( -28.50000000000000000, 18.24084142499060590, 30.50000000000000355 ) ) ;
#8504 = CARTESIAN_POINT ( 'NONE',  ( -17.66274917170923331, -21.63433582126976518, 10.09999999999999964 ) ) ;
#8505 = AXIS2_PLACEMENT_3D ( 'NONE', #7689, #276, #4419 ) ;
#8506 = DIRECTION ( 'NONE',  ( -0.5000000000000039968, -0.8660254037844363761, 0.000000000000000000 ) ) ;
#8507 = AXIS2_PLACEMENT_3D ( 'NONE', #318, #3912, #6555 ) ;
#8508 = CARTESIAN_POINT ( 'NONE',  ( -20.70224001811205028, -4.506203797966179536, 16.00000000000000000 ) ) ;
#8509 = VERTEX_POINT ( 'NONE', #3406 ) ;
#8510 = CARTESIAN_POINT ( 'NONE',  ( -16.50000000000000355, -41.31679862020584437, 12.60000000000000675 ) ) ;
#8511 = EDGE_LOOP ( 'NONE', ( #354, #4910, #7665, #3974, #1088 ) ) ;
#8512 = CARTESIAN_POINT ( 'NONE',  ( 12.94227870587920037, -36.10007460160268522, 4.000000000000000000 ) ) ;
#8513 = ORIENTED_EDGE ( 'NONE', *, *, #250, .T. ) ;
#8514 = PLANE ( 'NONE',  #3033 ) ;
#8515 = CARTESIAN_POINT ( 'NONE',  ( 37.63139720814388767, 20.68228772876600630, 34.99999999999999289 ) ) ;
#8516 = LINE ( 'NONE', #4574, #3774 ) ;
#8517 = EDGE_LOOP ( 'NONE', ( #1987, #8817, #3900, #3953, #456, #8335, #6202, #2560, #4777, #1236, #450, #6171, #549 ) ) ;
#8518 = VECTOR ( 'NONE', #2541, 1000.000000000000000 ) ;
#8519 = CARTESIAN_POINT ( 'NONE',  ( 5.499999998803003720, -7.339214704458447912E-16, 9.000000000000000000 ) ) ;
#8520 = ORIENTED_EDGE ( 'NONE', *, *, #6479, .T. ) ;
#8521 = CARTESIAN_POINT ( 'NONE',  ( 0.3465733942077633967, 46.67020589906354644, 23.33333333333333215 ) ) ;
#8522 = DIRECTION ( 'NONE',  ( -0.000000000000000000, -0.000000000000000000, -1.000000000000000000 ) ) ;
#8523 = ORIENTED_EDGE ( 'NONE', *, *, #2104, .F. ) ;
#8524 = CARTESIAN_POINT ( 'NONE',  ( -38.98311253590483005, 21.01390591497600369, 12.50000000000000000 ) ) ;
#8525 = VECTOR ( 'NONE', #3846, 1000.000000000000000 ) ;
#8526 = AXIS2_PLACEMENT_3D ( 'NONE', #6652, #5219, #5129 ) ;
#8527 = DIRECTION ( 'NONE',  ( -1.000000000000000000, 3.577867169202161477E-15, 0.000000000000000000 ) ) ;
#8528 = AXIS2_PLACEMENT_3D ( 'NONE', #6008, #1716, #5830 ) ;
#8529 = VECTOR ( 'NONE', #5823, 1000.000000000000000 ) ;
#8530 = DIRECTION ( 'NONE',  ( -0.000000000000000000, -0.000000000000000000, 1.000000000000000000 ) ) ;
#8531 = VERTEX_POINT ( 'NONE', #2015 ) ;
#8532 = DIRECTION ( 'NONE',  ( 1.095216215801690980E-16, 1.000000000000000000, -0.000000000000000000 ) ) ;
#8533 = EDGE_CURVE ( 'NONE', #1899, #1948, #4712, .T. ) ;
#8534 = CARTESIAN_POINT ( 'NONE',  ( 17.10000000000000497, -32.27417035836263892, 12.59999999999999964 ) ) ;
#8535 = DIRECTION ( 'NONE',  ( 3.513121874206107974E-15, -1.000000000000000000, 0.000000000000000000 ) ) ;
#8536 = EDGE_LOOP ( 'NONE', ( #2992, #6237, #1671, #7685 ) ) ;
#8537 = DIRECTION ( 'NONE',  ( 5.782411586641495428E-16, 1.000000000000000000, 0.000000000000000000 ) ) ;
#8538 = CARTESIAN_POINT ( 'NONE',  ( 21.83879702366976971, -19.58880009489606167, 4.000000000000000000 ) ) ;
#8539 = CYLINDRICAL_SURFACE ( 'NONE', #3646, 0.5999999999999998668 ) ;
#8540 = VECTOR ( 'NONE', #5511, 1000.000000000000114 ) ;
#8541 = FACE_OUTER_BOUND ( 'NONE', #2063, .T. ) ;
#8542 = VECTOR ( 'NONE', #2843, 1000.000000000000000 ) ;
#8543 = ORIENTED_EDGE ( 'NONE', *, *, #2085, .F. ) ;
#8544 = DIRECTION ( 'NONE',  ( -0.8660254037844434816, -0.4999999999999920064, 0.000000000000000000 ) ) ;
#8545 = CARTESIAN_POINT ( 'NONE',  ( 19.10674621610088053, -20.32085090246492598, 0.000000000000000000 ) ) ;
#8546 = CARTESIAN_POINT ( 'NONE',  ( -3.752738566853346391, -45.13535178903381961, 23.33333333333333215 ) ) ;
#8547 = EDGE_CURVE ( 'NONE', #1493, #5710, #8879, .T. ) ;
#8548 = EDGE_CURVE ( 'NONE', #950, #5249, #545, .T. ) ;
#8549 = DIRECTION ( 'NONE',  ( 0.8660254037844393737, -0.4999999999999987232, 0.000000000000000000 ) ) ;
#8550 = ORIENTED_EDGE ( 'NONE', *, *, #6090, .F. ) ;
#8551 = CARTESIAN_POINT ( 'NONE',  ( -43.88139720814437084, -25.33493649053849950, 11.00000000000000000 ) ) ;
#8552 = ORIENTED_EDGE ( 'NONE', *, *, #5575, .F. ) ;
#8553 = CARTESIAN_POINT ( 'NONE',  ( -44.80080077861994425, -17.45071007423399934, 9.907087503334540912 ) ) ;
#8554 = VERTEX_POINT ( 'NONE', #6768 ) ;
#8555 = CARTESIAN_POINT ( 'NONE',  ( 23.50000000000000355, -35.36184298656426250, 18.39999999999999503 ) ) ;
#8556 = DIRECTION ( 'NONE',  ( -0.8660254037844362651, 0.5000000000000041078, 0.000000000000000000 ) ) ;
#8557 = EDGE_CURVE ( 'NONE', #4118, #1021, #2741, .T. ) ;
#8558 = EDGE_CURVE ( 'NONE', #5335, #4732, #1353, .T. ) ;
#8559 = EDGE_CURVE ( 'NONE', #5586, #6240, #7990, .T. ) ;
#8560 = LINE ( 'NONE', #5780, #2483 ) ;
#8561 = EDGE_LOOP ( 'NONE', ( #1182, #8229, #1320, #6881, #5252, #2845, #2801, #691, #7333, #3823, #1304, #4095, #8198 ) ) ;
#8562 = CARTESIAN_POINT ( 'NONE',  ( -34.44772910787709463, 18.24084142499060590, 12.50000000000000000 ) ) ;
#8563 = ORIENTED_EDGE ( 'NONE', *, *, #6624, .T. ) ;
#8564 = CARTESIAN_POINT ( 'NONE',  ( -4.444951115759951888E-15, 46.78632794954081930, 23.33333333333333570 ) ) ;
#8565 = FACE_OUTER_BOUND ( 'NONE', #7145, .T. ) ;
#8566 = ORIENTED_EDGE ( 'NONE', *, *, #7409, .F. ) ;
#8567 = CARTESIAN_POINT ( 'NONE',  ( 18.76717127535196283, -40.20579533780458803, 12.00000000000000000 ) ) ;
#8568 = FACE_OUTER_BOUND ( 'NONE', #2363, .T. ) ;
#8569 = ADVANCED_FACE ( 'NONE', ( #2115 ), #3956, .F. ) ;
#8570 = CARTESIAN_POINT ( 'NONE',  ( -23.50000000000000355, -114.9999999999999289, 12.60000000000000675 ) ) ;
#8571 = EDGE_LOOP ( 'NONE', ( #6084, #8356, #4038, #1212, #1643, #6205, #5529 ) ) ;
#8572 = DIRECTION ( 'NONE',  ( -0.000000000000000000, -0.000000000000000000, 1.000000000000000000 ) ) ;
#8573 = DIRECTION ( 'NONE',  ( 0.000000000000000000, 0.000000000000000000, 1.000000000000000000 ) ) ;
#8574 = LINE ( 'NONE', #2482, #2319 ) ;
#8575 = ORIENTED_EDGE ( 'NONE', *, *, #8326, .F. ) ;
#8576 = CARTESIAN_POINT ( 'NONE',  ( -47.63139720814414346, 22.16060927159024985, 0.000000000000000000 ) ) ;
#8577 = FACE_OUTER_BOUND ( 'NONE', #1674, .T. ) ;
#8578 = ORIENTED_EDGE ( 'NONE', *, *, #4354, .T. ) ;
#8579 = ADVANCED_FACE ( 'NONE', ( #86 ), #7754, .F. ) ;
#8580 = FACE_OUTER_BOUND ( 'NONE', #7580, .T. ) ;
#8581 = DIRECTION ( 'NONE',  ( 0.000000000000000000, 0.000000000000000000, -1.000000000000000000 ) ) ;
#8582 = ORIENTED_EDGE ( 'NONE', *, *, #8155, .F. ) ;
#8583 = CARTESIAN_POINT ( 'NONE',  ( -3.088742300403227059, 45.49690948377648425, 23.33333333333334636 ) ) ;
#8584 = CARTESIAN_POINT ( 'NONE',  ( -41.78311253585378893, 21.01390591497600369, 0.000000000000000000 ) ) ;
#8585 = EDGE_CURVE ( 'NONE', #5844, #6680, #5213, .T. ) ;
#8586 = FACE_OUTER_BOUND ( 'NONE', #2176, .T. ) ;
#8587 = ADVANCED_FACE ( 'NONE', ( #809 ), #8295, .F. ) ;
#8588 = PLANE ( 'NONE',  #2440 ) ;
#8589 = VERTEX_POINT ( 'NONE', #7035 ) ;
#8590 = DIRECTION ( 'NONE',  ( 1.000000000000000000, 0.000000000000000000, 0.000000000000000000 ) ) ;
#8591 = CARTESIAN_POINT ( 'NONE',  ( -11.80224001808351453, 14.88326261767710967, 25.05096679924108116 ) ) ;
#8592 = VECTOR ( 'NONE', #430, 1000.000000000000000 ) ;
#8593 = VERTEX_POINT ( 'NONE', #8462 ) ;
#8594 = CARTESIAN_POINT ( 'NONE',  ( -44.59285446590674695, -18.02872964172197001, 10.63489959783071370 ) ) ;
#8595 = VERTEX_POINT ( 'NONE', #6236 ) ;
#8596 = CARTESIAN_POINT ( 'NONE',  ( 38.41711149485568200, -30.84038369950527425, 6.000000000698132219 ) ) ;
#8597 = CARTESIAN_POINT ( 'NONE',  ( 25.32800823056312467, -21.60329712445542683, 11.59999999999999964 ) ) ;
#8598 = VECTOR ( 'NONE', #6387, 1000.000000000000000 ) ;
#8599 = VECTOR ( 'NONE', #8270, 1000.000000000000114 ) ;
#8600 = DIRECTION ( 'NONE',  ( -1.000000000000000000, 0.000000000000000000, 0.000000000000000000 ) ) ;
#8601 = EDGE_LOOP ( 'NONE', ( #7043, #3388, #1695, #5706 ) ) ;
#8602 = CARTESIAN_POINT ( 'NONE',  ( 6.044999999999999041, 3.355649091929534125E-16, 16.00000000000000355 ) ) ;
#8603 = EDGE_CURVE ( 'NONE', #3049, #4320, #5648, .T. ) ;
#8604 = ORIENTED_EDGE ( 'NONE', *, *, #3337, .F. ) ;
#8605 = DIRECTION ( 'NONE',  ( -1.000000000000000000, 0.000000000000000000, 0.000000000000000000 ) ) ;
#8606 = VECTOR ( 'NONE', #6457, 1000.000000000000000 ) ;
#8607 = CARTESIAN_POINT ( 'NONE',  ( -6.045000000000008811, 17.88326261765006109, 16.00000000000000000 ) ) ;
#8608 = ORIENTED_EDGE ( 'NONE', *, *, #2337, .T. ) ;
#8609 = CARTESIAN_POINT ( 'NONE',  ( -4.534491344824957093E-15, 50.31013747335034481, 11.00000000000000000 ) ) ;
#8610 = ADVANCED_FACE ( 'NONE', ( #4848 ), #1491, .F. ) ;
#8611 = PLANE ( 'NONE',  #3638 ) ;
#8612 = AXIS2_PLACEMENT_3D ( 'NONE', #2053, #1387, #2729 ) ;
#8613 = FACE_OUTER_BOUND ( 'NONE', #8571, .T. ) ;
#8614 = ORIENTED_EDGE ( 'NONE', *, *, #4354, .F. ) ;
#8615 = VECTOR ( 'NONE', #8590, 1000.000000000000000 ) ;
#8616 = LINE ( 'NONE', #2477, #3023 ) ;
#8617 = DIRECTION ( 'NONE',  ( 0.000000000000000000, 0.000000000000000000, -1.000000000000000000 ) ) ;
#8618 = CARTESIAN_POINT ( 'NONE',  ( 16.50000000000000355, -32.27417035836263892, 12.00000000000000711 ) ) ;
#8619 = ORIENTED_EDGE ( 'NONE', *, *, #3966, .F. ) ;
#8620 = CARTESIAN_POINT ( 'NONE',  ( -37.63139720814417188, 21.37813115667183439, 34.99999999999999289 ) ) ;
#8621 = CARTESIAN_POINT ( 'NONE',  ( 16.51604782064404731, -41.36042106430220144, 12.43969280720385306 ) ) ;
#8622 = EDGE_LOOP ( 'NONE', ( #3939, #4066, #7748, #1194 ) ) ;
#8623 = CARTESIAN_POINT ( 'NONE',  ( 1.807663342512683791, -42.40933969880371279, 35.00000000000007105 ) ) ;
#8624 = DIRECTION ( 'NONE',  ( -0.8660254037844432595, -0.4999999999999918954, 0.000000000000000000 ) ) ;
#8625 = ORIENTED_EDGE ( 'NONE', *, *, #4876, .F. ) ;
#8626 = CIRCLE ( 'NONE', #2474, 2.000000000000000000 ) ;
#8627 = CARTESIAN_POINT ( 'NONE',  ( -6.409181953911738283, 39.92532533295307218, 4.106121083297595398 ) ) ;
#8628 = ORIENTED_EDGE ( 'NONE', *, *, #8177, .F. ) ;
#8629 = CARTESIAN_POINT ( 'NONE',  ( -40.24429721133554239, 23.63524431319143559, 23.33333333333333570 ) ) ;
#8630 = CYLINDRICAL_SURFACE ( 'NONE', #7541, 2.000000000000000000 ) ;
#8631 = CARTESIAN_POINT ( 'NONE',  ( 8.580561569927754206, -12.11673738234993714, 30.99999999999999645 ) ) ;
#8632 = AXIS2_PLACEMENT_3D ( 'NONE', #6108, #8846, #8163 ) ;
#8633 = ORIENTED_EDGE ( 'NONE', *, *, #604, .F. ) ;
#8634 = VECTOR ( 'NONE', #5036, 1000.000000000000000 ) ;
#8635 = CARTESIAN_POINT ( 'NONE',  ( -15.52378647908693132, 36.64992874329254136, 12.50000000000000000 ) ) ;
#8636 = ORIENTED_EDGE ( 'NONE', *, *, #8470, .F. ) ;
#8637 = FACE_OUTER_BOUND ( 'NONE', #422, .T. ) ;
#8638 = EDGE_CURVE ( 'NONE', #7563, #5483, #7579, .T. ) ;
#8639 = CARTESIAN_POINT ( 'NONE',  ( 14.71171412856897476, -8.091954300746134976, 27.31370849898443609 ) ) ;
#8640 = VECTOR ( 'NONE', #3414, 1000.000000000000000 ) ;
#8641 = VERTEX_POINT ( 'NONE', #760 ) ;
#8642 = CARTESIAN_POINT ( 'NONE',  ( -40.96285796081674135, -27.67617688186262015, 10.99999999999998579 ) ) ;
#8643 = VECTOR ( 'NONE', #3323, 1000.000000000000114 ) ;
#8644 = ORIENTED_EDGE ( 'NONE', *, *, #6509, .T. ) ;
#8645 = CARTESIAN_POINT ( 'NONE',  ( -24.40952427225795418, 25.85859933425698642, 85.99999999999994316 ) ) ;
#8646 = CARTESIAN_POINT ( 'NONE',  ( 40.86070251696163069, -21.19898910433418493, 23.33333333333335347 ) ) ;
#8647 = EDGE_CURVE ( 'NONE', #3891, #5899, #6904, .T. ) ;
#8648 = AXIS2_PLACEMENT_3D ( 'NONE', #1142, #2539, #8624 ) ;
#8649 = DIRECTION ( 'NONE',  ( -0.000000000000000000, 0.000000000000000000, 1.000000000000000000 ) ) ;
#8650 = ORIENTED_EDGE ( 'NONE', *, *, #6892, .T. ) ;
#8651 = LINE ( 'NONE', #5251, #4751 ) ;
#8652 = VERTEX_POINT ( 'NONE', #8336 ) ;
#8653 = FACE_OUTER_BOUND ( 'NONE', #2381, .T. ) ;
#8654 = DIRECTION ( 'NONE',  ( -0.000000000000000000, 1.000000000000000000, -0.000000000000000000 ) ) ;
#8655 = ORIENTED_EDGE ( 'NONE', *, *, #4623, .F. ) ;
#8656 = DIRECTION ( 'NONE',  ( -1.000000000000000000, 0.000000000000000000, 0.000000000000000000 ) ) ;
#8657 = DIRECTION ( 'NONE',  ( -1.000000000000000000, 0.000000000000000000, 0.000000000000000000 ) ) ;
#8658 = EDGE_CURVE ( 'NONE', #1929, #2083, #3629, .T. ) ;
#8659 = CARTESIAN_POINT ( 'NONE',  ( -15.00224001810105179, 14.88326261767710967, 4.000000000000000000 ) ) ;
#8660 = ORIENTED_EDGE ( 'NONE', *, *, #210, .F. ) ;
#8661 = DIRECTION ( 'NONE',  ( -0.000000000000000000, 1.000000000000000000, 0.000000000000000000 ) ) ;
#8662 = PRODUCT_DEFINITION_CONTEXT ( 'detailed design', #7979, 'design' ) ;
#8663 = LINE ( 'NONE', #1185, #1946 ) ;
#8664 = AXIS2_PLACEMENT_3D ( 'NONE', #4930, #4884, #7030 ) ;
#8665 = AXIS2_PLACEMENT_3D ( 'NONE', #4959, #8362, #5751 ) ;
#8666 = LINE ( 'NONE', #8618, #2678 ) ;
#8667 = EDGE_LOOP ( 'NONE', ( #5884, #8023, #5856, #1662, #5358, #7346, #5968, #4641 ) ) ;
#8668 = CARTESIAN_POINT ( 'NONE',  ( -37.63139720814417899, 20.68228772876546273, 34.99999999999999289 ) ) ;
#8669 = DIRECTION ( 'NONE',  ( 0.000000000000000000, 0.000000000000000000, -1.000000000000000000 ) ) ;
#8670 = ORIENTED_EDGE ( 'NONE', *, *, #256, .F. ) ;
#8671 = CARTESIAN_POINT ( 'NONE',  ( 30.95234766677798177, -33.28065194793734349, 11.66666666666665364 ) ) ;
#8672 = EDGE_CURVE ( 'NONE', #2470, #2550, #4936, .T. ) ;
#8673 = LINE ( 'NONE', #8047, #4921 ) ;
#8674 = ORIENTED_EDGE ( 'NONE', *, *, #1853, .F. ) ;
#8675 = VECTOR ( 'NONE', #5661, 1000.000000000000000 ) ;
#8676 = DIRECTION ( 'NONE',  ( 1.000000000000000000, 0.000000000000000000, 0.000000000000000000 ) ) ;
#8677 = EDGE_LOOP ( 'NONE', ( #3510, #2116, #2676, #3655 ) ) ;
#8678 = CARTESIAN_POINT ( 'NONE',  ( -1.039581154865901080, 46.41918380948393263, 23.33333333333334281 ) ) ;
#8679 = PLANE ( 'NONE',  #3025 ) ;
#8680 = CARTESIAN_POINT ( 'NONE',  ( 9.640366921179685633, -8.091954300746134976, 16.00000000000000355 ) ) ;
#8681 = AXIS2_PLACEMENT_3D ( 'NONE', #6796, #4699, #3985 ) ;
#8682 = EDGE_LOOP ( 'NONE', ( #435, #8314, #6180, #5304 ) ) ;
#8683 = VECTOR ( 'NONE', #6543, 1000.000000000000000 ) ;
#8684 = FACE_OUTER_BOUND ( 'NONE', #6998, .T. ) ;
#8685 = ORIENTED_EDGE ( 'NONE', *, *, #8338, .F. ) ;
#8686 = AXIS2_PLACEMENT_3D ( 'NONE', #6717, #3307, #4793 ) ;
#8687 = VECTOR ( 'NONE', #6017, 1000.000000000000000 ) ;
#8688 = CARTESIAN_POINT ( 'NONE',  ( 13.84479552391148260, -30.14590778888478440, 30.99999999999999645 ) ) ;
#8689 = DIRECTION ( 'NONE',  ( 0.000000000000000000, 0.000000000000000000, -1.000000000000000000 ) ) ;
#8690 = ORIENTED_EDGE ( 'NONE', *, *, #5084, .F. ) ;
#8691 = CARTESIAN_POINT ( 'NONE',  ( -34.44772910787709463, 18.24084142499060590, 30.50000000000000355 ) ) ;
#8692 = ORIENTED_EDGE ( 'NONE', *, *, #1134, .T. ) ;
#8693 = DIRECTION ( 'NONE',  ( 0.8711039620522813554, 0.000000000000000000, 0.4910986533241744612 ) ) ;
#8694 = DIRECTION ( 'NONE',  ( -0.000000000000000000, 0.000000000000000000, -1.000000000000000000 ) ) ;
#8695 = EDGE_CURVE ( 'NONE', #802, #1029, #2832, .T. ) ;
#8696 = CARTESIAN_POINT ( 'NONE',  ( 0.000000000000000000, 0.000000000000000000, 16.00000000000000355 ) ) ;
#8697 = EDGE_CURVE ( 'NONE', #1899, #8135, #1534, .T. ) ;
#8698 = ORIENTED_EDGE ( 'NONE', *, *, #4242, .F. ) ;
#8699 = LINE ( 'NONE', #311, #2754 ) ;
#8700 = ORIENTED_EDGE ( 'NONE', *, *, #8638, .F. ) ;
#8701 = CARTESIAN_POINT ( 'NONE',  ( 5.429344605346013862E-16, 53.45299461620749071, 0.000000000000000000 ) ) ;
#8702 = PLANE ( 'NONE',  #2234 ) ;
#8703 = ORIENTED_EDGE ( 'NONE', *, *, #8378, .F. ) ;
#8704 = FACE_OUTER_BOUND ( 'NONE', #8754, .T. ) ;
#8705 = EDGE_CURVE ( 'NONE', #3256, #7560, #2038, .T. ) ;
#8706 = DIRECTION ( 'NONE',  ( 0.5000000000000043299, 0.8660254037844361541, 0.000000000000000000 ) ) ;
#8707 = EDGE_CURVE ( 'NONE', #4856, #2620, #2281, .T. ) ;
#8708 = DIRECTION ( 'NONE',  ( 0.4999999999999901190, -0.8660254037844443697, 0.000000000000000000 ) ) ;
#8709 = ORIENTED_EDGE ( 'NONE', *, *, #1087, .T. ) ;
#8710 = FACE_OUTER_BOUND ( 'NONE', #7046, .T. ) ;
#8711 = EDGE_CURVE ( 'NONE', #558, #7821, #7470, .T. ) ;
#8712 = LINE ( 'NONE', #323, #2233 ) ;
#8713 = DIRECTION ( 'NONE',  ( 0.000000000000000000, 0.000000000000000000, 1.000000000000000000 ) ) ;
#8714 = ORIENTED_EDGE ( 'NONE', *, *, #8227, .F. ) ;
#8715 = LINE ( 'NONE', #1812, #478 ) ;
#8716 = ORIENTED_EDGE ( 'NONE', *, *, #6427, .T. ) ;
#8717 = CARTESIAN_POINT ( 'NONE',  ( 13.34571620803305336, -43.44584536016631660, 11.66666666666666252 ) ) ;
#8718 = FACE_OUTER_BOUND ( 'NONE', #1257, .T. ) ;
#8719 = VERTEX_POINT ( 'NONE', #7971 ) ;
#8720 = ADVANCED_FACE ( 'NONE', ( #2453 ), #5857, .F. ) ;
#8721 = CARTESIAN_POINT ( 'NONE',  ( -37.78311253585379603, 21.01390591497600369, 12.50000000000000000 ) ) ;
#8722 = EDGE_LOOP ( 'NONE', ( #394, #2369, #3856, #8614, #5352, #1704, #300, #6917, #6976, #1375 ) ) ;
#8723 = EDGE_CURVE ( 'NONE', #7449, #1265, #8192, .T. ) ;
#8724 = CARTESIAN_POINT ( 'NONE',  ( -18.81569860407207528, 32.58974596215556829, 35.00000000000000000 ) ) ;
#8725 = CARTESIAN_POINT ( 'NONE',  ( 38.16565829136300891, 28.93535121240287111, 50.07496987852774595 ) ) ;
#8726 = EDGE_CURVE ( 'NONE', #7800, #8118, #5191, .T. ) ;
#8727 = CARTESIAN_POINT ( 'NONE',  ( 11.09294674498501365, -31.10007460160269588, 45.78333789394355335 ) ) ;
#8728 = EDGE_LOOP ( 'NONE', ( #5296, #3292, #5075, #7981 ) ) ;
#8729 = DIRECTION ( 'NONE',  ( 0.000000000000000000, 0.000000000000000000, -1.000000000000000000 ) ) ;
#8730 = DIRECTION ( 'NONE',  ( 0.000000000000000000, 1.000000000000000000, 0.000000000000000000 ) ) ;
#8731 = FACE_OUTER_BOUND ( 'NONE', #2985, .T. ) ;
#8732 = CARTESIAN_POINT ( 'NONE',  ( 3.022500000000027054, -5.235123565876921958, 10.09999999999999964 ) ) ;
#8733 = ORIENTED_EDGE ( 'NONE', *, *, #5575, .T. ) ;
#8734 = DIRECTION ( 'NONE',  ( -0.000000000000000000, -0.000000000000000000, -1.000000000000000000 ) ) ;
#8735 = CARTESIAN_POINT ( 'NONE',  ( 1.411101718577566499, -1.485585499392233277, 10.09999999999999964 ) ) ;
#8736 = ADVANCED_FACE ( 'NONE', ( #4479, #3214, #4401, #1113 ), #1783, .F. ) ;
#8737 = CARTESIAN_POINT ( 'NONE',  ( 15.49999999999999645, -12.11673738234993714, 16.00000000000000000 ) ) ;
#8738 = ORIENTED_EDGE ( 'NONE', *, *, #1420, .T. ) ;
#8739 = CARTESIAN_POINT ( 'NONE',  ( -6.335959101253376247, 47.77181479086906535, 10.82134362308877762 ) ) ;
#8740 = ORIENTED_EDGE ( 'NONE', *, *, #6186, .F. ) ;
#8741 = CARTESIAN_POINT ( 'NONE',  ( 35.82373386563160977, 22.77015222550794249, 35.00000000000007105 ) ) ;
#8742 = CARTESIAN_POINT ( 'NONE',  ( 37.87114317029968902, -15.74500185048160006, 4.999999999999996447 ) ) ;
#8743 = EDGE_CURVE ( 'NONE', #3490, #4439, #3717, .T. ) ;
#8744 = ORIENTED_EDGE ( 'NONE', *, *, #4000, .T. ) ;
#8745 = CARTESIAN_POINT ( 'NONE',  ( 10.56760724610477453, 37.94555364585769297, 2.299999999999999822 ) ) ;
#8746 = AXIS2_PLACEMENT_3D ( 'NONE', #4302, #1614, #5019 ) ;
#8747 = AXIS2_PLACEMENT_3D ( 'NONE', #729, #3472, #4863 ) ;
#8748 = CARTESIAN_POINT ( 'NONE',  ( 0.000000000000000000, 0.000000000000000000, 10.09999999999999964 ) ) ;
#8749 = DIRECTION ( 'NONE',  ( -0.000000000000000000, -0.000000000000000000, 1.000000000000000000 ) ) ;
#8750 = ORIENTED_EDGE ( 'NONE', *, *, #6352, .T. ) ;
#8751 = EDGE_CURVE ( 'NONE', #144, #3746, #4520, .T. ) ;
#8752 = DIRECTION ( 'NONE',  ( -0.5000000000000039968, -0.8660254037844363761, 0.000000000000000000 ) ) ;
#8753 = VECTOR ( 'NONE', #5625, 1000.000000000000000 ) ;
#8754 = EDGE_LOOP ( 'NONE', ( #5237, #6627, #6162, #4061 ) ) ;
#8755 = EDGE_CURVE ( 'NONE', #5548, #560, #6581, .T. ) ;
#8756 = CARTESIAN_POINT ( 'NONE',  ( -12.80224001811209789, -9.116737382349995755, 27.31370849898443609 ) ) ;
#8757 = CARTESIAN_POINT ( 'NONE',  ( 13.78348506850107746, 28.93535121240287111, 50.07496987852774595 ) ) ;
#8758 = ADVANCED_FACE ( 'NONE', ( #8637 ), #7201, .F. ) ;
#8759 = CIRCLE ( 'NONE', #3747, 2.000000000000000000 ) ;
#8760 = VERTEX_POINT ( 'NONE', #391 ) ;
#8761 = CARTESIAN_POINT ( 'NONE',  ( -37.63139720814417899, 18.59476435679540174, 35.00000000000001421 ) ) ;
#8762 = ORIENTED_EDGE ( 'NONE', *, *, #3269, .T. ) ;
#8763 = CARTESIAN_POINT ( 'NONE',  ( 2.712160293702035041, -41.88712814055336509, 34.99999999999997868 ) ) ;
#8764 = VECTOR ( 'NONE', #8422, 1000.000000000000114 ) ;
#8765 = CARTESIAN_POINT ( 'NONE',  ( -37.07114317029994055, -17.13064249653613302, 4.999999999999998224 ) ) ;
#8766 = ORIENTED_EDGE ( 'NONE', *, *, #4256, .T. ) ;
#8767 = VECTOR ( 'NONE', #2820, 1000.000000000000000 ) ;
#8768 = DIRECTION ( 'NONE',  ( -0.000000000000000000, -0.000000000000000000, 1.000000000000000000 ) ) ;
#8769 = ORIENTED_EDGE ( 'NONE', *, *, #4843, .T. ) ;
#8770 = CARTESIAN_POINT ( 'NONE',  ( -20.48236527073872892, 35.47649730810371693, 23.33333333333333570 ) ) ;
#8771 = CYLINDRICAL_SURFACE ( 'NONE', #8681, 1.999999999999999778 ) ;
#8772 = CARTESIAN_POINT ( 'NONE',  ( -30.95234766677781479, -33.28065194793745007, 11.66666666666667140 ) ) ;
#8773 = ORIENTED_EDGE ( 'NONE', *, *, #2527, .T. ) ;
#8774 = LINE ( 'NONE', #6667, #2747 ) ;
#8775 = CARTESIAN_POINT ( 'NONE',  ( 17.14963164645766369, -29.00000000000000000, 45.78333789394355335 ) ) ;
#8776 = DIRECTION ( 'NONE',  ( -1.000000000000000000, 0.000000000000000000, 0.000000000000000000 ) ) ;
#8777 = VERTEX_POINT ( 'NONE', #2326 ) ;
#8778 = DIRECTION ( 'NONE',  ( 0.000000000000000000, 1.000000000000000000, 0.000000000000000000 ) ) ;
#8779 = AXIS2_PLACEMENT_3D ( 'NONE', #3916, #3237, #409 ) ;
#8780 = ORIENTED_EDGE ( 'NONE', *, *, #5052, .T. ) ;
#8781 = LINE ( 'NONE', #2645, #8456 ) ;
#8782 = CARTESIAN_POINT ( 'NONE',  ( 23.50000000000000711, -35.99967756966900367, 16.46666666666667211 ) ) ;
#8783 = VECTOR ( 'NONE', #7290, 1000.000000000000000 ) ;
#8784 = FACE_OUTER_BOUND ( 'NONE', #2720, .T. ) ;
#8785 = VERTEX_POINT ( 'NONE', #3851 ) ;
#8786 = VECTOR ( 'NONE', #6454, 1000.000000000000000 ) ;
#8787 = CARTESIAN_POINT ( 'NONE',  ( 0.000000000000000000, 0.000000000000000000, 11.00000000000000000 ) ) ;
#8788 = VERTEX_POINT ( 'NONE', #3893 ) ;
#8789 = VECTOR ( 'NONE', #5446, 1000.000000000000000 ) ;
#8790 = CARTESIAN_POINT ( 'NONE',  ( -1.561251128379127016E-14, 43.45299461620749071, 35.00000000000000000 ) ) ;
#8791 = EDGE_LOOP ( 'NONE', ( #5386, #3172, #5048, #5495 ) ) ;
#8792 = LINE ( 'NONE', #42, #6364 ) ;
#8793 = AXIS2_PLACEMENT_3D ( 'NONE', #5858, #3168, #4663 ) ;
#8794 = DIRECTION ( 'NONE',  ( -0.000000000000000000, -0.000000000000000000, -1.000000000000000000 ) ) ;
#8795 = DIRECTION ( 'NONE',  ( 0.000000000000000000, -0.000000000000000000, -1.000000000000000000 ) ) ;
#8796 = ORIENTED_EDGE ( 'NONE', *, *, #5503, .F. ) ;
#8797 = FACE_OUTER_BOUND ( 'NONE', #3013, .T. ) ;
#8798 = ORIENTED_EDGE ( 'NONE', *, *, #8302, .T. ) ;
#8799 = DIRECTION ( 'NONE',  ( 1.000000000000000000, 0.000000000000000000, 0.000000000000000000 ) ) ;
#8800 = LINE ( 'NONE', #5578, #5099 ) ;
#8801 = VERTEX_POINT ( 'NONE', #6444 ) ;
#8802 = CARTESIAN_POINT ( 'NONE',  ( -20.58784914383630493, -11.88640024522942618, 11.59999999999999964 ) ) ;
#8803 = EDGE_LOOP ( 'NONE', ( #906, #6372 ) ) ;
#8804 = DIRECTION ( 'NONE',  ( -0.8366270038262777486, 0.5477729972065670250, 0.000000000000000000 ) ) ;
#8805 = CARTESIAN_POINT ( 'NONE',  ( 44.21537180435959868, -22.75647552145646912, 5.000000000000000000 ) ) ;
#8806 = ADVANCED_FACE ( 'NONE', ( #1064 ), #5953, .F. ) ;
#8807 = VERTEX_POINT ( 'NONE', #5063 ) ;
#8808 = VECTOR ( 'NONE', #790, 1000.000000000000000 ) ;
#8809 = LINE ( 'NONE', #6076, #3822 ) ;
#8810 = ORIENTED_EDGE ( 'NONE', *, *, #7437, .F. ) ;
#8811 = CYLINDRICAL_SURFACE ( 'NONE', #5917, 2.999999999999999112 ) ;
#8812 = CYLINDRICAL_SURFACE ( 'NONE', #6534, 2.400000000000000355 ) ;
#8813 = DIRECTION ( 'NONE',  ( 0.000000000000000000, 0.000000000000000000, -1.000000000000000000 ) ) ;
#8814 = CIRCLE ( 'NONE', #1945, 0.5999999999999998668 ) ;
#8815 = VECTOR ( 'NONE', #4329, 1000.000000000000000 ) ;
#8816 = AXIS2_PLACEMENT_3D ( 'NONE', #4537, #8654, #4629 ) ;
#8817 = ORIENTED_EDGE ( 'NONE', *, *, #7666, .F. ) ;
#8818 = VECTOR ( 'NONE', #4136, 1000.000000000000000 ) ;
#8819 = SHAPE_DEFINITION_REPRESENTATION ( #5758, #7447 ) ;
#8820 = DIRECTION ( 'NONE',  ( 1.196361017915039486E-16, -1.000000000000000000, 0.000000000000000000 ) ) ;
#8821 = VECTOR ( 'NONE', #5343, 1000.000000000000000 ) ;
#8822 = CARTESIAN_POINT ( 'NONE',  ( -37.45298551693169031, 15.58570268470066189, 12.50000000000000000 ) ) ;
#8823 = VECTOR ( 'NONE', #4589, 999.9999999999998863 ) ;
#8824 = AXIS2_PLACEMENT_3D ( 'NONE', #7020, #872, #3615 ) ;
#8825 = LINE ( 'NONE', #5424, #3099 ) ;
#8826 = ORIENTED_EDGE ( 'NONE', *, *, #3117, .F. ) ;
#8827 = LINE ( 'NONE', #31, #5733 ) ;
#8828 = CARTESIAN_POINT ( 'NONE',  ( -28.49999999999999645, -3.141400665743015352, 16.00000000000000355 ) ) ;
#8829 = EDGE_CURVE ( 'NONE', #5369, #8294, #1657, .T. ) ;
#8830 = AXIS2_PLACEMENT_3D ( 'NONE', #7524, #4124, #8026 ) ;
#8831 = AXIS2_PLACEMENT_3D ( 'NONE', #3748, #1605, #2312 ) ;
#8832 = FACE_OUTER_BOUND ( 'NONE', #5062, .T. ) ;
#8833 = VERTEX_POINT ( 'NONE', #3167 ) ;
#8834 = CARTESIAN_POINT ( 'NONE',  ( -7.285833063161906153, 47.52383333347362537, 9.910718035950628391 ) ) ;
#8835 = AXIS2_PLACEMENT_3D ( 'NONE', #8112, #2595, #3993 ) ;
#8836 = EDGE_LOOP ( 'NONE', ( #8733, #2178, #8578, #65 ) ) ;
#8837 = AXIS2_PLACEMENT_3D ( 'NONE', #166, #3620, #2364 ) ;
#8838 = CARTESIAN_POINT ( 'NONE',  ( -8.602240018065977267, 17.88326261765006109, 16.00000000000000355 ) ) ;
#8839 = ORIENTED_EDGE ( 'NONE', *, *, #4865, .T. ) ;
#8840 = DIRECTION ( 'NONE',  ( -0.000000000000000000, 1.000000000000000000, -0.000000000000000000 ) ) ;
#8841 = EDGE_CURVE ( 'NONE', #2295, #5870, #2642, .T. ) ;
#8842 = EDGE_CURVE ( 'NONE', #6412, #7217, #2504, .T. ) ;
#8843 = CARTESIAN_POINT ( 'NONE',  ( -41.63139720814444189, -29.23205080756848773, 4.999999999999996447 ) ) ;
#8844 = CARTESIAN_POINT ( 'NONE',  ( -5.188802910571269855, 48.37518440790356067, 11.00000000000000000 ) ) ;
#8845 = ADVANCED_FACE ( 'NONE', ( #1209 ), #571, .F. ) ;
#8846 = DIRECTION ( 'NONE',  ( 1.000000000000000000, 0.000000000000000000, -0.000000000000000000 ) ) ;
#8847 = VERTEX_POINT ( 'NONE', #2052 ) ;
#8848 = CARTESIAN_POINT ( 'NONE',  ( 8.799647958782101043, 17.88326261765006109, 4.000000000000000000 ) ) ;
#8849 = ORIENTED_EDGE ( 'NONE', *, *, #1270, .F. ) ;
#8850 = CARTESIAN_POINT ( 'NONE',  ( -6.045000000000006146, 0.000000000000000000, 18.09999999999999787 ) ) ;
#8851 = LINE ( 'NONE', #5403, #3494 ) ;
#8852 = ORIENTED_EDGE ( 'NONE', *, *, #7648, .T. ) ;
#8853 = LINE ( 'NONE', #2805, #8789 ) ;
#8854 = EDGE_CURVE ( 'NONE', #6729, #3578, #8360, .T. ) ;
#8855 = ORIENTED_EDGE ( 'NONE', *, *, #4733, .T. ) ;
#8856 = CARTESIAN_POINT ( 'NONE',  ( -11.80224001808351453, 14.88326261767710967, 16.00000000000000355 ) ) ;
#8857 = CARTESIAN_POINT ( 'NONE',  ( -28.50000000000000000, 18.24084142499060590, 16.00000000000000355 ) ) ;
#8858 = VERTEX_POINT ( 'NONE', #8688 ) ;
#8859 = VERTEX_POINT ( 'NONE', #5286 ) ;
#8860 = DIRECTION ( 'NONE',  ( -1.000000000000000000, 0.000000000000000000, 0.000000000000000000 ) ) ;
#8861 = EDGE_LOOP ( 'NONE', ( #7300, #2282, #1941, #3933, #8625, #4241, #5068, #6640, #8431, #4345, #1351, #8460 ) ) ;
#8862 = CYLINDRICAL_SURFACE ( 'NONE', #773, 2.499999999999998668 ) ;
#8863 = B_SPLINE_CURVE_WITH_KNOTS ( 'NONE', 3,
 ( #8374, #2231, #3621, #2318, #4209, #7707, #1569, #4298, #76, #8455 ),
 .UNSPECIFIED., .F., .F.,
 ( 4, 2, 2, 2, 4 ),
 ( 3.469446951953614189E-18, 0.0002455346332512472812, 0.0004910692665024910929, 0.0007366038997537349047, 0.0009821385330049787164 ),
 .UNSPECIFIED. ) ;
#8864 = EDGE_CURVE ( 'NONE', #6376, #3719, #6800, .T. ) ;
#8865 = CARTESIAN_POINT ( 'NONE',  ( -23.25369948447962187, -35.34193115957785380, 18.89138042018176122 ) ) ;
#8866 = CARTESIAN_POINT ( 'NONE',  ( 38.16565829136300891, -2.742840745465485064, 10.09999999999999787 ) ) ;
#8867 = ORIENTED_EDGE ( 'NONE', *, *, #5966, .F. ) ;
#8868 = DIRECTION ( 'NONE',  ( 0.5000000000000000000, 0.8660254037844385966, 0.000000000000000000 ) ) ;
#8869 = DIRECTION ( 'NONE',  ( 0.000000000000000000, 0.000000000000000000, -1.000000000000000000 ) ) ;
#8870 = ADVANCED_FACE ( 'NONE', ( #2004 ), #3942, .F. ) ;
#8871 = VERTEX_POINT ( 'NONE', #7386 ) ;
#8872 = DIRECTION ( 'NONE',  ( 0.4999999999999882871, -0.8660254037844453689, 0.000000000000000000 ) ) ;
#8873 = ADVANCED_FACE ( 'NONE', ( #6846 ), #1295, .F. ) ;
#8874 = ORIENTED_EDGE ( 'NONE', *, *, #4505, .F. ) ;
#8875 = FACE_OUTER_BOUND ( 'NONE', #7014, .T. ) ;
#8876 = DIRECTION ( 'NONE',  ( -0.000000000000000000, -0.000000000000000000, -1.000000000000000000 ) ) ;
#8877 = CARTESIAN_POINT ( 'NONE',  ( -37.87114317029992350, -15.74500185048102807, 4.999999999999998224 ) ) ;
#8878 = ORIENTED_EDGE ( 'NONE', *, *, #4978, .F. ) ;
#8879 = LINE ( 'NONE', #4039, #5182 ) ;
#8880 = ORIENTED_EDGE ( 'NONE', *, *, #1255, .F. ) ;
#8881 = CARTESIAN_POINT ( 'NONE',  ( 6.975944669267706288, 47.55572082328717443, 10.35636890842043201 ) ) ;
#8882 = EDGE_LOOP ( 'NONE', ( #5471, #2006, #2792, #7700 ) ) ;
#8883 = CARTESIAN_POINT ( 'NONE',  ( 38.98854006648888060, -28.86089706239586405, 11.00000000000000000 ) ) ;
#8884 = FACE_OUTER_BOUND ( 'NONE', #7752, .T. ) ;
#8885 = CARTESIAN_POINT ( 'NONE',  ( -15.14266087181633047, -9.116737382349995755, 27.31370849898443609 ) ) ;
ENDSEC;
END-ISO-10303-21;
